menu_no,board,bno,filename,ext,size_bytes,sha256,status,url
41,가정통신문,1,2011외국어장학금지급신청안내001.gif,gif,,,listed,http://dkischool.org/upload/board/2011외국어장학금지급신청안내001.gif
41,가정통신문,1,2011외국어장학금지급신청안내002.gif,gif,,,listed,http://dkischool.org/upload/board/2011외국어장학금지급신청안내002.gif
41,가정통신문,2,계절활동004.jpg,jpg,,,listed,http://dkischool.org/upload/board/계절활동004.jpg
41,가정통신문,6,영어교재1.rar,rar,,,listed,http://dkischool.org/upload/board/영어교재1.rar
41,가정통신문,7,2012학년도_영어교재목록_가정통신최종1.hwp,hwp,,,listed,http://dkischool.org/upload/board/2012학년도_영어교재목록_가정통신최종1.hwp
41,가정통신문,8,사본_-2012년_자기주도적_학습_운영_및_1기_신청안내001(1).jpg,jpg,,,listed,http://dkischool.org/upload/board/사본_-2012년_자기주도적_학습_운영_및_1기_신청안내001(1).jpg
41,가정통신문,8,사본_-2012년_자기주도적_학습_운영_및_1기_신청안내002.jpg,jpg,,,listed,http://dkischool.org/upload/board/사본_-2012년_자기주도적_학습_운영_및_1기_신청안내002.jpg
41,가정통신문,9,한글학교-안내장-1학기(2012)1.jpg,jpg,,,listed,http://dkischool.org/upload/board/한글학교-안내장-1학기(2012)1.jpg
41,가정통신문,10,gva00000fa00001.gif,gif,,,listed,http://dkischool.org/upload/board/gva00000fa00001.gif
41,가정통신문,10,gva00000fa00002.gif,gif,,,listed,http://dkischool.org/upload/board/gva00000fa00002.gif
41,가정통신문,10,gva00000fa00003.gif,gif,,,listed,http://dkischool.org/upload/board/gva00000fa00003.gif
41,가정통신문,10,gva00000fa00004.gif,gif,,,listed,http://dkischool.org/upload/board/gva00000fa00004.gif
41,가정통신문,11,방과후-교육활동-지원-1.jpg,jpg,,,listed,http://dkischool.org/upload/board/방과후-교육활동-지원-1.jpg
41,가정통신문,11,방과후-교육활동-지원-2.jpg,jpg,,,listed,http://dkischool.org/upload/board/방과후-교육활동-지원-2.jpg
41,가정통신문,12,2012년도_HSK_시험_안내001.jpg,jpg,,,listed,http://dkischool.org/upload/board/2012년도_HSK_시험_안내001.jpg
41,가정통신문,12,2012년도_HSK_시험_안내002.jpg,jpg,,,listed,http://dkischool.org/upload/board/2012년도_HSK_시험_안내002.jpg
41,가정통신문,13,보충심화학습_수강료_및_석식비_납부_안내001.gif,gif,,,listed,http://dkischool.org/upload/board/보충심화학습_수강료_및_석식비_납부_안내001.gif
41,가정통신문,13,보충심화학습_수강료_및_석식비_납부_안내002.gif,gif,,,listed,http://dkischool.org/upload/board/보충심화학습_수강료_및_석식비_납부_안내002.gif
41,가정통신문,13,보충심화학습_수강료_및_석식비_납부_안내003.gif,gif,,,listed,http://dkischool.org/upload/board/보충심화학습_수강료_및_석식비_납부_안내003.gif
41,가정통신문,14,학부모회_12-1_학부모_총회_및_담임과의_대화_안내.hwp,hwp,,,listed,http://dkischool.org/upload/board/학부모회_12-1_학부모_총회_및_담임과의_대화_안내.hwp
41,가정통신문,15,사본_-2012년_교육지원봉사단_가정통신문2-1.gif,gif,,,listed,http://dkischool.org/upload/board/사본_-2012년_교육지원봉사단_가정통신문2-1.gif
41,가정통신문,17,학교폭력예방-1.jpg,jpg,,,listed,http://dkischool.org/upload/board/학교폭력예방-1.jpg
41,가정통신문,17,학교폭력예방-2.jpg,jpg,,,listed,http://dkischool.org/upload/board/학교폭력예방-2.jpg
41,가정통신문,18,제150회_TEPS공지1.hwp,hwp,,,listed,http://dkischool.org/upload/board/제150회_TEPS공지1.hwp
41,가정통신문,19,교과별-평가계획-01.jpg,jpg,,,listed,http://dkischool.org/upload/board/교과별-평가계획-01.jpg
41,가정통신문,19,교과별-평가계획-02.jpg,jpg,,,listed,http://dkischool.org/upload/board/교과별-평가계획-02.jpg
41,가정통신문,19,가정통신12-07_교과별_평가계획_안내.hwp,hwp,,,listed,http://dkischool.org/upload/board/가정통신12-07_교과별_평가계획_안내.hwp
41,가정통신문,20,가정통신문12-10테마학습선호도_조사001.gif,gif,,,listed,http://dkischool.org/upload/board/가정통신문12-10테마학습선호도_조사001.gif
41,가정통신문,21,gva000007fc0001.gif,gif,,,listed,http://dkischool.org/upload/board/gva000007fc0001.gif
41,가정통신문,23,sh01.gif,gif,,,listed,http://dkischool.org/upload/board/sh01.gif
41,가정통신문,24,"경희대,한양대_입시설명회_안내001.gif",gif,,,listed,"http://dkischool.org/upload/board/경희대,한양대_입시설명회_안내001.gif"
41,가정통신문,26,gva00000b9c0001.gif,gif,,,listed,http://dkischool.org/upload/board/gva00000b9c0001.gif
41,가정통신문,27,상담주간.jpg,jpg,,,listed,http://dkischool.org/upload/board/상담주간.jpg
41,가정통신문,28,오픈스쿨데이.jpg,jpg,,,listed,http://dkischool.org/upload/board/오픈스쿨데이.jpg
41,가정통신문,29,중등테마학습신청.jpg,jpg,,,listed,http://dkischool.org/upload/board/중등테마학습신청.jpg
41,가정통신문,30,gva000002fc0001.gif,gif,,,listed,http://dkischool.org/upload/board/gva000002fc0001.gif
41,가정통신문,30,gva000002fc0002.gif,gif,,,listed,http://dkischool.org/upload/board/gva000002fc0002.gif
41,가정통신문,30,2012년_1학기_오픈스쿨데이_시간표_및_상담일정_-_중등.hwp,hwp,,,listed,http://dkischool.org/upload/board/2012년_1학기_오픈스쿨데이_시간표_및_상담일정_-_중등.hwp
41,가정통신문,31,gva000007440001.gif,gif,,,listed,http://dkischool.org/upload/board/gva000007440001.gif
41,가정통신문,32,sh011.gif,gif,,,listed,http://dkischool.org/upload/board/sh011.gif
41,가정통신문,32,sh02.gif,gif,,,listed,http://dkischool.org/upload/board/sh02.gif
41,가정통신문,33,제153회_TEPS공지.hwp,hwp,,,listed,http://dkischool.org/upload/board/제153회_TEPS공지.hwp
41,가정통신문,34,02.jpg,jpg,,,listed,http://dkischool.org/upload/board/02.jpg
41,가정통신문,34,01.jpg,jpg,,,listed,http://dkischool.org/upload/board/01.jpg
41,가정통신문,35,gva00000e000001.gif,gif,,,listed,http://dkischool.org/upload/board/gva00000e000001.gif
41,가정통신문,35,gva00000e000002.gif,gif,,,listed,http://dkischool.org/upload/board/gva00000e000002.gif
41,가정통신문,38,가정통신12-17_8학년테마학습정산.hwp,hwp,,,listed,http://dkischool.org/upload/board/가정통신12-17_8학년테마학습정산.hwp
41,가정통신문,38,가정통신12-18_10학년_테마학습비_정산.hwp,hwp,,,listed,http://dkischool.org/upload/board/가정통신12-18_10학년_테마학습비_정산.hwp
41,가정통신문,40,중등_여름방학_보충심화학습_수요조사001.gif,gif,,,listed,http://dkischool.org/upload/board/중등_여름방학_보충심화학습_수요조사001.gif
41,가정통신문,40,중등_여름방학_보충심화학습_수요조사002.gif,gif,,,listed,http://dkischool.org/upload/board/중등_여름방학_보충심화학습_수요조사002.gif
41,가정통신문,41,가정통신_푸른누리기자단_여름캠프.hwp,hwp,,,listed,http://dkischool.org/upload/board/가정통신_푸른누리기자단_여름캠프.hwp
41,가정통신문,41,12.jpg,jpg,,,listed,http://dkischool.org/upload/board/12.jpg
41,가정통신문,43,자연체험학습.jpg,jpg,,,listed,http://dkischool.org/upload/board/자연체험학습.jpg
41,가정통신문,44,image1001.jpg,jpg,,,listed,http://dkischool.org/upload/board/image1001.jpg
41,가정통신문,45,외국어-능력시험-장학금-안내.jpg,jpg,,,listed,http://dkischool.org/upload/board/외국어-능력시험-장학금-안내.jpg
41,가정통신문,46,가통_교류홈스테이001.jpg,jpg,,,listed,http://dkischool.org/upload/board/가통_교류홈스테이001.jpg
41,가정통신문,46,가통_교류홈스테이002.jpg,jpg,,,listed,http://dkischool.org/upload/board/가통_교류홈스테이002.jpg
41,가정통신문,47,여름방학_방과후교육활동지원_계획안내001.gif,gif,,,listed,http://dkischool.org/upload/board/여름방학_방과후교육활동지원_계획안내001.gif
41,가정통신문,47,여름방학_방과후교육활동지원_계획안내002.gif,gif,,,listed,http://dkischool.org/upload/board/여름방학_방과후교육활동지원_계획안내002.gif
41,가정통신문,47,여름방학_방과후교육활동지원_계획안내003.gif,gif,,,listed,http://dkischool.org/upload/board/여름방학_방과후교육활동지원_계획안내003.gif
41,가정통신문,48,여름방학_보충심화학습_신청안내001.gif,gif,,,listed,http://dkischool.org/upload/board/여름방학_보충심화학습_신청안내001.gif
41,가정통신문,48,여름방학_보충심화학습_신청안내002.gif,gif,,,listed,http://dkischool.org/upload/board/여름방학_보충심화학습_신청안내002.gif
41,가정통신문,50,여름방학특강신청01.gif,gif,,,listed,http://dkischool.org/upload/board/여름방학특강신청01.gif
41,가정통신문,50,여름방학특강신청02.gif,gif,,,listed,http://dkischool.org/upload/board/여름방학특강신청02.gif
41,가정통신문,50,여름방학특강신청03.gif,gif,,,listed,http://dkischool.org/upload/board/여름방학특강신청03.gif
41,가정통신문,50,여름방학특강신청04.gif,gif,,,listed,http://dkischool.org/upload/board/여름방학특강신청04.gif
41,가정통신문,51,여름방과후지원01.gif,gif,,,listed,http://dkischool.org/upload/board/여름방과후지원01.gif
41,가정통신문,51,여름방과후지원02.gif,gif,,,listed,http://dkischool.org/upload/board/여름방과후지원02.gif
41,가정통신문,52,여름방학_보충심화학습_수강료_및_중식교통비_납부안내001.gif,gif,,,listed,http://dkischool.org/upload/board/여름방학_보충심화학습_수강료_및_중식교통비_납부안내001.gif
41,가정통신문,52,여름방학_보충심화학습_수강료_및_중식교통비_납부안내002.gif,gif,,,listed,http://dkischool.org/upload/board/여름방학_보충심화학습_수강료_및_중식교통비_납부안내002.gif
41,가정통신문,52,여름방학_보충심화학습_수강료_및_중식교통비_납부안내003.gif,gif,,,listed,http://dkischool.org/upload/board/여름방학_보충심화학습_수강료_및_중식교통비_납부안내003.gif
41,가정통신문,53,가정통신12-25_교원능력개발평가_안내001.gif,gif,,,listed,http://dkischool.org/upload/board/가정통신12-25_교원능력개발평가_안내001.gif
41,가정통신문,54,gva000015400001.gif,gif,,,listed,http://dkischool.org/upload/board/gva000015400001.gif
41,가정통신문,55,중등12-27__2학기_등교_시간_변경.hwp,hwp,,,listed,http://dkischool.org/upload/board/중등12-27__2학기_등교_시간_변경.hwp
41,가정통신문,56,2학기_기초보충심화_학습_및_자기주도적_학습_신청_안내001.gif,gif,,,listed,http://dkischool.org/upload/board/2학기_기초보충심화_학습_및_자기주도적_학습_신청_안내001.gif
41,가정통신문,56,2학기_기초보충심화_학습_및_자기주도적_학습_신청_안내002.gif,gif,,,listed,http://dkischool.org/upload/board/2학기_기초보충심화_학습_및_자기주도적_학습_신청_안내002.gif
41,가정통신문,56,2학기_기초보충심화_학습_및_자기주도적_학습_신청_안내003.gif,gif,,,listed,http://dkischool.org/upload/board/2학기_기초보충심화_학습_및_자기주도적_학습_신청_안내003.gif
41,가정통신문,56,2학기_기초보충심화_학습_및_자기주도적_학습_신청_안내004.gif,gif,,,listed,http://dkischool.org/upload/board/2학기_기초보충심화_학습_및_자기주도적_학습_신청_안내004.gif
41,가정통신문,57,[중등]2학기_방과후교육활동비_지원_안내001.gif,gif,,,listed,http://dkischool.org/upload/board/[중등]2학기_방과후교육활동비_지원_안내001.gif
41,가정통신문,57,[중등]2학기_방과후교육활동비_지원_안내002.gif,gif,,,listed,http://dkischool.org/upload/board/[중등]2학기_방과후교육활동비_지원_안내002.gif
41,가정통신문,58,sh012.gif,gif,,,listed,http://dkischool.org/upload/board/sh012.gif
41,가정통신문,58,sh021.gif,gif,,,listed,http://dkischool.org/upload/board/sh021.gif
41,가정통신문,60,sh013.gif,gif,,,listed,http://dkischool.org/upload/board/sh013.gif
41,가정통신문,60,sh022.gif,gif,,,listed,http://dkischool.org/upload/board/sh022.gif
41,가정통신문,60,지원신청서(초등).hwp,hwp,,,listed,http://dkischool.org/upload/board/지원신청서(초등).hwp
41,가정통신문,62,[중등]2학기_보충심화_수업_실시001.gif,gif,,,listed,http://dkischool.org/upload/board/[중등]2학기_보충심화_수업_실시001.gif
41,가정통신문,62,[중등]2학기_보충심화_수업_실시002.gif,gif,,,listed,http://dkischool.org/upload/board/[중등]2학기_보충심화_수업_실시002.gif
41,가정통신문,62,[중등]2학기_보충심화_수업_실시003.gif,gif,,,listed,http://dkischool.org/upload/board/[중등]2학기_보충심화_수업_실시003.gif
41,가정통신문,63,gva00000b980001.gif,gif,,,listed,http://dkischool.org/upload/board/gva00000b980001.gif
41,가정통신문,65,가정통신문-7.hwp,hwp,,,listed,http://dkischool.org/upload/board/가정통신문-7.hwp
41,가정통신문,66,2012_08(2학기교통비안내).hwp,hwp,,,listed,http://dkischool.org/upload/board/2012_08(2학기교통비안내).hwp
41,가정통신문,66,0011.jpg,jpg,,,listed,http://dkischool.org/upload/board/0011.jpg
41,가정통신문,66,0000.jpg,jpg,,,listed,http://dkischool.org/upload/board/0000.jpg
41,가정통신문,67,011.jpg,jpg,,,listed,http://dkischool.org/upload/board/011.jpg
41,가정통신문,67,재외투표안내.hwp,hwp,,,listed,http://dkischool.org/upload/board/재외투표안내.hwp
41,가정통신문,67,재외선거인등_신고_신청_전자우편_접수_관련_안내.hwp,hwp,,,listed,http://dkischool.org/upload/board/재외선거인등_신고_신청_전자우편_접수_관련_안내.hwp
41,가정통신문,67,전자우편.jpg,jpg,,,listed,http://dkischool.org/upload/board/전자우편.jpg
41,가정통신문,67,재외선거인등-신고·신청-전.jpg,jpg,,,listed,http://dkischool.org/upload/board/재외선거인등-신고·신청-전.jpg
41,가정통신문,68,012.jpg,jpg,,,listed,http://dkischool.org/upload/board/012.jpg
41,가정통신문,70,gva000012780001.gif,gif,,,listed,http://dkischool.org/upload/board/gva000012780001.gif
41,가정통신문,71,포맷변환_가정통신문001.jpg,jpg,,,listed,http://dkischool.org/upload/board/포맷변환_가정통신문001.jpg
41,가정통신문,75,제12-34호_2학기자연체험학습계획.hwp,hwp,,,listed,http://dkischool.org/upload/board/제12-34호_2학기자연체험학습계획.hwp
41,가정통신문,77,1111.jpg,jpg,,,listed,http://dkischool.org/upload/board/1111.jpg
41,가정통신문,77,초등_계절활동프로그램_안내(1).hwp,hwp,,,listed,http://dkischool.org/upload/board/초등_계절활동프로그램_안내(1).hwp
41,가정통신문,78,gva00000fc40001.gif,gif,,,listed,http://dkischool.org/upload/board/gva00000fc40001.gif
41,가정통신문,79,제12-35호_영어문장인증제안내장.hwp,hwp,,,listed,http://dkischool.org/upload/board/제12-35호_영어문장인증제안내장.hwp
41,가정통신문,80,가정통신12-18_2012년_저소득층_자녀_학비_지원_신청.hwp,hwp,,,listed,http://dkischool.org/upload/board/가정통신12-18_2012년_저소득층_자녀_학비_지원_신청.hwp
41,가정통신문,80,학비지원.jpg,jpg,,,listed,http://dkischool.org/upload/board/학비지원.jpg
41,가정통신문,81,가정통신12-38_2012학년도_10학년_과목선택_희망조사.hwp,hwp,,,listed,http://dkischool.org/upload/board/가정통신12-38_2012학년도_10학년_과목선택_희망조사.hwp
41,가정통신문,81,gva00000f2400011.gif,gif,,,listed,http://dkischool.org/upload/board/gva00000f2400011.gif
41,가정통신문,82,가정통신12-39_2012학년도_11학년_과정선택_희망조사.hwp,hwp,,,listed,http://dkischool.org/upload/board/가정통신12-39_2012학년도_11학년_과정선택_희망조사.hwp
41,가정통신문,82,gva000001400001.gif,gif,,,listed,http://dkischool.org/upload/board/gva000001400001.gif
41,가정통신문,83,가정통신12-40_2012학년도_12학년_과정선택_희망조사.hwp,hwp,,,listed,http://dkischool.org/upload/board/가정통신12-40_2012학년도_12학년_과정선택_희망조사.hwp
41,가정통신문,83,gva00000ea800011.gif,gif,,,listed,http://dkischool.org/upload/board/gva00000ea800011.gif
41,가정통신문,84,가정통신12-41_제17회_경제이해력_검증능력_시험(TESAT)001.jpg,jpg,,,listed,http://dkischool.org/upload/board/가정통신12-41_제17회_경제이해력_검증능력_시험(TESAT)001.jpg
41,가정통신문,85,gva000013e80001.gif,gif,,,listed,http://dkischool.org/upload/board/gva000013e80001.gif
41,가정통신문,86,gva0000179c0001.gif,gif,,,listed,http://dkischool.org/upload/board/gva0000179c0001.gif
41,가정통신문,87,sh014.gif,gif,,,listed,http://dkischool.org/upload/board/sh014.gif
41,가정통신문,88,sh015.gif,gif,,,listed,http://dkischool.org/upload/board/sh015.gif
41,가정통신문,88,sh023.gif,gif,,,listed,http://dkischool.org/upload/board/sh023.gif
41,가정통신문,89,제12-39호_2학기현장체험학습.hwp,hwp,,,listed,http://dkischool.org/upload/board/제12-39호_2학기현장체험학습.hwp
41,가정통신문,89,초등2학기체험학습001.jpg,jpg,,,listed,http://dkischool.org/upload/board/초등2학기체험학습001.jpg
41,가정통신문,91,가정통신12-_교복소위(1).hwp,hwp,,,listed,http://dkischool.org/upload/board/가정통신12-_교복소위(1).hwp
41,가정통신문,93,가통12-43_겨울방학보충수요조사(중등)001.gif,gif,,,listed,http://dkischool.org/upload/board/가통12-43_겨울방학보충수요조사(중등)001.gif
41,가정통신문,93,가통12-43_겨울방학보충수요조사(중등)002.gif,gif,,,listed,http://dkischool.org/upload/board/가통12-43_겨울방학보충수요조사(중등)002.gif
41,가정통신문,94,나비제_가정통신문001.jpg,jpg,,,listed,http://dkischool.org/upload/board/나비제_가정통신문001.jpg
41,가정통신문,96,sh017.gif,gif,,,listed,http://dkischool.org/upload/board/sh017.gif
41,가정통신문,96,sh025.gif,gif,,,listed,http://dkischool.org/upload/board/sh025.gif
41,가정통신문,96,sh031.gif,gif,,,listed,http://dkischool.org/upload/board/sh031.gif
41,가정통신문,97,가정통신12-21_2012년_저소득층_자녀_학비_지원_신청.hwp,hwp,,,listed,http://dkischool.org/upload/board/가정통신12-21_2012년_저소득층_자녀_학비_지원_신청.hwp
41,가정통신문,98,가정통신문12-45_2학기_기말고사_일정_변경_안내.hwp,hwp,,,listed,http://dkischool.org/upload/board/가정통신문12-45_2학기_기말고사_일정_변경_안내.hwp
41,가정통신문,99,가정통신12-21교원능력개발평가_안내.pdf,pdf,,,listed,http://dkischool.org/upload/board/가정통신12-21교원능력개발평가_안내.pdf
41,가정통신문,100,재외국민_투표_차량_운행.hwp,hwp,,,listed,http://dkischool.org/upload/board/재외국민_투표_차량_운행.hwp
41,가정통신문,100,tuvytuvy버스운행.jpg,jpg,,,listed,http://dkischool.org/upload/board/tuvytuvy버스운행.jpg
41,가정통신문,101,겨울방학보충심화학습_신청안내001.gif,gif,,,listed,http://dkischool.org/upload/board/겨울방학보충심화학습_신청안내001.gif
41,가정통신문,101,겨울방학보충심화학습_신청안내002.gif,gif,,,listed,http://dkischool.org/upload/board/겨울방학보충심화학습_신청안내002.gif
41,가정통신문,102,가정통신12-21_2학기_외국어장학금신청안내.hwp,hwp,,,listed,http://dkischool.org/upload/board/가정통신12-21_2학기_외국어장학금신청안내.hwp
41,가정통신문,104,gva0000078c0001.gif,gif,,,listed,http://dkischool.org/upload/board/gva0000078c0001.gif
41,가정통신문,105,sh018.gif,gif,,,listed,http://dkischool.org/upload/board/sh018.gif
41,가정통신문,105,sh026.gif,gif,,,listed,http://dkischool.org/upload/board/sh026.gif
41,가정통신문,105,sh032.gif,gif,,,listed,http://dkischool.org/upload/board/sh032.gif
41,가정통신문,106,가정통신12-23_제2기_교육지원봉사단_감사장_수여식001.jpg,jpg,,,listed,http://dkischool.org/upload/board/가정통신12-23_제2기_교육지원봉사단_감사장_수여식001.jpg
41,가정통신문,108,[중등]겨울방학_보충수업_수강료_등_안내001.gif,gif,,,listed,http://dkischool.org/upload/board/[중등]겨울방학_보충수업_수강료_등_안내001.gif
41,가정통신문,108,[중등]겨울방학_보충수업_수강료_등_안내002.gif,gif,,,listed,http://dkischool.org/upload/board/[중등]겨울방학_보충수업_수강료_등_안내002.gif
41,가정통신문,108,[중등]겨울방학_보충수업_수강료_등_안내003.gif,gif,,,listed,http://dkischool.org/upload/board/[중등]겨울방학_보충수업_수강료_등_안내003.gif
41,가정통신문,108,[중등]겨울방학_보충수업_수강료_등_안내004.gif,gif,,,listed,http://dkischool.org/upload/board/[중등]겨울방학_보충수업_수강료_등_안내004.gif
41,가정통신문,109,참가비_납부_통신문_양식(2010.3.8)-수정(1).hwp,hwp,,,listed,http://dkischool.org/upload/board/참가비_납부_통신문_양식(2010.3.8)-수정(1).hwp
41,가정통신문,109,참가비-납부-통신문.jpg,jpg,,,listed,http://dkischool.org/upload/board/참가비-납부-통신문.jpg
41,가정통신문,111,2013학년도_중등_교재_안내(7-12학년)001.jpg,jpg,,,listed,http://dkischool.org/upload/board/2013학년도_중등_교재_안내(7-12학년)001.jpg
41,가정통신문,111,2013학년도_중등_교재_안내(7-12학년)0021.jpg,jpg,,,listed,http://dkischool.org/upload/board/2013학년도_중등_교재_안내(7-12학년)0021.jpg
41,가정통신문,112,초중등_계절활동(스키)_계획_및_신청_안내002.gif,gif,,,listed,http://dkischool.org/upload/board/초중등_계절활동(스키)_계획_및_신청_안내002.gif
41,가정통신문,113,gva000019d80001.gif,gif,,,listed,http://dkischool.org/upload/board/gva000019d80001.gif
41,가정통신문,113,gva000019d80002.gif,gif,,,listed,http://dkischool.org/upload/board/gva000019d80002.gif
41,가정통신문,114,gva00000f080001.gif,gif,,,listed,http://dkischool.org/upload/board/gva00000f080001.gif
41,가정통신문,115,가정통신001.jpg,jpg,,,listed,http://dkischool.org/upload/board/가정통신001.jpg
41,가정통신문,116,제167회_TEP가정통신문.pdf,pdf,,,listed,http://dkischool.org/upload/board/제167회_TEP가정통신문.pdf
41,가정통신문,117,가통13-1_방과후_수업_및_자기주도학습_가정통신문.pdf,pdf,,,listed,http://dkischool.org/upload/board/가통13-1_방과후_수업_및_자기주도학습_가정통신문.pdf
41,가정통신문,118,가통13-2_방과후교육활동지원안내.pdf,pdf,,,listed,http://dkischool.org/upload/board/가통13-2_방과후교육활동지원안내.pdf
41,가정통신문,119,제3기_교육지원봉사단_가정통신문001001.jpg,jpg,,,listed,http://dkischool.org/upload/board/제3기_교육지원봉사단_가정통신문001001.jpg
41,가정통신문,119,제3기_교육지원봉사단_가정통신문001002.jpg,jpg,,,listed,http://dkischool.org/upload/board/제3기_교육지원봉사단_가정통신문001002.jpg
41,가정통신문,120,130306_신규대원모집안내장.hwp,hwp,,,listed,http://dkischool.org/upload/board/130306_신규대원모집안내장.hwp
41,가정통신문,121,gva00000a800001.gif,gif,,,listed,http://dkischool.org/upload/board/gva00000a800001.gif
41,가정통신문,122,임원수련회안내장.hwp,hwp,,,listed,http://dkischool.org/upload/board/임원수련회안내장.hwp
41,가정통신문,123,가정통신13-05학교폭력예방안내1.gif,gif,,,listed,http://dkischool.org/upload/board/가정통신13-05학교폭력예방안내1.gif
41,가정통신문,123,가정통신13-05학교폭력예방안내2.gif,gif,,,listed,http://dkischool.org/upload/board/가정통신13-05학교폭력예방안내2.gif
41,가정통신문,126,초등계절활동.gif,gif,,,listed,http://dkischool.org/upload/board/초등계절활동.gif
41,가정통신문,127,가통13-07테마학습선호도조사.gif,gif,,,listed,http://dkischool.org/upload/board/가통13-07테마학습선호도조사.gif
41,가정통신문,128,가정통신13-8_교과별_평가계획_안내.hwp,hwp,,,listed,http://dkischool.org/upload/board/가정통신13-8_교과별_평가계획_안내.hwp
41,가정통신문,129,13-4-2.hwp,hwp,,,listed,http://dkischool.org/upload/board/13-4-2.hwp
41,가정통신문,130,가통13-05_2013학년도_장학금_지급_기준_안내.hwp,hwp,,,listed,http://dkischool.org/upload/board/가통13-05_2013학년도_장학금_지급_기준_안내.hwp
41,가정통신문,131,13-4-3.hwp,hwp,,,listed,http://dkischool.org/upload/board/13-4-3.hwp
41,가정통신문,132,가통13-10_테마학습연기안내.gif,gif,,,listed,http://dkischool.org/upload/board/가통13-10_테마학습연기안내.gif
41,가정통신문,133,행정_13-5_테마학습_중식비_추가_납부.hwp,hwp,,,listed,http://dkischool.org/upload/board/행정_13-5_테마학습_중식비_추가_납부.hwp
41,가정통신문,134,04호(학교출입안내_가정_통신).hwp,hwp,,,listed,http://dkischool.org/upload/board/04호(학교출입안내_가정_통신).hwp
41,가정통신문,134,학교출입001.jpg,jpg,,,listed,http://dkischool.org/upload/board/학교출입001.jpg
41,가정통신문,135,gva00000d980001.gif,gif,,,listed,http://dkischool.org/upload/board/gva00000d980001.gif
41,가정통신문,136,gva000001d40001.gif,gif,,,listed,http://dkischool.org/upload/board/gva000001d40001.gif
41,가정통신문,137,제169회_텝스시험응시안내001.jpg,jpg,,,listed,http://dkischool.org/upload/board/제169회_텝스시험응시안내001.jpg
41,가정통신문,140,05호(통학버스_가정_통신).hwp,hwp,,,listed,http://dkischool.org/upload/board/05호(통학버스_가정_통신).hwp
41,가정통신문,140,통학버스001.jpg,jpg,,,listed,http://dkischool.org/upload/board/통학버스001.jpg
41,가정통신문,141,gva000003f40001.gif,gif,,,listed,http://dkischool.org/upload/board/gva000003f40001.gif
41,가정통신문,142,13-5-1.hwp,hwp,,,listed,http://dkischool.org/upload/board/13-5-1.hwp
41,가정통신문,143,13-5-2.hwp,hwp,,,listed,http://dkischool.org/upload/board/13-5-2.hwp
41,가정통신문,144,13-5-3.hwp,hwp,,,listed,http://dkischool.org/upload/board/13-5-3.hwp
41,가정통신문,145,gva0000110c0001.gif,gif,,,listed,http://dkischool.org/upload/board/gva0000110c0001.gif
41,가정통신문,147,13-5-42.hwp,hwp,,,listed,http://dkischool.org/upload/board/13-5-42.hwp
41,가정통신문,148,13-5-5.hwp,hwp,,,listed,http://dkischool.org/upload/board/13-5-5.hwp
41,가정통신문,149,13-6-11.hwp,hwp,,,listed,http://dkischool.org/upload/board/13-6-11.hwp
41,가정통신문,151,가통13-15여름방학-보충수요조사.hwp,hwp,,,listed,http://dkischool.org/upload/board/가통13-15여름방학-보충수요조사.hwp
41,가정통신문,152,gva000015b40001.gif,gif,,,listed,http://dkischool.org/upload/board/gva000015b40001.gif
41,가정통신문,153,13-6-2.hwp,hwp,,,listed,http://dkischool.org/upload/board/13-6-2.hwp
41,가정통신문,154,sh019.gif,gif,,,listed,http://dkischool.org/upload/board/sh019.gif
41,가정통신문,154,sh027.gif,gif,,,listed,http://dkischool.org/upload/board/sh027.gif
41,가정통신문,155,12학년_특별방과후수업_신청_안내001.gif,gif,,,listed,http://dkischool.org/upload/board/12학년_특별방과후수업_신청_안내001.gif
41,가정통신문,155,12학년_특별방과후수업_신청_안내002.gif,gif,,,listed,http://dkischool.org/upload/board/12학년_특별방과후수업_신청_안내002.gif
41,가정통신문,156,gva000011080001.gif,gif,,,listed,http://dkischool.org/upload/board/gva000011080001.gif
41,가정통신문,157,가통-재외국민자녀진로진학_특강_안내001.gif,gif,,,listed,http://dkischool.org/upload/board/가통-재외국민자녀진로진학_특강_안내001.gif
41,가정통신문,158,gva0000218c0001.gif,gif,,,listed,http://dkischool.org/upload/board/gva0000218c0001.gif
41,가정통신문,159,gva000025680001.gif,gif,,,listed,http://dkischool.org/upload/board/gva000025680001.gif
41,가정통신문,159,gva000025680002.gif,gif,,,listed,http://dkischool.org/upload/board/gva000025680002.gif
41,가정통신문,160,gva00003dcc0001.gif,gif,,,listed,http://dkischool.org/upload/board/gva00003dcc0001.gif
41,가정통신문,160,gva00003dcc0002.gif,gif,,,listed,http://dkischool.org/upload/board/gva00003dcc0002.gif
41,가정통신문,161,가정통신문_2013학년도_여름방학-보충신청.hwp,hwp,,,listed,http://dkischool.org/upload/board/가정통신문_2013학년도_여름방학-보충신청.hwp
41,가정통신문,162,제174회_텝스시험응시안내001.jpg,jpg,,,listed,http://dkischool.org/upload/board/제174회_텝스시험응시안내001.jpg
41,가정통신문,163,gva000039d40001.gif,gif,,,listed,http://dkischool.org/upload/board/gva000039d40001.gif
41,가정통신문,163,gva000039d40002.gif,gif,,,listed,http://dkischool.org/upload/board/gva000039d40002.gif
41,가정통신문,164,가정통신13-12-외국어장학금신청안내.hwp,hwp,,,listed,http://dkischool.org/upload/board/가정통신13-12-외국어장학금신청안내.hwp
41,가정통신문,165,가정통신13-13_2학기_시정_변경에_대한_학부모_의견_조사.hwp,hwp,,,listed,http://dkischool.org/upload/board/가정통신13-13_2학기_시정_변경에_대한_학부모_의견_조사.hwp
41,가정통신문,166,gva0000b8f00001.gif,gif,,,listed,http://dkischool.org/upload/board/gva0000b8f00001.gif
41,가정통신문,166,gva0000b8f00002.gif,gif,,,listed,http://dkischool.org/upload/board/gva0000b8f00002.gif
41,가정통신문,166,gva0000b8f00003.gif,gif,,,listed,http://dkischool.org/upload/board/gva0000b8f00003.gif
41,가정통신문,167,가통13-24_중등부_여름방학_방과후_보충학습_수강료_및_중식비_납부안내.hwp,hwp,,,listed,http://dkischool.org/upload/board/가통13-24_중등부_여름방학_방과후_보충학습_수강료_및_중식비_납부안내.hwp
41,가정통신문,168,가정통신13-16_2학기_시정_변경에_대한_학부모_의견_조사_결과.hwp,hwp,,,listed,http://dkischool.org/upload/board/가정통신13-16_2학기_시정_변경에_대한_학부모_의견_조사_결과.hwp
41,가정통신문,169,가정통신13-15_교원능력개발평가_안내.pdf,pdf,,,listed,http://dkischool.org/upload/board/가정통신13-15_교원능력개발평가_안내.pdf
41,가정통신문,170,초등_2학기_방과_후1.gif,gif,,,listed,http://dkischool.org/upload/board/초등_2학기_방과_후1.gif
41,가정통신문,170,초등_2학기_방과_후2.gif,gif,,,listed,http://dkischool.org/upload/board/초등_2학기_방과_후2.gif
41,가정통신문,171,2학기학비001.jpg,jpg,,,listed,http://dkischool.org/upload/board/2학기학비001.jpg
41,가정통신문,171,2013년_2학기_학비안내_통신.hwp,hwp,,,listed,http://dkischool.org/upload/board/2013년_2학기_학비안내_통신.hwp
41,가정통신문,172,가통13-29_2013년_2학기_중고등부_방과후보충심화_수강료_및_석식비_납부_안내.hwp,hwp,,,listed,http://dkischool.org/upload/board/가통13-29_2013년_2학기_중고등부_방과후보충심화_수강료_및_석식비_납부_안내.hwp
41,가정통신문,173,가통13-30_중등_테마학습_신청서.gif,gif,,,listed,http://dkischool.org/upload/board/가통13-30_중등_테마학습_신청서.gif
41,가정통신문,174,13-9-2.hwp,hwp,,,listed,http://dkischool.org/upload/board/13-9-2.hwp
41,가정통신문,176,gva00000b600001.gif,gif,,,listed,http://dkischool.org/upload/board/gva00000b600001.gif
41,가정통신문,179,백일장001.jpg,jpg,,,listed,http://dkischool.org/upload/board/백일장001.jpg
41,가정통신문,181,gva000004e40001.gif,gif,,,listed,http://dkischool.org/upload/board/gva000004e40001.gif
41,가정통신문,181,gva000004e40002.gif,gif,,,listed,http://dkischool.org/upload/board/gva000004e40002.gif
41,가정통신문,182,가통13-24_2학기_학사일정_변경_안내.hwp,hwp,,,listed,http://dkischool.org/upload/board/가통13-24_2학기_학사일정_변경_안내.hwp
41,가정통신문,182,gva00000d2c0001.gif,gif,,,listed,http://dkischool.org/upload/board/gva00000d2c0001.gif
41,가정통신문,184,가통13-33_테마학습비_납부안내.gif,gif,,,listed,http://dkischool.org/upload/board/가통13-33_테마학습비_납부안내.gif
41,가정통신문,186,초등_2학기_계절활동.gif,gif,,,listed,http://dkischool.org/upload/board/초등_2학기_계절활동.gif
41,가정통신문,188,가통13-34_테마학습비_납부안내.gif,gif,,,listed,http://dkischool.org/upload/board/가통13-34_테마학습비_납부안내.gif
41,가정통신문,189,가정통신문(13.10.14)001.jpg,jpg,,,listed,http://dkischool.org/upload/board/가정통신문(13.10.14)001.jpg
41,가정통신문,189,18세이상_비자발급관련(2013.10.14)(1).hwp,hwp,,,listed,http://dkischool.org/upload/board/18세이상_비자발급관련(2013.10.14)(1).hwp
41,가정통신문,190,가통_13-36_177회_텝스공지001.jpg,jpg,,,listed,http://dkischool.org/upload/board/가통_13-36_177회_텝스공지001.jpg
41,가정통신문,191,12학년_졸업여행_참가_신청_안내002.gif,gif,,,listed,http://dkischool.org/upload/board/12학년_졸업여행_참가_신청_안내002.gif
41,가정통신문,192,가통13-27_학부모_교양강좌(pop)_개설_안내.hwp,hwp,,,listed,http://dkischool.org/upload/board/가통13-27_학부모_교양강좌(pop)_개설_안내.hwp
41,가정통신문,194,12학년_졸업여행_참가비_납부_안내001.gif,gif,,,listed,http://dkischool.org/upload/board/12학년_졸업여행_참가비_납부_안내001.gif
41,가정통신문,194,12학년_졸업여행_참가비_납부_안내002.gif,gif,,,listed,http://dkischool.org/upload/board/12학년_졸업여행_참가비_납부_안내002.gif
41,가정통신문,195,gva000004d80001.gif,gif,,,listed,http://dkischool.org/upload/board/gva000004d80001.gif
41,가정통신문,196,가통13-39중등8학년테마학습정산1.gif,gif,,,listed,http://dkischool.org/upload/board/가통13-39중등8학년테마학습정산1.gif
41,가정통신문,197,gva00000fe40001.gif,gif,,,listed,http://dkischool.org/upload/board/gva00000fe40001.gif
41,가정통신문,199,gva000010840001.gif,gif,,,listed,http://dkischool.org/upload/board/gva000010840001.gif
41,가정통신문,200,초중등13-060_학부모_상담주간_가정통신문.hwp,hwp,,,listed,http://dkischool.org/upload/board/초중등13-060_학부모_상담주간_가정통신문.hwp
41,가정통신문,201,겨울방학특강_수요조사.gif,gif,,,listed,http://dkischool.org/upload/board/겨울방학특강_수요조사.gif
41,가정통신문,201,겨울방학특강_수요조사2.gif,gif,,,listed,http://dkischool.org/upload/board/겨울방학특강_수요조사2.gif
41,가정통신문,202,13-11-4-유치원소식.hwp,hwp,,,listed,http://dkischool.org/upload/board/13-11-4-유치원소식.hwp
41,가정통신문,203,Hilling_day_application_form.hwp,hwp,,,listed,http://dkischool.org/upload/board/Hilling_day_application_form.hwp
41,가정통신문,204,가정통신13-32교원능력개발평가_안내.pdf,pdf,,,listed,http://dkischool.org/upload/board/가정통신13-32교원능력개발평가_안내.pdf
41,가정통신문,205,gva000131bc0001.gif,gif,,,listed,http://dkischool.org/upload/board/gva000131bc0001.gif
41,가정통신문,205,gva000131bc0002.gif,gif,,,listed,http://dkischool.org/upload/board/gva000131bc0002.gif
41,가정통신문,206,가통13-42_겨울방학-보충신청.hwp,hwp,,,listed,http://dkischool.org/upload/board/가통13-42_겨울방학-보충신청.hwp
41,가정통신문,207,가통13-43_2학기_중등_계절활동프로그램(스키캠프)_가정통신문.hwp,hwp,,,listed,http://dkischool.org/upload/board/가통13-43_2학기_중등_계절활동프로그램(스키캠프)_가정통신문.hwp
41,가정통신문,208,gva00002bfc0001.gif,gif,,,listed,http://dkischool.org/upload/board/gva00002bfc0001.gif
41,가정통신문,209,제3기_교육지원봉사단_감사장_수여식001.jpg,jpg,,,listed,http://dkischool.org/upload/board/제3기_교육지원봉사단_감사장_수여식001.jpg
41,가정통신문,210,가통13-44_겨울방학-보충실시.hwp,hwp,,,listed,http://dkischool.org/upload/board/가통13-44_겨울방학-보충실시.hwp
41,가정통신문,211,가통13-33_2학기_장학금신청안내.hwp,hwp,,,listed,http://dkischool.org/upload/board/가통13-33_2학기_장학금신청안내.hwp
41,가정통신문,213,겨울방학특강_수강료1.gif,gif,,,listed,http://dkischool.org/upload/board/겨울방학특강_수강료1.gif
41,가정통신문,213,겨울방학특강_수강료2.gif,gif,,,listed,http://dkischool.org/upload/board/겨울방학특강_수강료2.gif
41,가정통신문,213,겨울방학특강_수강료3.gif,gif,,,listed,http://dkischool.org/upload/board/겨울방학특강_수강료3.gif
41,가정통신문,215,가통13-45_2014학년도_중고등부_영어교재_및_교과서_목록_안내.hwp,hwp,,,listed,http://dkischool.org/upload/board/가통13-45_2014학년도_중고등부_영어교재_및_교과서_목록_안내.hwp
41,가정통신문,216,gva0000edec0001.gif,gif,,,listed,http://dkischool.org/upload/board/gva0000edec0001.gif
41,가정통신문,216,gva0000edec0002.gif,gif,,,listed,http://dkischool.org/upload/board/gva0000edec0002.gif
41,가정통신문,217,182회_가정통신문001001.jpg,jpg,,,listed,http://dkischool.org/upload/board/182회_가정통신문001001.jpg
41,가정통신문,218,방과후_수업_및_자기주도학습_가정통신문.pdf,pdf,,,listed,http://dkischool.org/upload/board/방과후_수업_및_자기주도학습_가정통신문.pdf
41,가정통신문,219,제14-02호_초등_방과_후_교육_활동_-가정통신문.pdf,pdf,,,listed,http://dkischool.org/upload/board/제14-02호_초등_방과_후_교육_활동_-가정통신문.pdf
41,가정통신문,220,학교폭력예방001.jpg,jpg,,,listed,http://dkischool.org/upload/board/학교폭력예방001.jpg
41,가정통신문,220,학교폭력예방002.jpg,jpg,,,listed,http://dkischool.org/upload/board/학교폭력예방002.jpg
41,가정통신문,221,2014-01.jpg,jpg,,,listed,http://dkischool.org/upload/board/2014-01.jpg
41,가정통신문,222,gva00000dfc0001.gif,gif,,,listed,http://dkischool.org/upload/board/gva00000dfc0001.gif
41,가정통신문,223,동의서1.gif,gif,,,listed,http://dkischool.org/upload/board/동의서1.gif
41,가정통신문,223,동의서2.gif,gif,,,listed,http://dkischool.org/upload/board/동의서2.gif
41,가정통신문,224,초등_14-09_초등_방과_후_교육활동비_납부안내.pdf,pdf,,,listed,http://dkischool.org/upload/board/초등_14-09_초등_방과_후_교육활동비_납부안내.pdf
41,가정통신문,225,학교방문001.jpg,jpg,,,listed,http://dkischool.org/upload/board/학교방문001.jpg
41,가정통신문,227,가통14-05_2014년_1학기_중고등부_방과후보충심화_수강료_납부_안내.pdf,pdf,,,listed,http://dkischool.org/upload/board/가통14-05_2014년_1학기_중고등부_방과후보충심화_수강료_납부_안내.pdf
41,가정통신문,228,초등14-11_로봇과학영재반수강안내.gif,gif,,,listed,http://dkischool.org/upload/board/초등14-11_로봇과학영재반수강안내.gif
41,가정통신문,229,학부모총회001.jpg,jpg,,,listed,http://dkischool.org/upload/board/학부모총회001.jpg
41,가정통신문,230,gva0000019c0001.gif,gif,,,listed,http://dkischool.org/upload/board/gva0000019c0001.gif
41,가정통신문,231,뉴질랜드_국제교류_가정통신문001.gif,gif,,,listed,http://dkischool.org/upload/board/뉴질랜드_국제교류_가정통신문001.gif
41,가정통신문,232,gva000007780001.gif,gif,,,listed,http://dkischool.org/upload/board/gva000007780001.gif
41,가정통신문,233,가통14-08_테마학습선호도조사.gif,gif,,,listed,http://dkischool.org/upload/board/가통14-08_테마학습선호도조사.gif
41,가정통신문,234,가통14-06_교과별_평가계획_안내(중)-11.pdf,pdf,,,listed,http://dkischool.org/upload/board/가통14-06_교과별_평가계획_안내(중)-11.pdf
41,가정통신문,234,가통14-07_교과별_평가계획_안내(고)-11.pdf,pdf,,,listed,http://dkischool.org/upload/board/가통14-07_교과별_평가계획_안내(고)-11.pdf
41,가정통신문,235,14-스카우트대원모집001.gif,gif,,,listed,http://dkischool.org/upload/board/14-스카우트대원모집001.gif
41,가정통신문,235,14-스카우트대원모집002.gif,gif,,,listed,http://dkischool.org/upload/board/14-스카우트대원모집002.gif
41,가정통신문,236,184회_가정통신문009.jpg,jpg,,,listed,http://dkischool.org/upload/board/184회_가정통신문009.jpg
41,가정통신문,238,14-15스카우트학부모총회안내001.gif,gif,,,listed,http://dkischool.org/upload/board/14-15스카우트학부모총회안내001.gif
41,가정통신문,239,초중등14-007_뉴질랜드_국제교류_연기_안내001.gif,gif,,,listed,http://dkischool.org/upload/board/초중등14-007_뉴질랜드_국제교류_연기_안내001.gif
41,가정통신문,240,테마학습신청서.gif,gif,,,listed,http://dkischool.org/upload/board/테마학습신청서.gif
41,가정통신문,241,gva000010a00001.gif,gif,,,listed,http://dkischool.org/upload/board/gva000010a00001.gif
41,가정통신문,242,2014학년도_중등_테마학습_관련_실시_여부_조사.gif,gif,,,listed,http://dkischool.org/upload/board/2014학년도_중등_테마학습_관련_실시_여부_조사.gif
41,가정통신문,243,테마학습_실시_재조사001.jpg,jpg,,,listed,http://dkischool.org/upload/board/테마학습_실시_재조사001.jpg
41,가정통신문,243,테마학습_실시_재조사002.jpg,jpg,,,listed,http://dkischool.org/upload/board/테마학습_실시_재조사002.jpg
41,가정통신문,244,OPEN_SCHOOL_DAY와_상담주간_안내001.gif,gif,,,listed,http://dkischool.org/upload/board/OPEN_SCHOOL_DAY와_상담주간_안내001.gif
41,가정통신문,244,OPEN_SCHOOL_DAY와_상담주간_안내002.gif,gif,,,listed,http://dkischool.org/upload/board/OPEN_SCHOOL_DAY와_상담주간_안내002.gif
41,가정통신문,244,OPEN_SCHOOL_DAY와_상담주간_안내003.gif,gif,,,listed,http://dkischool.org/upload/board/OPEN_SCHOOL_DAY와_상담주간_안내003.gif
41,가정통신문,244,OPEN_SCHOOL_DAY와_상담주간_안내004.gif,gif,,,listed,http://dkischool.org/upload/board/OPEN_SCHOOL_DAY와_상담주간_안내004.gif
41,가정통신문,244,OPEN_SCHOOL_DAY와_상담주간_안내005.gif,gif,,,listed,http://dkischool.org/upload/board/OPEN_SCHOOL_DAY와_상담주간_안내005.gif
41,가정통신문,245,2014년_테마학습_미실시_알림.gif,gif,,,listed,http://dkischool.org/upload/board/2014년_테마학습_미실시_알림.gif
41,가정통신문,246,gva000005480001.gif,gif,,,listed,http://dkischool.org/upload/board/gva000005480001.gif
41,가정통신문,248,가통14-015_중등현장학습.hwp,hwp,,,listed,http://dkischool.org/upload/board/가통14-015_중등현장학습.hwp
41,가정통신문,249,gva00000fd40001.gif,gif,,,listed,http://dkischool.org/upload/board/gva00000fd40001.gif
41,가정통신문,249,gva00000fd40002.gif,gif,,,listed,http://dkischool.org/upload/board/gva00000fd40002.gif
41,가정통신문,250,10012.jpg,jpg,,,listed,http://dkischool.org/upload/board/10012.jpg
41,가정통신문,251,가통14-17_저소득층_학비_신청.hwp,hwp,,,listed,http://dkischool.org/upload/board/가통14-17_저소득층_학비_신청.hwp
41,가정통신문,252,중국어_교과명_변경_안내.jpg,jpg,,,listed,http://dkischool.org/upload/board/중국어_교과명_변경_안내.jpg
41,가정통신문,253,gva00000ef00001.gif,gif,,,listed,http://dkischool.org/upload/board/gva00000ef00001.gif
41,가정통신문,255,가통14-19)12학년_특별_방과후가정통신문.hwp,hwp,,,listed,http://dkischool.org/upload/board/가통14-19)12학년_특별_방과후가정통신문.hwp
41,가정통신문,256,14-23_12학년_특별_방과후_수강료납부가정통신문.hwp,hwp,,,listed,http://dkischool.org/upload/board/14-23_12학년_특별_방과후_수강료납부가정통신문.hwp
41,가정통신문,257,초등14-30_한어절및영어노래축제개최안내001.gif,gif,,,listed,http://dkischool.org/upload/board/초등14-30_한어절및영어노래축제개최안내001.gif
41,가정통신문,258,가통14-20_여름방학_보충_및_심화학습_신청_안내.pdf,pdf,,,listed,http://dkischool.org/upload/board/가통14-20_여름방학_보충_및_심화학습_신청_안내.pdf
41,가정통신문,259,가통14-22_방과후교육활동지원안내.pdf,pdf,,,listed,http://dkischool.org/upload/board/가통14-22_방과후교육활동지원안내.pdf
41,가정통신문,260,2014_태권도_승급심사_가통001.gif,gif,,,listed,http://dkischool.org/upload/board/2014_태권도_승급심사_가통001.gif
41,가정통신문,260,2014_태권도_승급심사_가통002.gif,gif,,,listed,http://dkischool.org/upload/board/2014_태권도_승급심사_가통002.gif
41,가정통신문,262,가통14-24__2014년_여름방학_보충심화_학습_수강료_및_중식비_납부_안내.pdf,pdf,,,listed,http://dkischool.org/upload/board/가통14-24__2014년_여름방학_보충심화_학습_수강료_및_중식비_납부_안내.pdf
41,가정통신문,263,2차대집회_안내-아얼빈수영장001.jpg,jpg,,,listed,http://dkischool.org/upload/board/2차대집회_안내-아얼빈수영장001.jpg
41,가정통신문,264,제189회_TEPS_정기_시험_응시_안내문001.jpg,jpg,,,listed,http://dkischool.org/upload/board/제189회_TEPS_정기_시험_응시_안내문001.jpg
41,가정통신문,265,2014년_1학기_학교경영개선을_위한_교원능력개발평가협조안내.pdf,pdf,,,listed,http://dkischool.org/upload/board/2014년_1학기_학교경영개선을_위한_교원능력개발평가협조안내.pdf
41,가정통신문,266,2014년_1학기_보충심화_학습_및_자기주도적_학습_관련_설문.pdf,pdf,,,listed,http://dkischool.org/upload/board/2014년_1학기_보충심화_학습_및_자기주도적_학습_관련_설문.pdf
41,가정통신문,267,가통14-29_2014년_2학기_방과후_수업_및_자기주도학습_가정통신문.hwp,hwp,,,listed,http://dkischool.org/upload/board/가통14-29_2014년_2학기_방과후_수업_및_자기주도학습_가정통신문.hwp
41,가정통신문,269,가통14-32_9학년_분반_안내.hwp,hwp,,,listed,http://dkischool.org/upload/board/가통14-32_9학년_분반_안내.hwp
41,가정통신문,270,가통14-31_2014년_2학기_방과후_보충심화_수강료_및_석식비_납부_안내.hwp,hwp,,,listed,http://dkischool.org/upload/board/가통14-31_2014년_2학기_방과후_보충심화_수강료_및_석식비_납부_안내.hwp
41,가정통신문,271,초등14-43_2014학년도_초등_2학기_로봇과학반_수강안내001.gif,gif,,,listed,http://dkischool.org/upload/board/초등14-43_2014학년도_초등_2학기_로봇과학반_수강안내001.gif
41,가정통신문,272,초등14-44__초등부_중국어_교재_녹음_파일_신청_안내001.gif,gif,,,listed,http://dkischool.org/upload/board/초등14-44__초등부_중국어_교재_녹음_파일_신청_안내001.gif
41,가정통신문,273,초등14-42_가통-2학기_방과후_교육활동_납부고지서.hwp,hwp,,,listed,http://dkischool.org/upload/board/초등14-42_가통-2학기_방과후_교육활동_납부고지서.hwp
41,가정통신문,274,가통14-34_명사초청특별강연(강필임교수님)1.hwp,hwp,,,listed,http://dkischool.org/upload/board/가통14-34_명사초청특별강연(강필임교수님)1.hwp
41,가정통신문,275,2014학년도_중등_글짓기그림_그리기대회001.jpg,jpg,,,listed,http://dkischool.org/upload/board/2014학년도_중등_글짓기그림_그리기대회001.jpg
41,가정통신문,276,가통14-37졸업앨범구입희망.hwp,hwp,,,listed,http://dkischool.org/upload/board/가통14-37졸업앨범구입희망.hwp
41,가정통신문,277,가통_초중등14-_18__2014년_졸업_앨범비_납부_안내.hwp,hwp,,,listed,http://dkischool.org/upload/board/가통_초중등14-_18__2014년_졸업_앨범비_납부_안내.hwp
41,가정통신문,278,유네스코_가정통신문.jpg,jpg,,,listed,http://dkischool.org/upload/board/유네스코_가정통신문.jpg
41,가정통신문,278,유네스코_가정통신문1.jpg,jpg,,,listed,http://dkischool.org/upload/board/유네스코_가정통신문1.jpg
41,가정통신문,279,초중등14-018_로봇대전_참가안내(공지)001.gif,gif,,,listed,http://dkischool.org/upload/board/초중등14-018_로봇대전_참가안내(공지)001.gif
41,가정통신문,279,초중등14-018_로봇대전_참가안내(공지)002.gif,gif,,,listed,http://dkischool.org/upload/board/초중등14-018_로봇대전_참가안내(공지)002.gif
41,가정통신문,280,제_193회_텝스정기시험응시.jpg,jpg,,,listed,http://dkischool.org/upload/board/제_193회_텝스정기시험응시.jpg
41,가정통신문,281,세계손씻기의_날1.jpg,jpg,,,listed,http://dkischool.org/upload/board/세계손씻기의_날1.jpg
41,가정통신문,281,세계손씻기의_날2.jpg,jpg,,,listed,http://dkischool.org/upload/board/세계손씻기의_날2.jpg
41,가정통신문,282,가통_과정선택-2015학년도_11학년.jpg,jpg,,,listed,http://dkischool.org/upload/board/가통_과정선택-2015학년도_11학년.jpg
41,가정통신문,283,가통_선택과목-2015학년도_12학년.jpg,jpg,,,listed,http://dkischool.org/upload/board/가통_선택과목-2015학년도_12학년.jpg
41,가정통신문,284,초등14-54_유네스코학교_환경사진_전시회안내001.gif,gif,,,listed,http://dkischool.org/upload/board/초등14-54_유네스코학교_환경사진_전시회안내001.gif
41,가정통신문,285,글로벌에티켓과_매너2.jpg,jpg,,,listed,http://dkischool.org/upload/board/글로벌에티켓과_매너2.jpg
41,가정통신문,285,글로벌에티켓과_매너1.jpg,jpg,,,listed,http://dkischool.org/upload/board/글로벌에티켓과_매너1.jpg
41,가정통신문,286,gva00000f940001.gif,gif,,,listed,http://dkischool.org/upload/board/gva00000f940001.gif
41,가정통신문,287,2학기_학부모_상담주간_안내001.jpg,jpg,,,listed,http://dkischool.org/upload/board/2학기_학부모_상담주간_안내001.jpg
41,가정통신문,287,2학기_학부모_상담주간_안내002.jpg,jpg,,,listed,http://dkischool.org/upload/board/2학기_학부모_상담주간_안내002.jpg
41,가정통신문,287,2학기_학부모_상담주간_안내003.jpg,jpg,,,listed,http://dkischool.org/upload/board/2학기_학부모_상담주간_안내003.jpg
41,가정통신문,288,유네스코1.jpg,jpg,,,listed,http://dkischool.org/upload/board/유네스코1.jpg
41,가정통신문,288,유네스코2.jpg,jpg,,,listed,http://dkischool.org/upload/board/유네스코2.jpg
41,가정통신문,289,유네스코학교(사랑나눔_위캔).jpg,jpg,,,listed,http://dkischool.org/upload/board/유네스코학교(사랑나눔_위캔).jpg
41,가정통신문,291,중등_독서캠프_안내001.jpg,jpg,,,listed,http://dkischool.org/upload/board/중등_독서캠프_안내001.jpg
41,가정통신문,292,20141224가정통신문001.jpg,jpg,,,listed,http://dkischool.org/upload/board/20141224가정통신문001.jpg
41,가정통신문,294,2015학년도_중고등부_교과서_및_영어_교재_목록_안내0013.jpg,jpg,,,listed,http://dkischool.org/upload/board/2015학년도_중고등부_교과서_및_영어_교재_목록_안내0013.jpg
41,가정통신문,294,2015학년도_중고등부_교과서_및_영어_교재_목록_안내0023.jpg,jpg,,,listed,http://dkischool.org/upload/board/2015학년도_중고등부_교과서_및_영어_교재_목록_안내0023.jpg
41,가정통신문,294,2015학년도_중고등부_교과서_및_영어_교재_목록_안내0033.jpg,jpg,,,listed,http://dkischool.org/upload/board/2015학년도_중고등부_교과서_및_영어_교재_목록_안내0033.jpg
41,가정통신문,295,10013.jpg,jpg,,,listed,http://dkischool.org/upload/board/10013.jpg
41,가정통신문,295,10021.jpg,jpg,,,listed,http://dkischool.org/upload/board/10021.jpg
41,가정통신문,296,gva000016480001.gif,gif,,,listed,http://dkischool.org/upload/board/gva000016480001.gif
41,가정통신문,297,가통15-01_방과후_수업_가정통신문.hwp,hwp,,,listed,http://dkischool.org/upload/board/가통15-01_방과후_수업_가정통신문.hwp
41,가정통신문,298,가통15-02_방과후교육활동지원안내.hwp,hwp,,,listed,http://dkischool.org/upload/board/가통15-02_방과후교육활동지원안내.hwp
41,가정통신문,299,가통15-3_제199회_텝스정기시험_응시안내.hwp,hwp,,,listed,http://dkischool.org/upload/board/가통15-3_제199회_텝스정기시험_응시안내.hwp
41,가정통신문,300,2015학년1학기학비납부001.jpg,jpg,,,listed,http://dkischool.org/upload/board/2015학년1학기학비납부001.jpg
41,가정통신문,301,gva000016300001.gif,gif,,,listed,http://dkischool.org/upload/board/gva000016300001.gif
41,가정통신문,301,gva000016300002.gif,gif,,,listed,http://dkischool.org/upload/board/gva000016300002.gif
41,가정통신문,302,초등15-05호_방과후_교육활동_운영안내(가통)1.hwp,hwp,,,listed,http://dkischool.org/upload/board/초등15-05호_방과후_교육활동_운영안내(가통)1.hwp
41,가정통신문,303,중등2015-04_폭력_없는_학교_만들기001.jpg,jpg,,,listed,http://dkischool.org/upload/board/중등2015-04_폭력_없는_학교_만들기001.jpg
41,가정통신문,303,중등2015-04_폭력_없는_학교_만들기002.jpg,jpg,,,listed,http://dkischool.org/upload/board/중등2015-04_폭력_없는_학교_만들기002.jpg
41,가정통신문,304,초중등15-04_제5기_교육지원봉사단발대식.hwp,hwp,,,listed,http://dkischool.org/upload/board/초중등15-04_제5기_교육지원봉사단발대식.hwp
41,가정통신문,305,가통15-05_2015년_1학기_중고등부_방과후보충심화_수강료_및_석식비_납부안내.hwp,hwp,,,listed,http://dkischool.org/upload/board/가통15-05_2015년_1학기_중고등부_방과후보충심화_수강료_및_석식비_납부안내.hwp
41,가정통신문,306,초중등15-02_2015학년도_학부모_총회_및_학급_간담회_개최_안내.hwp,hwp,,,listed,http://dkischool.org/upload/board/초중등15-02_2015학년도_학부모_총회_및_학급_간담회_개최_안내.hwp
41,가정통신문,307,초중등15-03__2015학년도_초중등_중국어_교재비_안내.hwp,hwp,,,listed,http://dkischool.org/upload/board/초중등15-03__2015학년도_초중등_중국어_교재비_안내.hwp
41,가정통신문,308,가통15-06__2015_1회_재외학교연합_모의고사_실시안내.hwp,hwp,,,listed,http://dkischool.org/upload/board/가통15-06__2015_1회_재외학교연합_모의고사_실시안내.hwp
41,가정통신문,309,가통15-07_가천대학교_대입전형_설명회.hwp,hwp,,,listed,http://dkischool.org/upload/board/가통15-07_가천대학교_대입전형_설명회.hwp
41,가정통신문,310,2016_서울여대_재외국민과_외국인전형_모집요강.pdf,pdf,,,listed,http://dkischool.org/upload/board/2016_서울여대_재외국민과_외국인전형_모집요강.pdf
41,가정통신문,311,초중등15-09_오픈스쿨데이_및_학부모상담주간_운영_안내.hwp,hwp,,,listed,http://dkischool.org/upload/board/초중등15-09_오픈스쿨데이_및_학부모상담주간_운영_안내.hwp
41,가정통신문,312,5세_원아모집_안내1.hwp,hwp,,,listed,http://dkischool.org/upload/board/5세_원아모집_안내1.hwp
41,가정통신문,313,토요_특별_프로그램_운영_안내1.hwp,hwp,,,listed,http://dkischool.org/upload/board/토요_특별_프로그램_운영_안내1.hwp
41,가정통신문,314,학칙규정개정0013.jpg,jpg,,,listed,http://dkischool.org/upload/board/학칙규정개정0013.jpg
41,가정통신문,315,가통_15-11_제201회_텝스정기시험_응시안내문.hwp,hwp,,,listed,http://dkischool.org/upload/board/가통_15-11_제201회_텝스정기시험_응시안내문.hwp
41,가정통신문,316,가통15-13여름방학보충및심화학습신청안내(1).hwp,hwp,,,listed,http://dkischool.org/upload/board/가통15-13여름방학보충및심화학습신청안내(1).hwp
41,가정통신문,317,가통15-152015년여름방학보충심화학습수강료납부안내(2).hwp,hwp,,,listed,http://dkischool.org/upload/board/가통15-152015년여름방학보충심화학습수강료납부안내(2).hwp
41,가정통신문,318,가통15-162015학년도저소득층자녀학비지원안내.hwp,hwp,,,listed,http://dkischool.org/upload/board/가통15-162015학년도저소득층자녀학비지원안내.hwp
41,가정통신문,319,초중등15-13호흡기질병예방안내.hwp,hwp,,,listed,http://dkischool.org/upload/board/초중등15-13호흡기질병예방안내.hwp
41,가정통신문,320,유치원6월현장체험학습가정통신문.hwp,hwp,,,listed,http://dkischool.org/upload/board/유치원6월현장체험학습가정통신문.hwp
41,가정통신문,321,유치원오픈스쿨데이가정통신문.hwp,hwp,,,listed,http://dkischool.org/upload/board/유치원오픈스쿨데이가정통신문.hwp
41,가정통신문,322,가통15-142015년여름방학방과후교육활동지원안내.hwp,hwp,,,listed,http://dkischool.org/upload/board/가통15-142015년여름방학방과후교육활동지원안내.hwp
41,가정통신문,323,초중등15-14메르스대처관련안내(3차)수정.hwp,hwp,,,listed,http://dkischool.org/upload/board/초중등15-14메르스대처관련안내(3차)수정.hwp
41,가정통신문,324,초중등15-15외국어장학금지급안내.hwp,hwp,,,listed,http://dkischool.org/upload/board/초중등15-15외국어장학금지급안내.hwp
41,가정통신문,325,초등15-26호계절활동프로그램연기.hwp,hwp,,,listed,http://dkischool.org/upload/board/초등15-26호계절활동프로그램연기.hwp
41,가정통신문,326,초등계절활동프로그램실시안내_1.jpg,jpg,,,listed,http://dkischool.org/upload/board/초등계절활동프로그램실시안내_1.jpg
41,가정통신문,327,가통15-20방과후수업가정통신문.hwp,hwp,,,listed,http://dkischool.org/upload/board/가통15-20방과후수업가정통신문.hwp
41,가정통신문,328,가통15-21제206회텝스정기시험응시안내문.hwp,hwp,,,listed,http://dkischool.org/upload/board/가통15-21제206회텝스정기시험응시안내문.hwp
41,가정통신문,329,초등15-35호초등2학기방과후교육활동고지서안내(0827).hwp,hwp,,,listed,http://dkischool.org/upload/board/초등15-35호초등2학기방과후교육활동고지서안내(0827).hwp
41,가정통신문,330,가통15-222015년2학기중고등부방과후보충심화수강료납부안내.hwp,hwp,,,listed,http://dkischool.org/upload/board/가통15-222015년2학기중고등부방과후보충심화수강료납부안내.hwp
41,가정통신문,330,2학기방과후수강료및석식비납입서영수증.hwp,hwp,,,listed,http://dkischool.org/upload/board/2학기방과후수강료및석식비납입서영수증.hwp
41,가정통신문,331,가정통신문(등하교안전지도).jpg,jpg,,,listed,http://dkischool.org/upload/board/가정통신문(등하교안전지도).jpg
41,가정통신문,331,초등15-등하교안전지도.hwp,hwp,,,listed,http://dkischool.org/upload/board/초등15-등하교안전지도.hwp
41,가정통신문,332,초중등15-172015학년도2학기초중등임원수련회안내001.jpg,jpg,,,listed,http://dkischool.org/upload/board/초중등15-172015학년도2학기초중등임원수련회안내001.jpg
41,가정통신문,333,14(1)_4.jpg,jpg,,,listed,http://dkischool.org/upload/board/14(1)_4.jpg
41,가정통신문,334,2015학년도중등테마학습장소선호도조사001_1.jpg,jpg,,,listed,http://dkischool.org/upload/board/2015학년도중등테마학습장소선호도조사001_1.jpg
41,가정통신문,334,2015학년도중등테마학습장소선호도조사002_1.jpg,jpg,,,listed,http://dkischool.org/upload/board/2015학년도중등테마학습장소선호도조사002_1.jpg
41,가정통신문,335,중등테마학습신청001_1.jpg,jpg,,,listed,http://dkischool.org/upload/board/중등테마학습신청001_1.jpg
41,가정통신문,336,gva000002d40001.jpg,jpg,,,listed,http://dkischool.org/upload/board/gva000002d40001.jpg
41,가정통신문,336,gva000002d40002.jpg,jpg,,,listed,http://dkischool.org/upload/board/gva000002d40002.jpg
41,가정통신문,337,gva000002d80001.jpg,jpg,,,listed,http://dkischool.org/upload/board/gva000002d80001.jpg
41,가정통신문,337,gva000002d80002.jpg,jpg,,,listed,http://dkischool.org/upload/board/gva000002d80002.jpg
41,가정통신문,338,0(1)_1.jpg,jpg,,,listed,http://dkischool.org/upload/board/0(1)_1.jpg
41,가정통신문,339,초등15-40호4학년현장체험학습안내001.jpg,jpg,,,listed,http://dkischool.org/upload/board/초등15-40호4학년현장체험학습안내001.jpg
41,가정통신문,340,테마학습납부안내001_1.jpg,jpg,,,listed,http://dkischool.org/upload/board/테마학습납부안내001_1.jpg
41,가정통신문,340,테마학습납부안내002_1.jpg,jpg,,,listed,http://dkischool.org/upload/board/테마학습납부안내002_1.jpg
41,가정통신문,341,초등15-41호스카우트제6차대집회안내.jpg,jpg,,,listed,http://dkischool.org/upload/board/초등15-41호스카우트제6차대집회안내.jpg
41,가정통신문,342,초중등15-232학기학부모상담주간안내001.jpg,jpg,,,listed,http://dkischool.org/upload/board/초중등15-232학기학부모상담주간안내001.jpg
41,가정통신문,342,초중등15-232학기학부모상담주간안내002.jpg,jpg,,,listed,http://dkischool.org/upload/board/초중등15-232학기학부모상담주간안내002.jpg
41,가정통신문,342,초중등15-232학기학부모상담주간안내003.jpg,jpg,,,listed,http://dkischool.org/upload/board/초중등15-232학기학부모상담주간안내003.jpg
41,가정통신문,343,초중등15-212015학년도2학기저소득층학비지원.hwp,hwp,,,listed,http://dkischool.org/upload/board/초중등15-212015학년도2학기저소득층학비지원.hwp
41,가정통신문,344,2015중등나비제-초대장-외부용001_1.jpg,jpg,,,listed,http://dkischool.org/upload/board/2015중등나비제-초대장-외부용001_1.jpg
41,가정통신문,344,2015중등나비제-초대장-외부용002_1.jpg,jpg,,,listed,http://dkischool.org/upload/board/2015중등나비제-초대장-외부용002_1.jpg
41,가정통신문,345,가통15-33진학설명회가정통신문.hwp,hwp,,,listed,http://dkischool.org/upload/board/가통15-33진학설명회가정통신문.hwp
41,가정통신문,346,가통15-34겨울방학보충및심화학습신청안내가통.hwp,hwp,,,listed,http://dkischool.org/upload/board/가통15-34겨울방학보충및심화학습신청안내가통.hwp
41,가정통신문,347,초중등15-27임시휴업일안내.hwp,hwp,,,listed,http://dkischool.org/upload/board/초중등15-27임시휴업일안내.hwp
41,가정통신문,348,중등독서캠프안내001_1.jpg,jpg,,,listed,http://dkischool.org/upload/board/중등독서캠프안내001_1.jpg
41,가정통신문,349,초중등15-282학기외국어장학금지급안내.hwp,hwp,,,listed,http://dkischool.org/upload/board/초중등15-282학기외국어장학금지급안내.hwp
41,가정통신문,350,가통15-362015년겨울방학방과후보충심화수업실시가정통신문(6).hwp,hwp,,,listed,http://dkischool.org/upload/board/가통15-362015년겨울방학방과후보충심화수업실시가정통신문(6).hwp
41,가정통신문,351,가통15-382016학년도중고등부교과서및영어중국어교재목록안내(1).hwp,hwp,,,listed,http://dkischool.org/upload/board/가통15-382016학년도중고등부교과서및영어중국어교재목록안내(1).hwp
41,가정통신문,352,gva000017340001.jpg,jpg,,,listed,http://dkischool.org/upload/board/gva000017340001.jpg
41,가정통신문,353,가통16-01방과후수업가정통신문.hwp,hwp,,,listed,http://dkischool.org/upload/board/가통16-01방과후수업가정통신문.hwp
41,가정통신문,354,20160302001_1.jpg,jpg,,,listed,http://dkischool.org/upload/board/20160302001_1.jpg
41,가정통신문,354,01.2016년1학기학비안내통신.hwp,hwp,,,listed,http://dkischool.org/upload/board/01.2016년1학기학비안내통신.hwp
41,가정통신문,355,가통16-003가천대학대입전형설명회.pdf,pdf,,,listed,http://dkischool.org/upload/board/가통16-003가천대학대입전형설명회.pdf
41,가정통신문,356,초등16-02호2016학년도1학기방과후수강신청안내.hwp,hwp,,,listed,http://dkischool.org/upload/board/초등16-02호2016학년도1학기방과후수강신청안내.hwp
41,가정통신문,357,가통16-04방과후교육활동지원안내(홈피게시용).hwp,hwp,,,listed,http://dkischool.org/upload/board/가통16-04방과후교육활동지원안내(홈피게시용).hwp
41,가정통신문,358,teps안내문_1.jpg,jpg,,,listed,http://dkischool.org/upload/board/teps안내문_1.jpg
41,가정통신문,358,가통16-02제215회텝스정기시험응시안내.hwp,hwp,,,listed,http://dkischool.org/upload/board/가통16-02제215회텝스정기시험응시안내.hwp
41,가정통신문,359,(중등)개인정보수집및이용동의서.hwp,hwp,,,listed,http://dkischool.org/upload/board/(중등)개인정보수집및이용동의서.hwp
41,가정통신문,360,가통16-07폭력없는학교만들기1_1.jpg,jpg,,,listed,http://dkischool.org/upload/board/가통16-07폭력없는학교만들기1_1.jpg
41,가정통신문,360,가통16-07폭력없는학교만들기2_1.jpg,jpg,,,listed,http://dkischool.org/upload/board/가통16-07폭력없는학교만들기2_1.jpg
41,가정통신문,361,초등16-01호개인정보수집및이용동의서001_1.jpg,jpg,,,listed,http://dkischool.org/upload/board/초등16-01호개인정보수집및이용동의서001_1.jpg
41,가정통신문,361,초등16-01호개인정보수집및이용동의서002_2.jpg,jpg,,,listed,http://dkischool.org/upload/board/초등16-01호개인정보수집및이용동의서002_2.jpg
41,가정통신문,362,납부고지서001_1.jpg,jpg,,,listed,http://dkischool.org/upload/board/납부고지서001_1.jpg
41,가정통신문,362,납부고지서002_1.jpg,jpg,,,listed,http://dkischool.org/upload/board/납부고지서002_1.jpg
41,가정통신문,362,초등16-04호초등1학기방과후교육활동고지서안내.hwp,hwp,,,listed,http://dkischool.org/upload/board/초등16-04호초등1학기방과후교육활동고지서안내.hwp
41,가정통신문,363,2016학년도학부모총회및학급간담회개최안내_1.jpg,jpg,,,listed,http://dkischool.org/upload/board/2016학년도학부모총회및학급간담회개최안내_1.jpg
41,가정통신문,364,가통16-052016년1학기중고등부방과후보충심화수강료및석식비납부안내.hwp,hwp,,,listed,http://dkischool.org/upload/board/가통16-052016년1학기중고등부방과후보충심화수강료및석식비납부안내.hwp
41,가정통신문,364,20161학기방과후수강료납입서영수증.hwp,hwp,,,listed,http://dkischool.org/upload/board/20161학기방과후수강료납입서영수증.hwp
41,가정통신문,364,2016학년석식비영수증.hwp,hwp,,,listed,http://dkischool.org/upload/board/2016학년석식비영수증.hwp
41,가정통신문,365,제6기교육지원봉사단모집및발대식안내1면_2.jpg,jpg,,,listed,http://dkischool.org/upload/board/제6기교육지원봉사단모집및발대식안내1면_2.jpg
41,가정통신문,365,제6기교육지원봉사단모집및발대식안내2면_2.jpg,jpg,,,listed,http://dkischool.org/upload/board/제6기교육지원봉사단모집및발대식안내2면_2.jpg
41,가정통신문,366,테마학습1_1.jpg,jpg,,,listed,http://dkischool.org/upload/board/테마학습1_1.jpg
41,가정통신문,366,테마학습2_1.jpg,jpg,,,listed,http://dkischool.org/upload/board/테마학습2_1.jpg
41,가정통신문,367,초등16-06호2016학년도초등외국어부평가계획안내.hwp,hwp,,,listed,http://dkischool.org/upload/board/초등16-06호2016학년도초등외국어부평가계획안내.hwp
41,가정통신문,368,테마학습신청서1_1.jpg,jpg,,,listed,http://dkischool.org/upload/board/테마학습신청서1_1.jpg
41,가정통신문,368,테마학습신청서2_1.jpg,jpg,,,listed,http://dkischool.org/upload/board/테마학습신청서2_1.jpg
41,가정통신문,369,통일골든벨가정통신문_1.jpg,jpg,,,listed,http://dkischool.org/upload/board/통일골든벨가정통신문_1.jpg
41,가정통신문,370,초등16-08호초등학교6학년테마학습관련안내001_1.jpg,jpg,,,listed,http://dkischool.org/upload/board/초등16-08호초등학교6학년테마학습관련안내001_1.jpg
41,가정통신문,370,초등16-08호초등학교6학년테마학습관련안내002_1.jpg,jpg,,,listed,http://dkischool.org/upload/board/초등16-08호초등학교6학년테마학습관련안내002_1.jpg
41,가정통신문,371,2016학년도교과별평가계획안내(중)001_2.jpg,jpg,,,listed,http://dkischool.org/upload/board/2016학년도교과별평가계획안내(중)001_2.jpg
41,가정통신문,371,2016학년도교과별평가계획안내(중)002_2.jpg,jpg,,,listed,http://dkischool.org/upload/board/2016학년도교과별평가계획안내(중)002_2.jpg
41,가정통신문,372,2016학년도교과별평가계획안내(고)001_1.jpg,jpg,,,listed,http://dkischool.org/upload/board/2016학년도교과별평가계획안내(고)001_1.jpg
41,가정통신문,372,2016학년도교과별평가계획안내(고)002_1.jpg,jpg,,,listed,http://dkischool.org/upload/board/2016학년도교과별평가계획안내(고)002_1.jpg
41,가정통신문,372,2016학년도교과별평가계획안내(고)003_1.jpg,jpg,,,listed,http://dkischool.org/upload/board/2016학년도교과별평가계획안내(고)003_1.jpg
41,가정통신문,373,유네스코학교드림캠페인전개.jpg,jpg,,,listed,http://dkischool.org/upload/board/유네스코학교드림캠페인전개.jpg
41,가정통신문,374,001(1)_2.jpg,jpg,,,listed,http://dkischool.org/upload/board/001(1)_2.jpg
41,가정통신문,375,초등16-12호테마학습납부안내장001_1.jpg,jpg,,,listed,http://dkischool.org/upload/board/초등16-12호테마학습납부안내장001_1.jpg
41,가정통신문,375,초등16-12호테마학습납부안내장002_2.jpg,jpg,,,listed,http://dkischool.org/upload/board/초등16-12호테마학습납부안내장002_2.jpg
41,가정통신문,376,초등16-13호초등부현장체험학습가정통신문001_1.jpg,jpg,,,listed,http://dkischool.org/upload/board/초등16-13호초등부현장체험학습가정통신문001_1.jpg
41,가정통신문,378,오픈스쿨(1)_1.jpg,jpg,,,listed,http://dkischool.org/upload/board/오픈스쿨(1)_1.jpg
41,가정통신문,379,8학년테마학습비납부안내_1.jpg,jpg,,,listed,http://dkischool.org/upload/board/8학년테마학습비납부안내_1.jpg
41,가정통신문,379,10학년테마학습비납부안내_1.jpg,jpg,,,listed,http://dkischool.org/upload/board/10학년테마학습비납부안내_1.jpg
41,가정통신문,380,가통16-18제217회텝스정기시험응시안내.hwp,hwp,,,listed,http://dkischool.org/upload/board/가통16-18제217회텝스정기시험응시안내.hwp
41,가정통신문,380,제217회TEPS정기시험응시안내문_1.jpg,jpg,,,listed,http://dkischool.org/upload/board/제217회TEPS정기시험응시안내문_1.jpg
41,가정통신문,381,scan1_1.jpg,jpg,,,listed,http://dkischool.org/upload/board/scan1_1.jpg
41,가정통신문,381,scan2_1.jpg,jpg,,,listed,http://dkischool.org/upload/board/scan2_1.jpg
41,가정통신문,383,중대설명회001_1.jpg,jpg,,,listed,http://dkischool.org/upload/board/중대설명회001_1.jpg
41,가정통신문,384,초등16-18호2016학년도내고장자연탐구활동실시가정통신문001_1.jpg,jpg,,,listed,http://dkischool.org/upload/board/초등16-18호2016학년도내고장자연탐구활동실시가정통신문001_1.jpg
41,가정통신문,385,연대-위해현장체험학습신청서_1.jpg,jpg,,,listed,http://dkischool.org/upload/board/연대-위해현장체험학습신청서_1.jpg
41,가정통신문,386,현장체험학습가정통신문_1.jpg,jpg,,,listed,http://dkischool.org/upload/board/현장체험학습가정통신문_1.jpg
41,가정통신문,386,현장체험학습가정통신문2_2.jpg,jpg,,,listed,http://dkischool.org/upload/board/현장체험학습가정통신문2_2.jpg
41,가정통신문,387,gva000019640001.jpg,jpg,,,listed,http://dkischool.org/upload/board/gva000019640001.jpg
41,가정통신문,387,gva000019640002.jpg,jpg,,,listed,http://dkischool.org/upload/board/gva000019640002.jpg
41,가정통신문,388,여름방학방과후강좌및시간안내.hwp,hwp,,,listed,http://dkischool.org/upload/board/여름방학방과후강좌및시간안내.hwp
41,가정통신문,388,저소득층지원신청서양식.hwp,hwp,,,listed,http://dkischool.org/upload/board/저소득층지원신청서양식.hwp
41,가정통신문,389,계절활동가정통신문.jpg,jpg,,,listed,http://dkischool.org/upload/board/계절활동가정통신문.jpg
41,가정통신문,390,004(1)_1.jpg,jpg,,,listed,http://dkischool.org/upload/board/004(1)_1.jpg
41,가정통신문,391,중등부1학기기말고사일정조정및명사특강실시안내001_1.jpg,jpg,,,listed,http://dkischool.org/upload/board/중등부1학기기말고사일정조정및명사특강실시안내001_1.jpg
41,가정통신문,392,초등여름방학캠프고지서001_1.jpg,jpg,,,listed,http://dkischool.org/upload/board/초등여름방학캠프고지서001_1.jpg
41,가정통신문,392,초등여름방학캠프고지서002_1.jpg,jpg,,,listed,http://dkischool.org/upload/board/초등여름방학캠프고지서002_1.jpg
41,가정통신문,392,초등여름방학캠프고지서003_1.jpg,jpg,,,listed,http://dkischool.org/upload/board/초등여름방학캠프고지서003_1.jpg
41,가정통신문,393,행정16-2_1.jpg,jpg,,,listed,http://dkischool.org/upload/board/행정16-2_1.jpg
41,가정통신문,394,통일캠프가정통신문_1.jpg,jpg,,,listed,http://dkischool.org/upload/board/통일캠프가정통신문_1.jpg
41,가정통신문,395,가통16-252016학년도여름방학보충심화학습수강료납부안내(홈피게시용).hwp,hwp,,,listed,http://dkischool.org/upload/board/가통16-252016학년도여름방학보충심화학습수강료납부안내(홈피게시용).hwp
41,가정통신문,396,초등계절활동프로그램실시.jpg,jpg,,,listed,http://dkischool.org/upload/board/초등계절활동프로그램실시.jpg
41,가정통신문,397,초등16-26호초등2학기소프트웨어교육실시안내001.jpg,jpg,,,listed,http://dkischool.org/upload/board/초등16-26호초등2학기소프트웨어교육실시안내001.jpg
41,가정통신문,398,2016년2학기학비안내_1.jpg,jpg,,,listed,http://dkischool.org/upload/board/2016년2학기학비안내_1.jpg
41,가정통신문,399,2016학년도2학기방과후교육활동및저소득층지원신청안내(중등).hwp,hwp,,,listed,http://dkischool.org/upload/board/2016학년도2학기방과후교육활동및저소득층지원신청안내(중등).hwp
41,가정통신문,400,제222회텝스정기시험응시안내.hwp,hwp,,,listed,http://dkischool.org/upload/board/제222회텝스정기시험응시안내.hwp
41,가정통신문,401,초등16-28호2016학년도초등2학기방과후교육활동수강신청.hwp,hwp,,,listed,http://dkischool.org/upload/board/초등16-28호2016학년도초등2학기방과후교육활동수강신청.hwp
41,가정통신문,402,초등16-30호초등2학기방과후교육활동고지서.hwp,hwp,,,listed,http://dkischool.org/upload/board/초등16-30호초등2학기방과후교육활동고지서.hwp
41,가정통신문,403,가통16-312016학년도2학기중고등부방과후보충심화수강료및석식비납부안내.hwp,hwp,,,listed,http://dkischool.org/upload/board/가통16-312016학년도2학기중고등부방과후보충심화수강료및석식비납부안내.hwp
41,가정통신문,404,초중등16-10교육지원봉사단추가모집.hwp,hwp,,,listed,http://dkischool.org/upload/board/초중등16-10교육지원봉사단추가모집.hwp
41,가정통신문,405,gva00000f7c0001.jpg,jpg,,,listed,http://dkischool.org/upload/board/gva00000f7c0001.jpg
41,가정통신문,407,"글짓기,그림,사진대회_1.jpg",jpg,,,listed,"http://dkischool.org/upload/board/글짓기,그림,사진대회_1.jpg"
41,가정통신문,408,학비지원가통_1.jpg,jpg,,,listed,http://dkischool.org/upload/board/학비지원가통_1.jpg
41,가정통신문,409,가통16-34제225회텝스정기시험응시안내.hwp,hwp,,,listed,http://dkischool.org/upload/board/가통16-34제225회텝스정기시험응시안내.hwp
41,가정통신문,411,겨울방학방과후교육활동및저소득층지원안내(1).hwp,hwp,,,listed,http://dkischool.org/upload/board/겨울방학방과후교육활동및저소득층지원안내(1).hwp
41,가정통신문,412,장학금지급가통스캔_1.jpg,jpg,,,listed,http://dkischool.org/upload/board/장학금지급가통스캔_1.jpg
41,가정통신문,414,2016DKIS청소년리더십학교안내및참가신청서가정통신문.pdf,pdf,,,listed,http://dkischool.org/upload/board/2016DKIS청소년리더십학교안내및참가신청서가정통신문.pdf
41,가정통신문,415,scan1_2.jpg,jpg,,,listed,http://dkischool.org/upload/board/scan1_2.jpg
41,가정통신문,415,scan2_2.jpg,jpg,,,listed,http://dkischool.org/upload/board/scan2_2.jpg
41,가정통신문,415,scan3_1.jpg,jpg,,,listed,http://dkischool.org/upload/board/scan3_1.jpg
41,가정통신문,415,scan4_1.jpg,jpg,,,listed,http://dkischool.org/upload/board/scan4_1.jpg
41,가정통신문,418,2017학년도초등영어교재안내가정통신문001.jpg,jpg,,,listed,http://dkischool.org/upload/board/2017학년도초등영어교재안내가정통신문001.jpg
41,가정통신문,419,가통16-442017학년도중고등부교과서및영어중국어교재목록안내.hwp,hwp,,,listed,http://dkischool.org/upload/board/가통16-442017학년도중고등부교과서및영어중국어교재목록안내.hwp
41,가정통신문,421,가통17-041학기방과후교육활동및저소득층지원신청안내(1).hwp,hwp,,,listed,http://dkischool.org/upload/board/가통17-041학기방과후교육활동및저소득층지원신청안내(1).hwp
41,가정통신문,422,가통17-01제231회TEPS정기시험응시안내문.hwp,hwp,,,listed,http://dkischool.org/upload/board/가통17-01제231회TEPS정기시험응시안내문.hwp
41,가정통신문,423,영사관안내001_1.jpg,jpg,,,listed,http://dkischool.org/upload/board/영사관안내001_1.jpg
41,가정통신문,424,가통17-051학기방과후교육활동수강료납부안내가정통신문(1).hwp,hwp,,,listed,http://dkischool.org/upload/board/가통17-051학기방과후교육활동수강료납부안내가정통신문(1).hwp
41,가정통신문,425,가통17-03폭력없는학교만들기협조요청.hwp,hwp,,,listed,http://dkischool.org/upload/board/가통17-03폭력없는학교만들기협조요청.hwp
41,가정통신문,426,독서감상기록장.hwp,hwp,,,listed,http://dkischool.org/upload/board/독서감상기록장.hwp
41,가정통신문,426,2017대련한국학교독서통장(중고등)-2.hwp,hwp,,,listed,http://dkischool.org/upload/board/2017대련한국학교독서통장(중고등)-2.hwp
41,가정통신문,426,가통17-082017대련한국국제학교중등부독서교육안내.pdf,pdf,,,listed,http://dkischool.org/upload/board/가통17-082017대련한국국제학교중등부독서교육안내.pdf
41,가정통신문,428,"가통17-06주요대학(한양대,가천대)입시설명회안내.hwp",hwp,,,listed,"http://dkischool.org/upload/board/가통17-06주요대학(한양대,가천대)입시설명회안내.hwp"
41,가정통신문,429,image001_7.jpg,jpg,,,listed,http://dkischool.org/upload/board/image001_7.jpg
41,가정통신문,430,가통17-052017학년도초중등임원수련회실시안내001.jpg,jpg,,,listed,http://dkischool.org/upload/board/가통17-052017학년도초중등임원수련회실시안내001.jpg
41,가정통신문,431,가통17-082017대련한국국제학교초등부독서교육안내(1).hwp,hwp,,,listed,http://dkischool.org/upload/board/가통17-082017대련한국국제학교초등부독서교육안내(1).hwp
41,가정통신문,432,가통17-09책읽어주시는어머니활동안내.hwp,hwp,,,listed,http://dkischool.org/upload/board/가통17-09책읽어주시는어머니활동안내.hwp
41,가정통신문,433,개인체험학습신청안내.jpg,jpg,,,listed,http://dkischool.org/upload/board/개인체험학습신청안내.jpg
41,가정통신문,434,테미힉습추가납부안내(가통).hwp,hwp,,,listed,http://dkischool.org/upload/board/테미힉습추가납부안내(가통).hwp
41,가정통신문,435,gva000006e80001_1.jpg,jpg,,,listed,http://dkischool.org/upload/board/gva000006e80001_1.jpg
41,가정통신문,435,gva000006e80002_1.jpg,jpg,,,listed,http://dkischool.org/upload/board/gva000006e80002_1.jpg
41,가정통신문,435,gva000006e80001_2.jpg,jpg,,,listed,http://dkischool.org/upload/board/gva000006e80001_2.jpg
41,가정통신문,435,gva000006e80002_2.jpg,jpg,,,listed,http://dkischool.org/upload/board/gva000006e80002_2.jpg
41,가정통신문,435,gva000006e80003.jpg,jpg,,,listed,http://dkischool.org/upload/board/gva000006e80003.jpg
41,가정통신문,436,gva0000172c0001.jpg,jpg,,,listed,http://dkischool.org/upload/board/gva0000172c0001.jpg
41,가정통신문,436,gva0000172c0002.jpg,jpg,,,listed,http://dkischool.org/upload/board/gva0000172c0002.jpg
41,가정통신문,437,2017년역사·통일골든벨대회(1).hwp,hwp,,,listed,http://dkischool.org/upload/board/2017년역사·통일골든벨대회(1).hwp
41,가정통신문,438,가통17-102017학년도학사일정변경안내(1).hwp,hwp,,,listed,http://dkischool.org/upload/board/가통17-102017학년도학사일정변경안내(1).hwp
41,가정통신문,439,가통17-152017년역사·통일골든벨대회본선참가안내.hwp,hwp,,,listed,http://dkischool.org/upload/board/가통17-152017년역사·통일골든벨대회본선참가안내.hwp
41,가정통신문,440,가통17-16제233회TEPS정기시험응시안내문.hwp,hwp,,,listed,http://dkischool.org/upload/board/가통17-16제233회TEPS정기시험응시안내문.hwp
41,가정통신문,441,2017학년도OpenSchoolDay운영및학부모상담주간운영안내가정통신_1.jpg,jpg,,,listed,http://dkischool.org/upload/board/2017학년도OpenSchoolDay운영및학부모상담주간운영안내가정통신_1.jpg
41,가정통신문,442,가통17-192017제2회연합모의고사실시안내문.hwp,hwp,,,listed,http://dkischool.org/upload/board/가통17-192017제2회연합모의고사실시안내문.hwp
41,가정통신문,443,가통17-20여름방학방과후교육활동사전수요조사.hwp,hwp,,,listed,http://dkischool.org/upload/board/가통17-20여름방학방과후교육활동사전수요조사.hwp
41,가정통신문,444,가통17-112017학년도졸업앨범구매희망조사.hwp,hwp,,,listed,http://dkischool.org/upload/board/가통17-112017학년도졸업앨범구매희망조사.hwp
41,가정통신문,445,대련초등17-09호지구를살리는유네스코학교아나바다장터참여안내.hwp,hwp,,,listed,http://dkischool.org/upload/board/대련초등17-09호지구를살리는유네스코학교아나바다장터참여안내.hwp
41,가정통신문,446,가통17-21여름방학방과후교육활동및저소득층지원신청안내.hwp,hwp,,,listed,http://dkischool.org/upload/board/가통17-21여름방학방과후교육활동및저소득층지원신청안내.hwp
41,가정통신문,447,가통17-22여름방학방과후교육활동수강료납부안내가정통신문.hwp,hwp,,,listed,http://dkischool.org/upload/board/가통17-22여름방학방과후교육활동수강료납부안내가정통신문.hwp
41,가정통신문,448,2017년국가수준학업성취도평가안내.hwp,hwp,,,listed,http://dkischool.org/upload/board/2017년국가수준학업성취도평가안내.hwp
41,가정통신문,449,가통17-122017학년도장학금지급기준안안내.hwp,hwp,,,listed,http://dkischool.org/upload/board/가통17-122017학년도장학금지급기준안안내.hwp
41,가정통신문,450,가통17-2520171학기외국어장학금신청안내001.jpg,jpg,,,listed,http://dkischool.org/upload/board/가통17-2520171학기외국어장학금신청안내001.jpg
41,가정통신문,451,가통17-172017학비지원신청안내001.jpg,jpg,,,listed,http://dkischool.org/upload/board/가통17-172017학비지원신청안내001.jpg
41,가정통신문,451,학비지원신청서및담임추천서(2017).hwp,hwp,,,listed,http://dkischool.org/upload/board/학비지원신청서및담임추천서(2017).hwp
41,가정통신문,452,초등여름방학방과후안내001_1.jpg,jpg,,,listed,http://dkischool.org/upload/board/초등여름방학방과후안내001_1.jpg
41,가정통신문,452,초등여름방학방과후안내003_1.jpg,jpg,,,listed,http://dkischool.org/upload/board/초등여름방학방과후안내003_1.jpg
41,가정통신문,452,초등여름방학방과후안내004_1.jpg,jpg,,,listed,http://dkischool.org/upload/board/초등여름방학방과후안내004_1.jpg
41,가정통신문,453,1학기방과후활동정산.pdf,pdf,,,listed,http://dkischool.org/upload/board/1학기방과후활동정산.pdf
41,가정통신문,454,독서캠프가정통신.hwp,hwp,,,listed,http://dkischool.org/upload/board/독서캠프가정통신.hwp
41,가정통신문,456,가통17-27제238회TEPS정기시험응시안내문.hwp,hwp,,,listed,http://dkischool.org/upload/board/가통17-27제238회TEPS정기시험응시안내문.hwp
41,가정통신문,457,가통17-292017학년도2학기방과후교육활동및자기주도학습운영계획안(1).hwp,hwp,,,listed,http://dkischool.org/upload/board/가통17-292017학년도2학기방과후교육활동및자기주도학습운영계획안(1).hwp
41,가정통신문,458,2학기수업료001_1.jpg,jpg,,,listed,http://dkischool.org/upload/board/2학기수업료001_1.jpg
41,가정통신문,459,안전강화를위한학교출입절차변경안내_1.jpg,jpg,,,listed,http://dkischool.org/upload/board/안전강화를위한학교출입절차변경안내_1.jpg
41,가정통신문,460,가통17-322017학년도2학기방과후교육활동수강료안내.hwp,hwp,,,listed,http://dkischool.org/upload/board/가통17-322017학년도2학기방과후교육활동수강료안내.hwp
41,가정통신문,463,대련초등17-23호초등2학기방과후교육활동납부고지서.hwp,hwp,,,listed,http://dkischool.org/upload/board/대련초등17-23호초등2학기방과후교육활동납부고지서.hwp
41,가정통신문,464,gva000014140001.jpg,jpg,,,listed,http://dkischool.org/upload/board/gva000014140001.jpg
41,가정통신문,464,gva000014140002.jpg,jpg,,,listed,http://dkischool.org/upload/board/gva000014140002.jpg
41,가정통신문,465,가통17-312017학년도12학년2학기교육과정운영및테마별교외체험학습안내.hwp,hwp,,,listed,http://dkischool.org/upload/board/가통17-312017학년도12학년2학기교육과정운영및테마별교외체험학습안내.hwp
41,가정통신문,466,대련초등17-24생태체험학습장토끼분양신청안내.hwp,hwp,,,listed,http://dkischool.org/upload/board/대련초등17-24생태체험학습장토끼분양신청안내.hwp
41,가정통신문,467,석식시간변경안내(가통)(1).hwp,hwp,,,listed,http://dkischool.org/upload/board/석식시간변경안내(가통)(1).hwp
41,가정통신문,468,석식신청방법변경안내(가통)1.pdf,pdf,,,listed,http://dkischool.org/upload/board/석식신청방법변경안내(가통)1.pdf
41,가정통신문,469,대련초등17-27호2학기태권도승급심사안내001.jpg,jpg,,,listed,http://dkischool.org/upload/board/대련초등17-27호2학기태권도승급심사안내001.jpg
41,가정통신문,470,gva00000e440001.jpg,jpg,,,listed,http://dkischool.org/upload/board/gva00000e440001.jpg
41,가정통신문,470,gva00000e440002.jpg,jpg,,,listed,http://dkischool.org/upload/board/gva00000e440002.jpg
41,가정통신문,471,가통17-3320172학기교과별평가계획수정안내(중학교).hwp,hwp,,,listed,http://dkischool.org/upload/board/가통17-3320172학기교과별평가계획수정안내(중학교).hwp
41,가정통신문,471,가통17-3420172학기교과별평가계획수정안내(고등학교).hwp,hwp,,,listed,http://dkischool.org/upload/board/가통17-3420172학기교과별평가계획수정안내(고등학교).hwp
41,가정통신문,472,학생예술창작대회가통_1.jpg,jpg,,,listed,http://dkischool.org/upload/board/학생예술창작대회가통_1.jpg
41,가정통신문,473,졸업앨범최종구매희망조사및졸업앨범비납부안내001_2.jpg,jpg,,,listed,http://dkischool.org/upload/board/졸업앨범최종구매희망조사및졸업앨범비납부안내001_2.jpg
41,가정통신문,474,2017학비지원신청안내가정통신문.jpg,jpg,,,listed,http://dkischool.org/upload/board/2017학비지원신청안내가정통신문.jpg
41,가정통신문,474,학비지원신청서(양식2-1).jpg,jpg,,,listed,http://dkischool.org/upload/board/학비지원신청서(양식2-1).jpg
41,가정통신문,474,학비지원신청서뒷면.jpg,jpg,,,listed,http://dkischool.org/upload/board/학비지원신청서뒷면.jpg
41,가정통신문,475,가통17-36호중등8학년테마학습납부안내.hwp,hwp,,,listed,http://dkischool.org/upload/board/가통17-36호중등8학년테마학습납부안내.hwp
41,가정통신문,475,가통17-37호중등10학년테마학습납부안내.hwp,hwp,,,listed,http://dkischool.org/upload/board/가통17-37호중등10학년테마학습납부안내.hwp
41,가정통신문,476,가통17-2520172학기중간고사일정변경및시간표안내.hwp,hwp,,,listed,http://dkischool.org/upload/board/가통17-2520172학기중간고사일정변경및시간표안내.hwp
41,가정통신문,477,12학년2학기선택적특기적성프로그램운영및교외테마학습안내001_1.jpg,jpg,,,listed,http://dkischool.org/upload/board/12학년2학기선택적특기적성프로그램운영및교외테마학습안내001_1.jpg
41,가정통신문,478,가통17-40겨울방학방과후교육활동사전수요조사.hwp,hwp,,,listed,http://dkischool.org/upload/board/가통17-40겨울방학방과후교육활동사전수요조사.hwp
41,가정통신문,479,11월해외학교모의고사실시안내001_1.jpg,jpg,,,listed,http://dkischool.org/upload/board/11월해외학교모의고사실시안내001_1.jpg
41,가정통신문,480,가통17-41제241회TEPS정기시험응시안내문.hwp,hwp,,,listed,http://dkischool.org/upload/board/가통17-41제241회TEPS정기시험응시안내문.hwp
41,가정통신문,481,가통17-42겨울방학방과후교육활동사전수요조사결과및최종수강신청안내.hwp,hwp,,,listed,http://dkischool.org/upload/board/가통17-42겨울방학방과후교육활동사전수요조사결과및최종수강신청안내.hwp
41,가정통신문,482,2018학년도수업료인상논의를위한학교재정현황및교육발전계획설명회가정통신문.pdf,pdf,,,listed,http://dkischool.org/upload/board/2018학년도수업료인상논의를위한학교재정현황및교육발전계획설명회가정통신문.pdf
41,가정통신문,482,가정통신문(학교재정현황및교육발전계획설명회).hwp,hwp,,,listed,http://dkischool.org/upload/board/가정통신문(학교재정현황및교육발전계획설명회).hwp
41,가정통신문,483,병설유치원-휴교안내_1.jpg,jpg,,,listed,http://dkischool.org/upload/board/병설유치원-휴교안내_1.jpg
41,가정통신문,484,가통17-45겨울방학방과후교육활동수강료납부안내가정통신문.hwp,hwp,,,listed,http://dkischool.org/upload/board/가통17-45겨울방학방과후교육활동수강료납부안내가정통신문.hwp
41,가정통신문,485,20171117_등원안내_1.jpg,jpg,,,listed,http://dkischool.org/upload/board/20171117_등원안내_1.jpg
41,가정통신문,486,SKMBT_42317112120370.pdf,pdf,,,listed,http://dkischool.org/upload/board/SKMBT_42317112120370.pdf
41,가정통신문,487,가통17-442학기외국어우수장학금신청안내.jpg,jpg,,,listed,http://dkischool.org/upload/board/가통17-442학기외국어우수장학금신청안내.jpg
41,가정통신문,488,2017년도유치원졸업사진구매희망조사001_1.jpg,jpg,,,listed,http://dkischool.org/upload/board/2017년도유치원졸업사진구매희망조사001_1.jpg
41,가정통신문,489,가통17-332017학년도졸업식안내.hwp,hwp,,,listed,http://dkischool.org/upload/board/가통17-332017학년도졸업식안내.hwp
41,가정통신문,490,가통17-502018학년도중고등부교과서및영어중국어교재목록안내001_1.jpg,jpg,,,listed,http://dkischool.org/upload/board/가통17-502018학년도중고등부교과서및영어중국어교재목록안내001_1.jpg
41,가정통신문,490,가통17-502018학년도중고등부교과서및영어중국어교재목록안내002_1.jpg,jpg,,,listed,http://dkischool.org/upload/board/가통17-502018학년도중고등부교과서및영어중국어교재목록안내002_1.jpg
41,가정통신문,490,가통17-502018학년도중고등부교과서및영어중국어교재목록안내003_1.jpg,jpg,,,listed,http://dkischool.org/upload/board/가통17-502018학년도중고등부교과서및영어중국어교재목록안내003_1.jpg
41,가정통신문,490,가통17-502018학년도중고등부교과서및영어중국어교재목록안내004_1.jpg,jpg,,,listed,http://dkischool.org/upload/board/가통17-502018학년도중고등부교과서및영어중국어교재목록안내004_1.jpg
41,가정통신문,491,2018초등영어교재안내001_5.jpg,jpg,,,listed,http://dkischool.org/upload/board/2018초등영어교재안내001_5.jpg
41,가정통신문,492,제247회TEPS정기시험응시안내문001_1.jpg,jpg,,,listed,http://dkischool.org/upload/board/제247회TEPS정기시험응시안내문001_1.jpg
41,가정통신문,493,가통18-032018학년도1학기자기주도적학습신청안내.hwp,hwp,,,listed,http://dkischool.org/upload/board/가통18-032018학년도1학기자기주도적학습신청안내.hwp
41,가정통신문,494,2018학년도1학기방과후교육활동및저소득층지원신청안내001_1.jpg,jpg,,,listed,http://dkischool.org/upload/board/2018학년도1학기방과후교육활동및저소득층지원신청안내001_1.jpg
41,가정통신문,494,2018학년도1학기방과후교육활동및저소득층지원신청안내002_1.jpg,jpg,,,listed,http://dkischool.org/upload/board/2018학년도1학기방과후교육활동및저소득층지원신청안내002_1.jpg
41,가정통신문,494,가통18-022018학년도1학기방과후교육활동및저소득층지원신청안내.hwp,hwp,,,listed,http://dkischool.org/upload/board/가통18-022018학년도1학기방과후교육활동및저소득층지원신청안내.hwp
41,가정통신문,495,2018년1학기학비001_1.jpg,jpg,,,listed,http://dkischool.org/upload/board/2018년1학기학비001_1.jpg
41,가정통신문,496,학부모총회및학급간담회안내001.bmp,bmp,,,listed,http://dkischool.org/upload/board/학부모총회및학급간담회안내001.bmp
41,가정통신문,497,학부모회임원학교운영위원회학부모위원선출공고001.bmp,bmp,,,listed,http://dkischool.org/upload/board/학부모회임원학교운영위원회학부모위원선출공고001.bmp
41,가정통신문,497,학부모회임원입후보자신청서001.bmp,bmp,,,listed,http://dkischool.org/upload/board/학부모회임원입후보자신청서001.bmp
41,가정통신문,497,학교운영위원회학부모위원입후보자등록서001.bmp,bmp,,,listed,http://dkischool.org/upload/board/학교운영위원회학부모위원입후보자등록서001.bmp
41,가정통신문,497,입후보자개인정보동의서001.bmp,bmp,,,listed,http://dkischool.org/upload/board/입후보자개인정보동의서001.bmp
41,가정통신문,498,(신공용)가통18-01학생건강조사설문및교내응급처치관리안내.hwp,hwp,,,listed,http://dkischool.org/upload/board/(신공용)가통18-01학생건강조사설문및교내응급처치관리안내.hwp
41,가정통신문,499,(신초등)대련초등18-04호취학전예방접종확인안내.hwp,hwp,,,listed,http://dkischool.org/upload/board/(신초등)대련초등18-04호취학전예방접종확인안내.hwp
41,가정통신문,500,급식지원봉사단신청안내(가통).hwp,hwp,,,listed,http://dkischool.org/upload/board/급식지원봉사단신청안내(가통).hwp
41,가정통신문,501,3월001_1.jpg,jpg,,,listed,http://dkischool.org/upload/board/3월001_1.jpg
41,가정통신문,502,대련초등18-03호방과후교육활동및저소득층지원신청안내001_1.jpg,jpg,,,listed,http://dkischool.org/upload/board/대련초등18-03호방과후교육활동및저소득층지원신청안내001_1.jpg
41,가정통신문,502,대련초등18-03호방과후교육활동및저소득층지원신청안내002_1.jpg,jpg,,,listed,http://dkischool.org/upload/board/대련초등18-03호방과후교육활동및저소득층지원신청안내002_1.jpg
41,가정통신문,502,대련초등18-03호방과후교육활동및저소득층지원신청안내003_1.jpg,jpg,,,listed,http://dkischool.org/upload/board/대련초등18-03호방과후교육활동및저소득층지원신청안내003_1.jpg
41,가정통신문,503,대련초등18-05호2018학년도1학기디딤돌교육활동동의서001_1.jpg,jpg,,,listed,http://dkischool.org/upload/board/대련초등18-05호2018학년도1학기디딤돌교육활동동의서001_1.jpg
41,가정통신문,504,2018학년도1학기방과후교육활동수강료납부안내가정통신문001.jpg,jpg,,,listed,http://dkischool.org/upload/board/2018학년도1학기방과후교육활동수강료납부안내가정통신문001.jpg
41,가정통신문,504,2018학년도1학기방과후교육활동수강료납부안내가정통신문002.jpg,jpg,,,listed,http://dkischool.org/upload/board/2018학년도1학기방과후교육활동수강료납부안내가정통신문002.jpg
41,가정통신문,504,가통18-062018학년도1학기방과후교육활동수강료납부안내가정통신문.hwp,hwp,,,listed,http://dkischool.org/upload/board/가통18-062018학년도1학기방과후교육활동수강료납부안내가정통신문.hwp
41,가정통신문,505,대련초등18-07호2018학년도1학기방과후교육활동확정및안내(김보국)001_1.jpg,jpg,,,listed,http://dkischool.org/upload/board/대련초등18-07호2018학년도1학기방과후교육활동확정및안내(김보국)001_1.jpg
41,가정통신문,505,대련초등18-07호2018학년도1학기방과후교육활동확정및안내(김보국)002_1.jpg,jpg,,,listed,http://dkischool.org/upload/board/대련초등18-07호2018학년도1학기방과후교육활동확정및안내(김보국)002_1.jpg
41,가정통신문,506,"가통18-072019학년도주요대학입시설명회안내(가천대,중앙대,경희대,한국외대).hwp",hwp,,,listed,"http://dkischool.org/upload/board/가통18-072019학년도주요대학입시설명회안내(가천대,중앙대,경희대,한국외대).hwp"
41,가정통신문,507,대련초등18-08호2018학년도초등부독서교육안내(서경주).hwp,hwp,,,listed,http://dkischool.org/upload/board/대련초등18-08호2018학년도초등부독서교육안내(서경주).hwp
41,가정통신문,508,대련초등18-09호2018학년도책읽어주시는어머니활동안내(서경주)(1).hwp,hwp,,,listed,http://dkischool.org/upload/board/대련초등18-09호2018학년도책읽어주시는어머니활동안내(서경주)(1).hwp
41,가정통신문,509,가통18-142018학년도중학교교과별평가계획.hwp,hwp,,,listed,http://dkischool.org/upload/board/가통18-142018학년도중학교교과별평가계획.hwp
41,가정통신문,509,가통18-152018학년도고등학교교과별평가계획.hwp,hwp,,,listed,http://dkischool.org/upload/board/가통18-152018학년도고등학교교과별평가계획.hwp
41,가정통신문,510,2018학년도제1회재외한국학교연합모의고사실시001_1.jpg,jpg,,,listed,http://dkischool.org/upload/board/2018학년도제1회재외한국학교연합모의고사실시001_1.jpg
41,가정통신문,511,등하원동의서001_1.jpg,jpg,,,listed,http://dkischool.org/upload/board/등하원동의서001_1.jpg
41,가정통신문,512,북맘프로그램안내001_1.jpg,jpg,,,listed,http://dkischool.org/upload/board/북맘프로그램안내001_1.jpg
41,가정통신문,513,가통18-132018학년도테마학습학부모의견조사001_1.jpg,jpg,,,listed,http://dkischool.org/upload/board/가통18-132018학년도테마학습학부모의견조사001_1.jpg
41,가정통신문,514,가통18-162018학년도테마학습신청서(8학년)001_1.jpg,jpg,,,listed,http://dkischool.org/upload/board/가통18-162018학년도테마학습신청서(8학년)001_1.jpg
41,가정통신문,514,가통18-162018학년도테마학습신청서(8학년)002_1.jpg,jpg,,,listed,http://dkischool.org/upload/board/가통18-162018학년도테마학습신청서(8학년)002_1.jpg
41,가정통신문,514,가통18-172018학년도테마학습신청서(10학년)001_1.jpg,jpg,,,listed,http://dkischool.org/upload/board/가통18-172018학년도테마학습신청서(10학년)001_1.jpg
41,가정통신문,514,가통18-172018학년도테마학습신청서(10학년)002_1.jpg,jpg,,,listed,http://dkischool.org/upload/board/가통18-172018학년도테마학습신청서(10학년)002_1.jpg
41,가정통신문,515,20180403_111758_0001_1.jpg,jpg,,,listed,http://dkischool.org/upload/board/20180403_111758_0001_1.jpg
41,가정통신문,516,2018학년도컵스카우트선서식및뒷뜰안내가정통신문001.bmp,bmp,,,listed,http://dkischool.org/upload/board/2018학년도컵스카우트선서식및뒷뜰안내가정통신문001.bmp
41,가정통신문,517,2018학년도안중근컵스카우는연간회비납부안내001.bmp,bmp,,,listed,http://dkischool.org/upload/board/2018학년도안중근컵스카우는연간회비납부안내001.bmp
41,가정통신문,519,"가통18-212019학년도주요대학입시설명회(서강대,연세대)001.jpg",jpg,,,listed,"http://dkischool.org/upload/board/가통18-212019학년도주요대학입시설명회(서강대,연세대)001.jpg"
41,가정통신문,520,개인정보수집동의안내001.bmp,bmp,,,listed,http://dkischool.org/upload/board/개인정보수집동의안내001.bmp
41,가정통신문,520,개인정보수집동의안내002.bmp,bmp,,,listed,http://dkischool.org/upload/board/개인정보수집동의안내002.bmp
41,가정통신문,522,2018학년도여름방학TEPS집중과정(TCC)가정통신문.hwp,hwp,,,listed,http://dkischool.org/upload/board/2018학년도여름방학TEPS집중과정(TCC)가정통신문.hwp
41,가정통신문,523,DKIS학부모아카데미안내001.bmp,bmp,,,listed,http://dkischool.org/upload/board/DKIS학부모아카데미안내001.bmp
41,가정통신문,523,DKIS학부모아카데미안내002.bmp,bmp,,,listed,http://dkischool.org/upload/board/DKIS학부모아카데미안내002.bmp
41,가정통신문,524,노로바이러스감염증예방및관리안내001_1.jpg,jpg,,,listed,http://dkischool.org/upload/board/노로바이러스감염증예방및관리안내001_1.jpg
41,가정통신문,525,가통18-24중등8학년테마학습납부안내001_1.jpg,jpg,,,listed,http://dkischool.org/upload/board/가통18-24중등8학년테마학습납부안내001_1.jpg
41,가정통신문,525,가통18-24중등8학년테마학습납부안내002_1.jpg,jpg,,,listed,http://dkischool.org/upload/board/가통18-24중등8학년테마학습납부안내002_1.jpg
41,가정통신문,525,가통18-25중등10학년테마학습납부안내001_1.jpg,jpg,,,listed,http://dkischool.org/upload/board/가통18-25중등10학년테마학습납부안내001_1.jpg
41,가정통신문,525,가통18-25중등10학년테마학습납부안내002_1.jpg,jpg,,,listed,http://dkischool.org/upload/board/가통18-25중등10학년테마학습납부안내002_1.jpg
41,가정통신문,526,가통18-082018학년도오픈스쿨데이운영안내001_1.jpg,jpg,,,listed,http://dkischool.org/upload/board/가통18-082018학년도오픈스쿨데이운영안내001_1.jpg
41,가정통신문,526,가통18-082018학년도오픈스쿨데이운영안내002_1.jpg,jpg,,,listed,http://dkischool.org/upload/board/가통18-082018학년도오픈스쿨데이운영안내002_1.jpg
41,가정통신문,526,가통18-082018학년도오픈스쿨데이운영안내003_1.jpg,jpg,,,listed,http://dkischool.org/upload/board/가통18-082018학년도오픈스쿨데이운영안내003_1.jpg
41,가정통신문,527,생태체험학습장토기분양신청안내001_1.jpg,jpg,,,listed,http://dkischool.org/upload/board/생태체험학습장토기분양신청안내001_1.jpg
41,가정통신문,528,현장학습가통_1.jpg,jpg,,,listed,http://dkischool.org/upload/board/현장학습가통_1.jpg
41,가정통신문,528,scan1_3.jpg,jpg,,,listed,http://dkischool.org/upload/board/scan1_3.jpg
41,가정통신문,529,스쿨뱅킹자동납부동의서제출안내_1.jpg,jpg,,,listed,http://dkischool.org/upload/board/스쿨뱅킹자동납부동의서제출안내_1.jpg
41,가정통신문,529,스쿨뱅킹자동납부동의서_1.jpg,jpg,,,listed,http://dkischool.org/upload/board/스쿨뱅킹자동납부동의서_1.jpg
41,가정통신문,530,가통18-27NEWTEPS시험안내문001_1.jpg,jpg,,,listed,http://dkischool.org/upload/board/가통18-27NEWTEPS시험안내문001_1.jpg
41,가정통신문,530,가통18-27NEWTEPS시험안내문002_1.jpg,jpg,,,listed,http://dkischool.org/upload/board/가통18-27NEWTEPS시험안내문002_1.jpg
41,가정통신문,531,2018학년도중등부독서교육가정통신문001.bmp,bmp,,,listed,http://dkischool.org/upload/board/2018학년도중등부독서교육가정통신문001.bmp
41,가정통신문,532,2018초등영어인증제가정통신문001_1.jpg,jpg,,,listed,http://dkischool.org/upload/board/2018초등영어인증제가정통신문001_1.jpg
41,가정통신문,532,2018초등영어인증제가정통신문002_1.jpg,jpg,,,listed,http://dkischool.org/upload/board/2018초등영어인증제가정통신문002_1.jpg
41,가정통신문,532,2018초등영어인증제가정통신문003_1.jpg,jpg,,,listed,http://dkischool.org/upload/board/2018초등영어인증제가정통신문003_1.jpg
41,가정통신문,534,유치-협력수업공개001_1.jpg,jpg,,,listed,http://dkischool.org/upload/board/유치-협력수업공개001_1.jpg
41,가정통신문,535,gva000024e00001.jpg,jpg,,,listed,http://dkischool.org/upload/board/gva000024e00001.jpg
41,가정통신문,535,gva000024e00002.jpg,jpg,,,listed,http://dkischool.org/upload/board/gva000024e00002.jpg
41,가정통신문,537,가통18-31제249회TEPS정기시험응시안내문001_1.jpg,jpg,,,listed,http://dkischool.org/upload/board/가통18-31제249회TEPS정기시험응시안내문001_1.jpg
41,가정통신문,538,가통18-322018학년도여름방학방과후교육활동사전수요조사001.bmp,bmp,,,listed,http://dkischool.org/upload/board/가통18-322018학년도여름방학방과후교육활동사전수요조사001.bmp
41,가정통신문,538,가통18-322018학년도여름방학방과후교육활동사전수요조사002.bmp,bmp,,,listed,http://dkischool.org/upload/board/가통18-322018학년도여름방학방과후교육활동사전수요조사002.bmp
41,가정통신문,539,운동장시설개선공사가정통신문(1).pdf,pdf,,,listed,http://dkischool.org/upload/board/운동장시설개선공사가정통신문(1).pdf
41,가정통신문,541,스쿨뱅킹미실시안내_1.jpg,jpg,,,listed,http://dkischool.org/upload/board/스쿨뱅킹미실시안내_1.jpg
41,가정통신문,542,가통18-142018학년도장학금지급기준안안내및외국어우수장학금.hwp,hwp,,,listed,http://dkischool.org/upload/board/가통18-142018학년도장학금지급기준안안내및외국어우수장학금.hwp
41,가정통신문,543,20180627_100123_0001_1.jpg,jpg,,,listed,http://dkischool.org/upload/board/20180627_100123_0001_1.jpg
41,가정통신문,543,20180627_102736_0001_1.jpg,jpg,,,listed,http://dkischool.org/upload/board/20180627_102736_0001_1.jpg
41,가정통신문,545,제254회NEWTEPS정기시험응시안내문001_1.jpg,jpg,,,listed,http://dkischool.org/upload/board/제254회NEWTEPS정기시험응시안내문001_1.jpg
41,가정통신문,546,2018학년도2학기방과후학교교육활동및저소득층지원신청안내가정통신문001(2).bmp,bmp,,,listed,http://dkischool.org/upload/board/2018학년도2학기방과후학교교육활동및저소득층지원신청안내가정통신문001(2).bmp
41,가정통신문,546,2018학년도2학기방과후학교교육활동및저소득층지원신청안내가정통신문002(1).bmp,bmp,,,listed,http://dkischool.org/upload/board/2018학년도2학기방과후학교교육활동및저소득층지원신청안내가정통신문002(1).bmp
41,가정통신문,547,2018학년도2학기방과후교육활동수강료납부안내가정통신문001.bmp,bmp,,,listed,http://dkischool.org/upload/board/2018학년도2학기방과후교육활동수강료납부안내가정통신문001.bmp
41,가정통신문,547,2018학년도2학기방과후교육활동수강료납부안내가정통신문002.bmp,bmp,,,listed,http://dkischool.org/upload/board/2018학년도2학기방과후교육활동수강료납부안내가정통신문002.bmp
41,가정통신문,548,2018학년도2학기초중등임원수련회실시계획(안).hwp,hwp,,,listed,http://dkischool.org/upload/board/2018학년도2학기초중등임원수련회실시계획(안).hwp
41,가정통신문,549,제254회NEWTEPS정기시험실시를위한추가응시료납부안내001_1.jpg,jpg,,,listed,http://dkischool.org/upload/board/제254회NEWTEPS정기시험실시를위한추가응시료납부안내001_1.jpg
41,가정통신문,550,가통18-182018저소득층자녀학비지원신청안내.hwp,hwp,,,listed,http://dkischool.org/upload/board/가통18-182018저소득층자녀학비지원신청안내.hwp
41,가정통신문,551,예술창작대회가통스캔_1.jpg,jpg,,,listed,http://dkischool.org/upload/board/예술창작대회가통스캔_1.jpg
41,가정통신문,552,DKIS학부모아카데미_1.jpg,jpg,,,listed,http://dkischool.org/upload/board/DKIS학부모아카데미_1.jpg
41,가정통신문,553,가통18-412018학년도진로체험주간실시및명사초청특강안내001_1.jpg,jpg,,,listed,http://dkischool.org/upload/board/가통18-412018학년도진로체험주간실시및명사초청특강안내001_1.jpg
41,가정통신문,554,한마음체육대회중식추가안내(가통)(2).hwp,hwp,,,listed,http://dkischool.org/upload/board/한마음체육대회중식추가안내(가통)(2).hwp
41,가정통신문,555,가통18-432018학년도2학기중간고사중학교시험범위안내.hwp,hwp,,,listed,http://dkischool.org/upload/board/가통18-432018학년도2학기중간고사중학교시험범위안내.hwp
41,가정통신문,556,가통18-442018학년도2학기중간고사고등학교시험범위안내.hwp,hwp,,,listed,http://dkischool.org/upload/board/가통18-442018학년도2학기중간고사고등학교시험범위안내.hwp
41,가정통신문,557,doc02099320181012141540_001_1.jpg,jpg,,,listed,http://dkischool.org/upload/board/doc02099320181012141540_001_1.jpg
41,가정통신문,558,가통18-222018저소득층자녀학비지원추가신청안내.hwp,hwp,,,listed,http://dkischool.org/upload/board/가통18-222018저소득층자녀학비지원추가신청안내.hwp
41,가정통신문,558,저소득층자녀학비지원추가신청안내001_1.jpg,jpg,,,listed,http://dkischool.org/upload/board/저소득층자녀학비지원추가신청안내001_1.jpg
41,가정통신문,558,저소득층자녀학비지원추가신청안내002_1.jpg,jpg,,,listed,http://dkischool.org/upload/board/저소득층자녀학비지원추가신청안내002_1.jpg
41,가정통신문,558,저소득층자녀학비지원추가신청안내003_1.jpg,jpg,,,listed,http://dkischool.org/upload/board/저소득층자녀학비지원추가신청안내003_1.jpg
41,가정통신문,558,저소득층자녀학비지원추가신청안내004_1.jpg,jpg,,,listed,http://dkischool.org/upload/board/저소득층자녀학비지원추가신청안내004_1.jpg
41,가정통신문,559,겨울방학TEPS집중과정안내및참가희망수요조사001_1.jpg,jpg,,,listed,http://dkischool.org/upload/board/겨울방학TEPS집중과정안내및참가희망수요조사001_1.jpg
41,가정통신문,559,겨울방학TEPS집중과정안내및참가희망수요조사002_1.jpg,jpg,,,listed,http://dkischool.org/upload/board/겨울방학TEPS집중과정안내및참가희망수요조사002_1.jpg
41,가정통신문,560,2018학년도2학기석식중도취소절차안내_1.jpg,jpg,,,listed,http://dkischool.org/upload/board/2018학년도2학기석식중도취소절차안내_1.jpg
41,가정통신문,561,2018나비제공연안내.pdf,pdf,,,listed,http://dkischool.org/upload/board/2018나비제공연안내.pdf
41,가정통신문,562,가통18-232018저소득층자녀학비지원추가신청안내.hwp,hwp,,,listed,http://dkischool.org/upload/board/가통18-232018저소득층자녀학비지원추가신청안내.hwp
41,가정통신문,562,저소득층자녀지원2차추가가정통신001.bmp,bmp,,,listed,http://dkischool.org/upload/board/저소득층자녀지원2차추가가정통신001.bmp
41,가정통신문,562,저소득층자녀지원2차추가가정통신002.bmp,bmp,,,listed,http://dkischool.org/upload/board/저소득층자녀지원2차추가가정통신002.bmp
41,가정통신문,562,저소득층자녀지원2차추가가정통신003.bmp,bmp,,,listed,http://dkischool.org/upload/board/저소득층자녀지원2차추가가정통신003.bmp
41,가정통신문,563,제257회NEWTEPS정기시험응시안내문001_1.jpg,jpg,,,listed,http://dkischool.org/upload/board/제257회NEWTEPS정기시험응시안내문001_1.jpg
41,가정통신문,564,가통18-482018학년도겨울방학방과후교육활동신청서001.bmp,bmp,,,listed,http://dkischool.org/upload/board/가통18-482018학년도겨울방학방과후교육활동신청서001.bmp
41,가정통신문,564,가통18-482018학년도겨울방학방과후교육활동신청서002.bmp,bmp,,,listed,http://dkischool.org/upload/board/가통18-482018학년도겨울방학방과후교육활동신청서002.bmp
41,가정통신문,564,가통18-482018학년도겨울방학방과후교육활동신청서003.bmp,bmp,,,listed,http://dkischool.org/upload/board/가통18-482018학년도겨울방학방과후교육활동신청서003.bmp
41,가정통신문,565,겨울방학텝스집중과정수강료납부안내가정통신문001_1.jpg,jpg,,,listed,http://dkischool.org/upload/board/겨울방학텝스집중과정수강료납부안내가정통신문001_1.jpg
41,가정통신문,565,겨울방학텝스집중과정수강료납부안내가정통신문002_1.jpg,jpg,,,listed,http://dkischool.org/upload/board/겨울방학텝스집중과정수강료납부안내가정통신문002_1.jpg
41,가정통신문,566,NEWTEPS정기시험응시료추가안내002_2.jpg,jpg,,,listed,http://dkischool.org/upload/board/NEWTEPS정기시험응시료추가안내002_2.jpg
41,가정통신문,567,겨울방학TEPS집중과정수강료변동안내002_1.jpg,jpg,,,listed,http://dkischool.org/upload/board/겨울방학TEPS집중과정수강료변동안내002_1.jpg
41,가정통신문,568,2018학년도진학컨퍼런스001_1.jpg,jpg,,,listed,http://dkischool.org/upload/board/2018학년도진학컨퍼런스001_1.jpg
41,가정통신문,569,2018학년도겨울방학방과후교육활동수강료납부안내가정통신문001.bmp,bmp,,,listed,http://dkischool.org/upload/board/2018학년도겨울방학방과후교육활동수강료납부안내가정통신문001.bmp
41,가정통신문,569,2018학년도겨울방학방과후교육활동수강료납부안내가정통신문002.bmp,bmp,,,listed,http://dkischool.org/upload/board/2018학년도겨울방학방과후교육활동수강료납부안내가정통신문002.bmp
41,가정통신문,570,가통18-532018학년도2학기기말고사중학교시험범위안내.hwp,hwp,,,listed,http://dkischool.org/upload/board/가통18-532018학년도2학기기말고사중학교시험범위안내.hwp
41,가정통신문,571,가통18-542018학년도2학기기말고사고등학교시험범위안내.hwp,hwp,,,listed,http://dkischool.org/upload/board/가통18-542018학년도2학기기말고사고등학교시험범위안내.hwp
41,가정통신문,572,(가정통신문)투명하고내실있는2019학교회계예산편성을위한학부모의견수렴.pdf,pdf,,,listed,http://dkischool.org/upload/board/(가정통신문)투명하고내실있는2019학교회계예산편성을위한학부모의견수렴.pdf
41,가정통신문,573,가통18-242018학년도학부모총회개최안내.hwp,hwp,,,listed,http://dkischool.org/upload/board/가통18-242018학년도학부모총회개최안내.hwp
41,가정통신문,573,가통18-252019학년도학부모회임원선출공고.hwp,hwp,,,listed,http://dkischool.org/upload/board/가통18-252019학년도학부모회임원선출공고.hwp
41,가정통신문,574,가통18-5820182학기외국어우수장학금신청안내.hwp,hwp,,,listed,http://dkischool.org/upload/board/가통18-5820182학기외국어우수장학금신청안내.hwp
41,가정통신문,574,가통18-5820182학기외국어우수장학금신청안내.pdf,pdf,,,listed,http://dkischool.org/upload/board/가통18-5820182학기외국어우수장학금신청안내.pdf
41,가정통신문,575,가통18-422018학년도10학년흉부엑스선검사안내및동의서.hwp,hwp,,,listed,http://dkischool.org/upload/board/가통18-422018학년도10학년흉부엑스선검사안내및동의서.hwp
41,가정통신문,576,image001_8.jpg,jpg,,,listed,http://dkischool.org/upload/board/image001_8.jpg
41,가정통신문,576,image002_4.jpg,jpg,,,listed,http://dkischool.org/upload/board/image002_4.jpg
41,가정통신문,576,image003_1.jpg,jpg,,,listed,http://dkischool.org/upload/board/image003_1.jpg
41,가정통신문,576,image004_1.jpg,jpg,,,listed,http://dkischool.org/upload/board/image004_1.jpg
41,가정통신문,577,2018학년도겨울방학TEPS집중과정추가수강료납부안내001_1.jpg,jpg,,,listed,http://dkischool.org/upload/board/2018학년도겨울방학TEPS집중과정추가수강료납부안내001_1.jpg
41,가정통신문,578,2019학년도1학기자기주도적학습신청안내_1.jpg,jpg,,,listed,http://dkischool.org/upload/board/2019학년도1학기자기주도적학습신청안내_1.jpg
41,가정통신문,579,방과후가정통신문1쪽_1.jpg,jpg,,,listed,http://dkischool.org/upload/board/방과후가정통신문1쪽_1.jpg
41,가정통신문,579,방과후가정통신문2쪽_1.jpg,jpg,,,listed,http://dkischool.org/upload/board/방과후가정통신문2쪽_1.jpg
41,가정통신문,579,방과후가정통신문3쪽_1.jpg,jpg,,,listed,http://dkischool.org/upload/board/방과후가정통신문3쪽_1.jpg
41,가정통신문,579,방과후가정통신문4쪽_1.jpg,jpg,,,listed,http://dkischool.org/upload/board/방과후가정통신문4쪽_1.jpg
41,가정통신문,580,doc02916720190305163725_001_1.jpg,jpg,,,listed,http://dkischool.org/upload/board/doc02916720190305163725_001_1.jpg
41,가정통신문,582,초중등19-02호2019학년도학교설명회및학급담임간담회안내(2).pdf,pdf,,,listed,http://dkischool.org/upload/board/초중등19-02호2019학년도학교설명회및학급담임간담회안내(2).pdf
41,가정통신문,583,doc02953620190308162501_001_1.jpg,jpg,,,listed,http://dkischool.org/upload/board/doc02953620190308162501_001_1.jpg
41,가정통신문,583,doc02953620190308162501_002(2)_1.jpg,jpg,,,listed,http://dkischool.org/upload/board/doc02953620190308162501_002(2)_1.jpg
41,가정통신문,585,가통19-04교육지원봉사단급식분과모집안내.hwp,hwp,,,listed,http://dkischool.org/upload/board/가통19-04교육지원봉사단급식분과모집안내.hwp
41,가정통신문,586,가통19-05교육지원봉사단사서분과모집안내.hwp,hwp,,,listed,http://dkischool.org/upload/board/가통19-05교육지원봉사단사서분과모집안내.hwp
41,가정통신문,587,주요대학입시설명회(가천대한국외대중앙대)001_1.jpg,jpg,,,listed,http://dkischool.org/upload/board/주요대학입시설명회(가천대한국외대중앙대)001_1.jpg
41,가정통신문,589,3월재외한국학교연합모의고사실시안내_1.jpg,jpg,,,listed,http://dkischool.org/upload/board/3월재외한국학교연합모의고사실시안내_1.jpg
41,가정통신문,590,제6기대련한국국제학교운영위원회학부모위원보궐선거안내.hwp,hwp,,,listed,http://dkischool.org/upload/board/제6기대련한국국제학교운영위원회학부모위원보궐선거안내.hwp
41,가정통신문,591,가통19-062019학년도1학기초중등임원수련회참가안내(1).hwp,hwp,,,listed,http://dkischool.org/upload/board/가통19-062019학년도1학기초중등임원수련회참가안내(1).hwp
41,가정통신문,592,학부모성교육신청가통001_2.jpg,jpg,,,listed,http://dkischool.org/upload/board/학부모성교육신청가통001_2.jpg
41,가정통신문,594,대련초등19-08호2018DKIS초등영어인증제가정통신문001001_1.jpg,jpg,,,listed,http://dkischool.org/upload/board/대련초등19-08호2018DKIS초등영어인증제가정통신문001001_1.jpg
41,가정통신문,594,대련초등19-08호2018DKIS초등영어인증제가정통신문001002_1.jpg,jpg,,,listed,http://dkischool.org/upload/board/대련초등19-08호2018DKIS초등영어인증제가정통신문001002_1.jpg
41,가정통신문,594,대련초등19-08호2018DKIS초등영어인증제가정통신문001003_1.jpg,jpg,,,listed,http://dkischool.org/upload/board/대련초등19-08호2018DKIS초등영어인증제가정통신문001003_1.jpg
41,가정통신문,595,가통19-132019학년도중학교교과별평가계획.hwp,hwp,,,listed,http://dkischool.org/upload/board/가통19-132019학년도중학교교과별평가계획.hwp
41,가정통신문,595,가통19-142019학년도고등학교교과별평가계획.hwp,hwp,,,listed,http://dkischool.org/upload/board/가통19-142019학년도고등학교교과별평가계획.hwp
41,가정통신문,596,가통19-152019학년도1학기1차지필평가중학교시험범위안내.hwp,hwp,,,listed,http://dkischool.org/upload/board/가통19-152019학년도1학기1차지필평가중학교시험범위안내.hwp
41,가정통신문,596,가통19-162019학년도1학기1차지필평가고등학교시험범위안내.hwp,hwp,,,listed,http://dkischool.org/upload/board/가통19-162019학년도1학기1차지필평가고등학교시험범위안내.hwp
41,가정통신문,597,결과가정통신문001_1.jpg,jpg,,,listed,http://dkischool.org/upload/board/결과가정통신문001_1.jpg
41,가정통신문,598,가통19-172019학년도정기고사유의사항안내.hwp,hwp,,,listed,http://dkischool.org/upload/board/가통19-172019학년도정기고사유의사항안내.hwp
41,가정통신문,599,노동절연휴기간변경안내001_1.jpg,jpg,,,listed,http://dkischool.org/upload/board/노동절연휴기간변경안내001_1.jpg
41,가정통신문,601,"가통19-19주요대학(항공대,국민대)입시설명회001_1.jpg",jpg,,,listed,"http://dkischool.org/upload/board/가통19-19주요대학(항공대,국민대)입시설명회001_1.jpg"
41,가정통신문,602,가통19-122019학년도OpenSchoolDay운영.hwp,hwp,,,listed,http://dkischool.org/upload/board/가통19-122019학년도OpenSchoolDay운영.hwp
41,가정통신문,603,2020학년도5월모의고사_1.jpg,jpg,,,listed,http://dkischool.org/upload/board/2020학년도5월모의고사_1.jpg
41,가정통신문,604,학사일정변경(체육한마당연기)안내.pdf,pdf,,,listed,http://dkischool.org/upload/board/학사일정변경(체육한마당연기)안내.pdf
41,가정통신문,605,가통19-21제266회NEWTEPS정기시험응시안내.hwp,hwp,,,listed,http://dkischool.org/upload/board/가통19-21제266회NEWTEPS정기시험응시안내.hwp
41,가정통신문,606,2019장학금가정통신.pdf,pdf,,,listed,http://dkischool.org/upload/board/2019장학금가정통신.pdf
41,가정통신문,607,가통19-232019학년도여름방학TEPS집중과정수요조사가정통신문.hwp,hwp,,,listed,http://dkischool.org/upload/board/가통19-232019학년도여름방학TEPS집중과정수요조사가정통신문.hwp
41,가정통신문,608,2019학년도12학년1학기2차지필평가시험범_1.jpg,jpg,,,listed,http://dkischool.org/upload/board/2019학년도12학년1학기2차지필평가시험범_1.jpg
41,가정통신문,609,가통19-242019년1학기외국어장학금신청안내.pdf,pdf,,,listed,http://dkischool.org/upload/board/가통19-242019년1학기외국어장학금신청안내.pdf
41,가정통신문,609,가통19-242019년1학기외국어장학금신청안내.hwp,hwp,,,listed,http://dkischool.org/upload/board/가통19-242019년1학기외국어장학금신청안내.hwp
41,가정통신문,610,가통1번_1.jpg,jpg,,,listed,http://dkischool.org/upload/board/가통1번_1.jpg
41,가정통신문,610,가통2번_1.jpg,jpg,,,listed,http://dkischool.org/upload/board/가통2번_1.jpg
41,가정통신문,610,가통3번_1.jpg,jpg,,,listed,http://dkischool.org/upload/board/가통3번_1.jpg
41,가정통신문,610,가통4번_1.jpg,jpg,,,listed,http://dkischool.org/upload/board/가통4번_1.jpg
41,가정통신문,611,학생및학부모만족도조사실시안내가정통신문.pdf,pdf,,,listed,http://dkischool.org/upload/board/학생및학부모만족도조사실시안내가정통신문.pdf
41,가정통신문,612,2019학년도1학기2차지필평가고등학교시험범위_1.jpg,jpg,,,listed,http://dkischool.org/upload/board/2019학년도1학기2차지필평가고등학교시험범위_1.jpg
41,가정통신문,612,2019학년도1학기2차지필평가중학교시험범위_1.jpg,jpg,,,listed,http://dkischool.org/upload/board/2019학년도1학기2차지필평가중학교시험범위_1.jpg
41,가정통신문,613,20190705_093211_0001.pdf,pdf,,,listed,http://dkischool.org/upload/board/20190705_093211_0001.pdf
41,가정통신문,614,2019학년도교육경비납부안내_1.jpg,jpg,,,listed,http://dkischool.org/upload/board/2019학년도교육경비납부안내_1.jpg
41,가정통신문,615,20190823_131912_0001.pdf,pdf,,,listed,http://dkischool.org/upload/board/20190823_131912_0001.pdf
41,가정통신문,616,국제교류평화의날거리행진참가안내.pdf,pdf,,,listed,http://dkischool.org/upload/board/국제교류평화의날거리행진참가안내.pdf
41,가정통신문,617,2019학년도8.10학년테마학습참가비납부안내.pdf,pdf,,,listed,http://dkischool.org/upload/board/2019학년도8.10학년테마학습참가비납부안내.pdf
41,가정통신문,618,20191016_092221_0001.pdf,pdf,,,listed,http://dkischool.org/upload/board/20191016_092221_0001.pdf
41,가정통신문,619,2020학년도이후영어선택과목수업방향변경관련학부모의견수렴안내(1).pdf,pdf,,,listed,http://dkischool.org/upload/board/2020학년도이후영어선택과목수업방향변경관련학부모의견수렴안내(1).pdf
41,가정통신문,619,2020학년도이후영어선택과목수업방향변경관련학부모의견수렴안내(첨부)(2).pdf,pdf,,,listed,http://dkischool.org/upload/board/2020학년도이후영어선택과목수업방향변경관련학부모의견수렴안내(첨부)(2).pdf
41,가정통신문,620,제275회NEWTEPS안내.pdf,pdf,,,listed,http://dkischool.org/upload/board/제275회NEWTEPS안내.pdf
41,가정통신문,621,2019학년도현장체험학습가정통신문.pdf,pdf,,,listed,http://dkischool.org/upload/board/2019학년도현장체험학습가정통신문.pdf
41,가정통신문,622,2019학년도나비제가정통신문.pdf,pdf,,,listed,http://dkischool.org/upload/board/2019학년도나비제가정통신문.pdf
41,가정통신문,623,가통19-232019학년도학교교육활동만족도조사(초중등).pdf,pdf,,,listed,http://dkischool.org/upload/board/가통19-232019학년도학교교육활동만족도조사(초중등).pdf
41,가정통신문,624,2021학년도11월재외한국학교연합모의고사_1.jpg,jpg,,,listed,http://dkischool.org/upload/board/2021학년도11월재외한국학교연합모의고사_1.jpg
41,가정통신문,625,hhh_0001.pdf,pdf,,,listed,http://dkischool.org/upload/board/hhh_0001.pdf
41,가정통신문,626,20192학기2차지필평가시험범위안내(중)_1.jpg,jpg,,,listed,http://dkischool.org/upload/board/20192학기2차지필평가시험범위안내(중)_1.jpg
41,가정통신문,626,20192학기2차지필평가시험범위안내(고)-1_1.jpg,jpg,,,listed,http://dkischool.org/upload/board/20192학기2차지필평가시험범위안내(고)-1_1.jpg
41,가정통신문,626,20192학기2차지필평가시험범위안내(고)-2_1.jpg,jpg,,,listed,http://dkischool.org/upload/board/20192학기2차지필평가시험범위안내(고)-2_1.jpg
41,가정통신문,627,2019학부모총회개최안내.pdf,pdf,,,listed,http://dkischool.org/upload/board/2019학부모총회개최안내.pdf
41,가정통신문,628,학비지원가통.pdf,pdf,,,listed,http://dkischool.org/upload/board/학비지원가통.pdf
41,가정통신문,629,가통19-472020학년도나비제관련학부모의견수렴안내.pdf,pdf,,,listed,http://dkischool.org/upload/board/가통19-472020학년도나비제관련학부모의견수렴안내.pdf
41,가정통신문,630,2학기외국어우수가정통신.pdf,pdf,,,listed,http://dkischool.org/upload/board/2학기외국어우수가정통신.pdf
41,가정통신문,631,2학기저소득층추가가정통신.pdf,pdf,,,listed,http://dkischool.org/upload/board/2학기저소득층추가가정통신.pdf
41,가정통신문,632,2019학교경영능력평가학부모가정통신문.pdf,pdf,,,listed,http://dkischool.org/upload/board/2019학교경영능력평가학부모가정통신문.pdf
41,가정통신문,633,2020학년도선택과목조사.pdf,pdf,,,listed,http://dkischool.org/upload/board/2020학년도선택과목조사.pdf
41,가정통신문,634,20191223_164125_0001.pdf,pdf,,,listed,http://dkischool.org/upload/board/20191223_164125_0001.pdf
41,가정통신문,635,가통19-512020학년도중고등부교과서및영어중국어교재목록안내(4).hwp,hwp,,,listed,http://dkischool.org/upload/board/가통19-512020학년도중고등부교과서및영어중국어교재목록안내(4).hwp
41,가정통신문,636,대련초등19-24호2020학년도초등영어교재안내.hwp,hwp,,,listed,http://dkischool.org/upload/board/대련초등19-24호2020학년도초등영어교재안내.hwp
41,가정통신문,638,대련한국국제학교통신2020.02.10.pdf_page_1_1.jpg,jpg,,,listed,http://dkischool.org/upload/board/대련한국국제학교통신2020.02.10.pdf_page_1_1.jpg
41,가정통신문,641,WeChatImage_20200227191753_1.jpg,jpg,,,listed,http://dkischool.org/upload/board/WeChatImage_20200227191753_1.jpg
41,가정통신문,642,초등20-01초등학년별자기주도적학습과제안내.pdf,pdf,,,listed,http://dkischool.org/upload/board/초등20-01초등학년별자기주도적학습과제안내.pdf
41,가정통신문,643,1(1)_89.jpg,jpg,,,listed,http://dkischool.org/upload/board/1(1)_89.jpg
41,가정통신문,643,2(1)_78.jpg,jpg,,,listed,http://dkischool.org/upload/board/2(1)_78.jpg
41,가정통신문,643,3(1)_73.jpg,jpg,,,listed,http://dkischool.org/upload/board/3(1)_73.jpg
41,가정통신문,643,4(1)_74.jpg,jpg,,,listed,http://dkischool.org/upload/board/4(1)_74.jpg
41,가정통신문,643,5(1)_66.jpg,jpg,,,listed,http://dkischool.org/upload/board/5(1)_66.jpg
41,가정통신문,644,코로나-19관련유치원원격수업안내.pdf,pdf,,,listed,http://dkischool.org/upload/board/코로나-19관련유치원원격수업안내.pdf
41,가정통신문,645,가정통신문-1.hwp,hwp,,,listed,http://dkischool.org/upload/board/가정통신문-1.hwp
41,가정통신문,646,가정통신문-2.hwp,hwp,,,listed,http://dkischool.org/upload/board/가정통신문-2.hwp
41,가정통신문,647,원격수업운영안내가정통신문.hwp,hwp,,,listed,http://dkischool.org/upload/board/원격수업운영안내가정통신문.hwp
41,가정통신문,648,가정통신문-3.hwp,hwp,,,listed,http://dkischool.org/upload/board/가정통신문-3.hwp
41,가정통신문,649,코로나19확산에따른재외국민전형예외조항신설가정통신문.pdf,pdf,,,listed,http://dkischool.org/upload/board/코로나19확산에따른재외국민전형예외조항신설가정통신문.pdf
41,가정통신문,650,가정통신-2020학년도1학기학비및교육경비안내.pdf_page_1_1.jpg,jpg,,,listed,http://dkischool.org/upload/board/가정통신-2020학년도1학기학비및교육경비안내.pdf_page_1_1.jpg
41,가정통신문,651,방과후교육활동지원신청서(저소득층).hwp,hwp,,,listed,http://dkischool.org/upload/board/방과후교육활동지원신청서(저소득층).hwp
41,가정통신문,652,제284회TEPS시행가정통신문(안).pdf,pdf,,,listed,http://dkischool.org/upload/board/제284회TEPS시행가정통신문(안).pdf
41,가정통신문,654,2020학년도초등1학기방과후교육활동안내.pdf,pdf,,,listed,http://dkischool.org/upload/board/2020학년도초등1학기방과후교육활동안내.pdf
41,가정통신문,655,가통20-03교육지원봉사단모집.hwp,hwp,,,listed,http://dkischool.org/upload/board/가통20-03교육지원봉사단모집.hwp
41,가정통신문,656,03호_2020초등부독서교육안내.pdf,pdf,,,listed,http://dkischool.org/upload/board/03호_2020초등부독서교육안내.pdf
41,가정통신문,657,153227fb13c610601a6f6013f333fb5_1.jpg,jpg,,,listed,http://dkischool.org/upload/board/153227fb13c610601a6f6013f333fb5_1.jpg
41,가정통신문,658,doc04794720200416135643_001_1.jpg,jpg,,,listed,http://dkischool.org/upload/board/doc04794720200416135643_001_1.jpg
41,가정통신문,659,학교운영위원회위원선출결과안내.pdf,pdf,,,listed,http://dkischool.org/upload/board/학교운영위원회위원선출결과안내.pdf
41,가정통신문,660,200428-연휴기간(4.30._5.5.)코로나19전염예방을위한협조사항안내(1).pdf,pdf,,,listed,http://dkischool.org/upload/board/200428-연휴기간(4.30._5.5.)코로나19전염예방을위한협조사항안내(1).pdf
41,가정통신문,661,20200428_133259_0001.pdf,pdf,,,listed,http://dkischool.org/upload/board/20200428_133259_0001.pdf
41,가정통신문,662,0e9bb53015af9742f8a51a199a97344_2.jpg,jpg,,,listed,http://dkischool.org/upload/board/0e9bb53015af9742f8a51a199a97344_2.jpg
41,가정통신문,662,2be1c40fd25eb9506f6d7f190bca32a_2.jpg,jpg,,,listed,http://dkischool.org/upload/board/2be1c40fd25eb9506f6d7f190bca32a_2.jpg
41,가정통신문,663,2020학부모상담주간안내장(1).pdf,pdf,,,listed,http://dkischool.org/upload/board/2020학부모상담주간안내장(1).pdf
41,가정통신문,664,202년5월유치원온라인수업시간표.jpg,jpg,,,listed,http://dkischool.org/upload/board/202년5월유치원온라인수업시간표.jpg
41,가정통신문,665,2020학년도1학기중학교교과별평가계획001_1.jpg,jpg,,,listed,http://dkischool.org/upload/board/2020학년도1학기중학교교과별평가계획001_1.jpg
41,가정통신문,665,2020학년도1학기중학교교과별평가계획002_1.jpg,jpg,,,listed,http://dkischool.org/upload/board/2020학년도1학기중학교교과별평가계획002_1.jpg
41,가정통신문,665,2020학년도1학기고등학교교과별평가계획001_4.jpg,jpg,,,listed,http://dkischool.org/upload/board/2020학년도1학기고등학교교과별평가계획001_4.jpg
41,가정통신문,665,2020학년도1학기고등학교교과별평가계획002_2.jpg,jpg,,,listed,http://dkischool.org/upload/board/2020학년도1학기고등학교교과별평가계획002_2.jpg
41,가정통신문,666,2020학년도급식비안내(가통).jpg,jpg,,,listed,http://dkischool.org/upload/board/2020학년도급식비안내(가통).jpg
41,가정통신문,667,가통-대련중등20-17호DKISForeignLanguageFestival시행계획(안).pdf,pdf,,,listed,http://dkischool.org/upload/board/가통-대련중등20-17호DKISForeignLanguageFestival시행계획(안).pdf
41,가정통신문,668,ab7232dd8af9f88ed8a968291bfd287_1.jpg,jpg,,,listed,http://dkischool.org/upload/board/ab7232dd8af9f88ed8a968291bfd287_1.jpg
41,가정통신문,669,2020학년도학생봉사활동안내가정통신문.pdf,pdf,,,listed,http://dkischool.org/upload/board/2020학년도학생봉사활동안내가정통신문.pdf
41,가정통신문,670,2020학년도1학기지필평가시험범위안내(고)001_1.jpg,jpg,,,listed,http://dkischool.org/upload/board/2020학년도1학기지필평가시험범위안내(고)001_1.jpg
41,가정통신문,670,2020학년도1학기지필평가시험범위안내(중)001_1.jpg,jpg,,,listed,http://dkischool.org/upload/board/2020학년도1학기지필평가시험범위안내(중)001_1.jpg
41,가정통신문,672,2020학년도1학기12학년지필평가일정변경안내001_1.jpg,jpg,,,listed,http://dkischool.org/upload/board/2020학년도1학기12학년지필평가일정변경안내001_1.jpg
41,가정통신문,673,image001(2).bmp,bmp,,,listed,http://dkischool.org/upload/board/image001(2).bmp
41,가정통신문,674,"2020학년도영어LC,RC모의테스트실시가정통신문.pdf",pdf,,,listed,"http://dkischool.org/upload/board/2020학년도영어LC,RC모의테스트실시가정통신문.pdf"
41,가정통신문,675,가통20-082020학년도학생및학부모만족도조사실시안내.pdf,pdf,,,listed,http://dkischool.org/upload/board/가통20-082020학년도학생및학부모만족도조사실시안내.pdf
41,가정통신문,676,2020Camp안내.pdf,pdf,,,listed,http://dkischool.org/upload/board/2020Camp안내.pdf
41,가정통신문,677,가정통신문.pdf,pdf,,,listed,http://dkischool.org/upload/board/가정통신문.pdf
41,가정통신문,679,가통20-092학기원격수업안내가정통신문.hwp,hwp,,,listed,http://dkischool.org/upload/board/가통20-092학기원격수업안내가정통신문.hwp
41,가정통신문,680,2020학년도2학기학비안내가정통신001_1.jpg,jpg,,,listed,http://dkischool.org/upload/board/2020학년도2학기학비안내가정통신001_1.jpg
41,가정통신문,681,3362d5cdd60690ce3bc69bdcaf9e4d4_1.jpg,jpg,,,listed,http://dkischool.org/upload/board/3362d5cdd60690ce3bc69bdcaf9e4d4_1.jpg
41,가정통신문,682,가통20-172020학년도2학기학부모상담주간안내.pdf,pdf,,,listed,http://dkischool.org/upload/board/가통20-172020학년도2학기학부모상담주간안내.pdf
41,가정통신문,683,가통20-182020학년도2학기OpenSchoolDay(학부모공개수업)일정안내(2).pdf,pdf,,,listed,http://dkischool.org/upload/board/가통20-182020학년도2학기OpenSchoolDay(학부모공개수업)일정안내(2).pdf
41,가정통신문,684,가통20-192020학년도학교교육활동만족도조사(초중등).pdf,pdf,,,listed,http://dkischool.org/upload/board/가통20-192020학년도학교교육활동만족도조사(초중등).pdf
41,가정통신문,685,가통20-202020학년도학교교육활동만족도조사(초중등).pdf,pdf,,,listed,http://dkischool.org/upload/board/가통20-202020학년도학교교육활동만족도조사(초중등).pdf
41,가정통신문,686,가정통신문(1).pdf,pdf,,,listed,http://dkischool.org/upload/board/가정통신문(1).pdf
41,가정통신문,687,가통-대련중등20-47호2학기어학장학금(1).hwp,hwp,,,listed,http://dkischool.org/upload/board/가통-대련중등20-47호2학기어학장학금(1).hwp
41,가정통신문,688,가통20-232020학년도주요교육활동및학교장경영능력평가실시안내가정통신문.pdf,pdf,,,listed,http://dkischool.org/upload/board/가통20-232020학년도주요교육활동및학교장경영능력평가실시안내가정통신문.pdf
41,가정통신문,689,(최종)2020학년도졸업앨범최종구입희망조사및앨범비납부안내가정통신문.hwp,hwp,,,listed,http://dkischool.org/upload/board/(최종)2020학년도졸업앨범최종구입희망조사및앨범비납부안내가정통신문.hwp
41,가정통신문,690,가통-대련중등20-50호2020학년도겨울방학방과후학교추가신청가정통신문.pdf,pdf,,,listed,http://dkischool.org/upload/board/가통-대련중등20-50호2020학년도겨울방학방과후학교추가신청가정통신문.pdf
41,가정통신문,691,2021학년도중고등부일반교과서및영어교재목록안내가정통신문(1).pdf,pdf,,,listed,http://dkischool.org/upload/board/2021학년도중고등부일반교과서및영어교재목록안내가정통신문(1).pdf
41,가정통신문,692,23호2021학년도초등영어교재및분반안내가정통신문.pdf,pdf,,,listed,http://dkischool.org/upload/board/23호2021학년도초등영어교재및분반안내가정통신문.pdf
41,가정통신문,693,가통-대련21-호2021학년도초중등중국어교재구입안내가정통신문.hwp,hwp,,,listed,http://dkischool.org/upload/board/가통-대련21-호2021학년도초중등중국어교재구입안내가정통신문.hwp
41,가정통신문,694,2021학년도대련한국국제학교중등수학기간제교원채용공고(현지채용).hwp,hwp,,,listed,http://dkischool.org/upload/board/2021학년도대련한국국제학교중등수학기간제교원채용공고(현지채용).hwp
41,가정통신문,695,2021학년도3월학사일정및원격수업운영안내.jpg,jpg,,,listed,http://dkischool.org/upload/board/2021학년도3월학사일정및원격수업운영안내.jpg
41,가정통신문,697,image001_10.jpg,jpg,,,listed,http://dkischool.org/upload/board/image001_10.jpg
41,가정통신문,698,가통 21-1 개인정보 수집 및 이용에 대한 동의 안내(1).pdf,pdf,,,listed,http://dkischool.org/upload/board/가통 21-1 개인정보 수집 및 이용에 대한 동의 안내(1).pdf
41,가정통신문,699,가통-대련중등21-5호12학년학부모대상진학설명회.pdf,pdf,,,listed,http://dkischool.org/upload/board/가통-대련중등21-5호12학년학부모대상진학설명회.pdf
41,가정통신문,701,가통-대련중등21-8호2021학년도중학교1학기교과별평가계획안내001_2.jpg,jpg,,,listed,http://dkischool.org/upload/board/가통-대련중등21-8호2021학년도중학교1학기교과별평가계획안내001_2.jpg
41,가정통신문,701,가통-대련중등21-8호2021학년도중학교1학기교과별평가계획안내002_2.jpg,jpg,,,listed,http://dkischool.org/upload/board/가통-대련중등21-8호2021학년도중학교1학기교과별평가계획안내002_2.jpg
41,가정통신문,702,가통-대련중등21-9호2021학년도고등학교1학기교과별평가계획안내001_1.jpg,jpg,,,listed,http://dkischool.org/upload/board/가통-대련중등21-9호2021학년도고등학교1학기교과별평가계획안내001_1.jpg
41,가정통신문,702,가통-대련중등21-9호2021학년도고등학교1학기교과별평가계획안내002_1.jpg,jpg,,,listed,http://dkischool.org/upload/board/가통-대련중등21-9호2021학년도고등학교1학기교과별평가계획안내002_1.jpg
41,가정통신문,703,가통-대련중등21-10호2021학년도교육활동우수학생시상계획안내.pdf,pdf,,,listed,http://dkischool.org/upload/board/가통-대련중등21-10호2021학년도교육활동우수학생시상계획안내.pdf
41,가정통신문,704,제11기교육지원봉사단발대식안내.pdf,pdf,,,listed,http://dkischool.org/upload/board/제11기교육지원봉사단발대식안내.pdf
41,가정통신문,707,가정통신문(1).hwp,hwp,,,listed,http://dkischool.org/upload/board/가정통신문(1).hwp
41,가정통신문,707,가정통신문(2).pdf,pdf,,,listed,http://dkischool.org/upload/board/가정통신문(2).pdf
41,가정통신문,708,학부모위원선거결과당선자공고.pdf,pdf,,,listed,http://dkischool.org/upload/board/학부모위원선거결과당선자공고.pdf
41,가정통신문,708,교원위원선거결과당선자공고.pdf,pdf,,,listed,http://dkischool.org/upload/board/교원위원선거결과당선자공고.pdf
41,가정통신문,709,가통-대련중등21-15호2021학년도중학교1학기1차지필평가시험범위안내.pdf,pdf,,,listed,http://dkischool.org/upload/board/가통-대련중등21-15호2021학년도중학교1학기1차지필평가시험범위안내.pdf
41,가정통신문,709,가통-대련중등21-15호2021학년도중학교1학기1차지필평가시험범위안내001_1.jpg,jpg,,,listed,http://dkischool.org/upload/board/가통-대련중등21-15호2021학년도중학교1학기1차지필평가시험범위안내001_1.jpg
41,가정통신문,710,가통-대련중등21-16호2021학년도고등학교1학기1차지필평가시험범위안내.pdf,pdf,,,listed,http://dkischool.org/upload/board/가통-대련중등21-16호2021학년도고등학교1학기1차지필평가시험범위안내.pdf
41,가정통신문,710,가통-대련중등21-16호2021학년도고등학교1학기1차지필평가시험범위안내001_1.jpg,jpg,,,listed,http://dkischool.org/upload/board/가통-대련중등21-16호2021학년도고등학교1학기1차지필평가시험범위안내001_1.jpg
41,가정통신문,710,가통-대련중등21-16호2021학년도고등학교1학기1차지필평가시험범위안내002_1.jpg,jpg,,,listed,http://dkischool.org/upload/board/가통-대련중등21-16호2021학년도고등학교1학기1차지필평가시험범위안내002_1.jpg
41,가정통신문,711,가정통신문(3).pdf,pdf,,,listed,http://dkischool.org/upload/board/가정통신문(3).pdf
41,가정통신문,712,가통-대련중등21-21호2021학년도DKIS체육한마당일정변경안내.hwp.pdf,pdf,,,listed,http://dkischool.org/upload/board/가통-대련중등21-21호2021학년도DKIS체육한마당일정변경안내.hwp.pdf
41,가정통신문,714,가통-대련중등21-22호2021학년도학교규칙개정안내.pdf,pdf,,,listed,http://dkischool.org/upload/board/가통-대련중등21-22호2021학년도학교규칙개정안내.pdf
41,가정통신문,714,2021학년도학업성적관리규정(전문).pdf,pdf,,,listed,http://dkischool.org/upload/board/2021학년도학업성적관리규정(전문).pdf
41,가정통신문,714,2021학년도학생생활에관한제규정(전문).pdf,pdf,,,listed,http://dkischool.org/upload/board/2021학년도학생생활에관한제규정(전문).pdf
41,가정통신문,714,2021학년도학업성적관리규정신구대조표(4월개정).pdf,pdf,,,listed,http://dkischool.org/upload/board/2021학년도학업성적관리규정신구대조표(4월개정).pdf
41,가정통신문,714,2021학년도학생생활에관한제규정신구대조표(4월개정).pdf,pdf,,,listed,http://dkischool.org/upload/board/2021학년도학생생활에관한제규정신구대조표(4월개정).pdf
41,가정통신문,714,2021학년도졸업진급평가규정신구대조표(4월개정).pdf,pdf,,,listed,http://dkischool.org/upload/board/2021학년도졸업진급평가규정신구대조표(4월개정).pdf
41,가정통신문,715,가통-대련중등21-28호2021학년도12학년1학기2차지필평가시험범위안내001_1.jpg,jpg,,,listed,http://dkischool.org/upload/board/가통-대련중등21-28호2021학년도12학년1학기2차지필평가시험범위안내001_1.jpg
41,가정통신문,715,가통-대련중등21-28호2021학년도12학년1학기2차지필평가시험범위안내.pdf,pdf,,,listed,http://dkischool.org/upload/board/가통-대련중등21-28호2021학년도12학년1학기2차지필평가시험범위안내.pdf
41,가정통신문,716,가정통신문(4).pdf,pdf,,,listed,http://dkischool.org/upload/board/가정통신문(4).pdf
41,가정통신문,717,가통-대련중등21-38호2021학년도중학교1학기2차지필평가시험범위안내001_3.jpg,jpg,,,listed,http://dkischool.org/upload/board/가통-대련중등21-38호2021학년도중학교1학기2차지필평가시험범위안내001_3.jpg
41,가정통신문,717,가통-대련중등21-38호2021학년도중학교1학기2차지필평가시험범위안내.pdf,pdf,,,listed,http://dkischool.org/upload/board/가통-대련중등21-38호2021학년도중학교1학기2차지필평가시험범위안내.pdf
41,가정통신문,718,가통-대련중등21-39호2021학년도고등학교(10-11학년)1학기2차지필평가시험범위안내001_1.jpg,jpg,,,listed,http://dkischool.org/upload/board/가통-대련중등21-39호2021학년도고등학교(10-11학년)1학기2차지필평가시험범위안내001_1.jpg
41,가정통신문,718,가통-대련중등21-39호2021학년도고등학교(10-11학년)1학기2차지필평가시험범위안내.pdf,pdf,,,listed,http://dkischool.org/upload/board/가통-대련중등21-39호2021학년도고등학교(10-11학년)1학기2차지필평가시험범위안내.pdf
41,가정통신문,719,가통21-052021학년도수업만족도및행정서비스만족도조사실시안내.pdf,pdf,,,listed,http://dkischool.org/upload/board/가통21-052021학년도수업만족도및행정서비스만족도조사실시안내.pdf
41,가정통신문,720,대련초등-21-14-2021학년도여름방학방과후학교수강료및급식비안내.hwp,hwp,,,listed,http://dkischool.org/upload/board/대련초등-21-14-2021학년도여름방학방과후학교수강료및급식비안내.hwp
41,가정통신문,721,2021년2학기학비안내가정통신_1.jpg,jpg,,,listed,http://dkischool.org/upload/board/2021년2학기학비안내가정통신_1.jpg
41,가정통신문,722,대련초등21-15-2021학년도유초등2학기방과후교육활동신청가정통신문.hwp,hwp,,,listed,http://dkischool.org/upload/board/대련초등21-15-2021학년도유초등2학기방과후교육활동신청가정통신문.hwp
41,가정통신문,723,대련초등21-16호2021학년도2학기디딤돌교육활동동의서.hwp,hwp,,,listed,http://dkischool.org/upload/board/대련초등21-16호2021학년도2학기디딤돌교육활동동의서.hwp
41,가정통신문,724,대련초등21-17호-2021학년도2학기유초등방과후학교수강료안내가정통신문.hwp,hwp,,,listed,http://dkischool.org/upload/board/대련초등21-17호-2021학년도2학기유초등방과후학교수강료안내가정통신문.hwp
41,가정통신문,725,가통-대련중등21-52호2021학년도중학교2학기교과별평가계획안내001_1.jpg,jpg,,,listed,http://dkischool.org/upload/board/가통-대련중등21-52호2021학년도중학교2학기교과별평가계획안내001_1.jpg
41,가정통신문,725,가통-대련중등21-52호2021학년도중학교2학기교과별평가계획안내002_1.jpg,jpg,,,listed,http://dkischool.org/upload/board/가통-대련중등21-52호2021학년도중학교2학기교과별평가계획안내002_1.jpg
41,가정통신문,725,가통-대련중등21-52호2021학년도중학교2학기교과별평가계획안내.pdf,pdf,,,listed,http://dkischool.org/upload/board/가통-대련중등21-52호2021학년도중학교2학기교과별평가계획안내.pdf
41,가정통신문,726,가통-대련중등21-53호2021학년도고등학교2학기교과별평가계획안내001_1.jpg,jpg,,,listed,http://dkischool.org/upload/board/가통-대련중등21-53호2021학년도고등학교2학기교과별평가계획안내001_1.jpg
41,가정통신문,726,가통-대련중등21-53호2021학년도고등학교2학기교과별평가계획안내002_1.jpg,jpg,,,listed,http://dkischool.org/upload/board/가통-대련중등21-53호2021학년도고등학교2학기교과별평가계획안내002_1.jpg
41,가정통신문,726,가통-대련중등21-53호2021학년도고등학교2학기교과별평가계획안내.pdf,pdf,,,listed,http://dkischool.org/upload/board/가통-대련중등21-53호2021학년도고등학교2학기교과별평가계획안내.pdf
41,가정통신문,727,대련초등21-20호-2021학년도2학기유초등방과후학교추가신청가정통신문.hwp,hwp,,,listed,http://dkischool.org/upload/board/대련초등21-20호-2021학년도2학기유초등방과후학교추가신청가정통신문.hwp
41,가정통신문,728,가통-대련중등21-58호2021학년도중학교2학기1차지필평가시험범위안내001_1.jpg,jpg,,,listed,http://dkischool.org/upload/board/가통-대련중등21-58호2021학년도중학교2학기1차지필평가시험범위안내001_1.jpg
41,가정통신문,728,가통-대련중등21-58호2021학년도중학교2학기1차지필평가시험범위안내.pdf,pdf,,,listed,http://dkischool.org/upload/board/가통-대련중등21-58호2021학년도중학교2학기1차지필평가시험범위안내.pdf
41,가정통신문,729,가통-대련중등21-59호2021학년도고등학교(10-11학년)2학기1차지필평가시험범위안내001_1.jpg,jpg,,,listed,http://dkischool.org/upload/board/가통-대련중등21-59호2021학년도고등학교(10-11학년)2학기1차지필평가시험범위안내001_1.jpg
41,가정통신문,729,가통-대련중등21-59호2021학년도고등학교(10-11학년)2학기1차지필평가시험범위안내.pdf,pdf,,,listed,http://dkischool.org/upload/board/가통-대련중등21-59호2021학년도고등학교(10-11학년)2학기1차지필평가시험범위안내.pdf
41,가정통신문,730,가통21-112021학년국경절생활안내(1).pdf,pdf,,,listed,http://dkischool.org/upload/board/가통21-112021학년국경절생활안내(1).pdf
41,가정통신문,731,가통-대련중등21-60호 2022학년도 학교교육과정 편성 운영 관련 학부모 사전 의견수렴 안내(3).pdf,pdf,,,listed,http://dkischool.org/upload/board/가통-대련중등21-60호 2022학년도 학교교육과정 편성 운영 관련 학부모 사전 의견수렴 안내(3).pdf
41,가정통신문,732,가통21-122021학년도저소득층자녀학비지원가정통신문.pdf,pdf,,,listed,http://dkischool.org/upload/board/가통21-122021학년도저소득층자녀학비지원가정통신문.pdf
41,가정통신문,732,저소득층자녀학비지원신청서(2021)(1).hwp,hwp,,,listed,http://dkischool.org/upload/board/저소득층자녀학비지원신청서(2021)(1).hwp
41,가정통신문,732,저소득층자녀학비지원신청서(2021)(1).docx,docx,,,listed,http://dkischool.org/upload/board/저소득층자녀학비지원신청서(2021)(1).docx
41,가정통신문,733,가통21-132021학년도2학기학부모상담주간가정통신문(1).pdf,pdf,,,listed,http://dkischool.org/upload/board/가통21-132021학년도2학기학부모상담주간가정통신문(1).pdf
41,가정통신문,734,가통21-14휴업일안내.hwp,hwp,,,listed,http://dkischool.org/upload/board/가통21-14휴업일안내.hwp
41,가정통신문,734,가통21-14휴업일안내.pdf,pdf,,,listed,http://dkischool.org/upload/board/가통21-14휴업일안내.pdf
41,가정통신문,735,가정통신문(5).pdf,pdf,,,listed,http://dkischool.org/upload/board/가정통신문(5).pdf
41,가정통신문,735,가정통신문(2).hwp,hwp,,,listed,http://dkischool.org/upload/board/가정통신문(2).hwp
41,가정통신문,736,가통21-142021학년도2학기학부모상담주간가정통신문(변경)-유초중등(2).pdf,pdf,,,listed,http://dkischool.org/upload/board/가통21-142021학년도2학기학부모상담주간가정통신문(변경)-유초중등(2).pdf
41,가정통신문,737,가통-대련중등21-62호2021학년도중학교2학기2차지필평가시험범위안내001_1.jpg,jpg,,,listed,http://dkischool.org/upload/board/가통-대련중등21-62호2021학년도중학교2학기2차지필평가시험범위안내001_1.jpg
41,가정통신문,737,가통-대련중등21-62호2021학년도중학교2학기2차지필평가시험범위안내.pdf,pdf,,,listed,http://dkischool.org/upload/board/가통-대련중등21-62호2021학년도중학교2학기2차지필평가시험범위안내.pdf
41,가정통신문,738,가통-대련중등21-63호2021학년도고등학교2학기2차지필평가시험범위안내001_1.jpg,jpg,,,listed,http://dkischool.org/upload/board/가통-대련중등21-63호2021학년도고등학교2학기2차지필평가시험범위안내001_1.jpg
41,가정통신문,738,가통-대련중등21-63호2021학년도고등학교2학기2차지필평가시험범위안내002_1.jpg,jpg,,,listed,http://dkischool.org/upload/board/가통-대련중등21-63호2021학년도고등학교2학기2차지필평가시험범위안내002_1.jpg
41,가정통신문,738,가통-대련중등21-63호2021학년도고등학교2학기2차지필평가시험범위안내.pdf,pdf,,,listed,http://dkischool.org/upload/board/가통-대련중등21-63호2021학년도고등학교2학기2차지필평가시험범위안내.pdf
41,가정통신문,739,2021년4분기학비안내가정통신001_1.jpg,jpg,,,listed,http://dkischool.org/upload/board/2021년4분기학비안내가정통신001_1.jpg
41,가정통신문,740,가통-대련중등21-64호2021학년도중고등학교2학기평가계획변경안내001_1.jpg,jpg,,,listed,http://dkischool.org/upload/board/가통-대련중등21-64호2021학년도중고등학교2학기평가계획변경안내001_1.jpg
41,가정통신문,740,가통-대련중등21-64호2021학년도중고등학교2학기평가계획변경안내.pdf,pdf,,,listed,http://dkischool.org/upload/board/가통-대련중등21-64호2021학년도중고등학교2학기평가계획변경안내.pdf
41,가정통신문,741,가통21-162021학년도교육활동성과및학교장평가-설문지(학부모용).pdf,pdf,,,listed,http://dkischool.org/upload/board/가통21-162021학년도교육활동성과및학교장평가-설문지(학부모용).pdf
41,가정통신문,742,가통대련중등21-65호2021학년도학교교육활동학부모설문조사안내.pdf,pdf,,,listed,http://dkischool.org/upload/board/가통대련중등21-65호2021학년도학교교육활동학부모설문조사안내.pdf
41,가정통신문,743,"2021학년도10,11학년흉부엑스선검사실시안내및동의서-복사본001_1.jpg",jpg,,,listed,"http://dkischool.org/upload/board/2021학년도10,11학년흉부엑스선검사실시안내및동의서-복사본001_1.jpg"
41,가정통신문,744,2022학년도학교교육과정운영계획(가정통신문)-현재6학년(2022학년도7학년)(2).pdf,pdf,,,listed,http://dkischool.org/upload/board/2022학년도학교교육과정운영계획(가정통신문)-현재6학년(2022학년도7학년)(2).pdf
41,가정통신문,744,2022학년도학교교육과정운영계획(가정통신문)-현재7학년(2022학년도8학년)(1).pdf,pdf,,,listed,http://dkischool.org/upload/board/2022학년도학교교육과정운영계획(가정통신문)-현재7학년(2022학년도8학년)(1).pdf
41,가정통신문,744,2022학년도학교교육과정운영계획(가정통신문)-현재8학년(2022학년도9학년)(1).pdf,pdf,,,listed,http://dkischool.org/upload/board/2022학년도학교교육과정운영계획(가정통신문)-현재8학년(2022학년도9학년)(1).pdf
41,가정통신문,744,2022학년도학교교육과정운영계획(가정통신문)-현재9학년(2022학년도10학년)(1).pdf,pdf,,,listed,http://dkischool.org/upload/board/2022학년도학교교육과정운영계획(가정통신문)-현재9학년(2022학년도10학년)(1).pdf
41,가정통신문,744,2022학년도학교교육과정운영계획(가정통신문)-현재10학년(2022학년도11학년)(1).pdf,pdf,,,listed,http://dkischool.org/upload/board/2022학년도학교교육과정운영계획(가정통신문)-현재10학년(2022학년도11학년)(1).pdf
41,가정통신문,744,2022학년도학교교육과정운영계획(가정통신문)-현재11학년(2022학년도12학년)(1).pdf,pdf,,,listed,http://dkischool.org/upload/board/2022학년도학교교육과정운영계획(가정통신문)-현재11학년(2022학년도12학년)(1).pdf
41,가정통신문,745,가통21-212022학년도중등부일반과목교재및외국어교재안내.pdf,pdf,,,listed,http://dkischool.org/upload/board/가통21-212022학년도중등부일반과목교재및외국어교재안내.pdf
41,가정통신문,746,가통-대련중등21-71호 2022학년도 선택과목 희망과목 의견수렴(10).pdf,pdf,,,listed,http://dkischool.org/upload/board/가통-대련중등21-71호 2022학년도 선택과목 희망과목 의견수렴(10).pdf
41,가정통신문,746,가통-대련중등21-72호 2022학년도 선택과목 희망과목 의견수렴(11).pdf,pdf,,,listed,http://dkischool.org/upload/board/가통-대련중등21-72호 2022학년도 선택과목 희망과목 의견수렴(11).pdf
41,가정통신문,747,대련초등21-21호-유초등2학기방과후학교중단안내가정통신문.pdf,pdf,,,listed,http://dkischool.org/upload/board/대련초등21-21호-유초등2학기방과후학교중단안내가정통신문.pdf
41,가정통신문,748,대련초등21-24호2021학년도2학기방과후학교강좌별환불안내.pdf,pdf,,,listed,http://dkischool.org/upload/board/대련초등21-24호2021학년도2학기방과후학교강좌별환불안내.pdf
41,가정통신문,749,대련초등21-25호2021학년도겨울방학유초등방과후학교신청가정통신문.pdf,pdf,,,listed,http://dkischool.org/upload/board/대련초등21-25호2021학년도겨울방학유초등방과후학교신청가정통신문.pdf
41,가정통신문,750,96ae6033f653526981b1451eab48c70_1.jpg,jpg,,,listed,http://dkischool.org/upload/board/96ae6033f653526981b1451eab48c70_1.jpg
41,가정통신문,750,58e2f75fd3031f2f5bff673da318bd2_1.jpg,jpg,,,listed,http://dkischool.org/upload/board/58e2f75fd3031f2f5bff673da318bd2_1.jpg
41,가정통신문,750,85f87acaccb4b69c2f114e315a909dd_2.jpg,jpg,,,listed,http://dkischool.org/upload/board/85f87acaccb4b69c2f114e315a909dd_2.jpg
41,가정통신문,751,[가통]대련초등21-23호2021학년도초등외국어벼룩시장안내.pdf,pdf,,,listed,http://dkischool.org/upload/board/[가통]대련초등21-23호2021학년도초등외국어벼룩시장안내.pdf
41,가정통신문,752,대련초등21-26호2022학년도초등교과용도서(검정도서)변경사항안내가정통신문.pdf,pdf,,,listed,http://dkischool.org/upload/board/대련초등21-26호2022학년도초등교과용도서(검정도서)변경사항안내가정통신문.pdf
41,가정통신문,753,2022년초등영어교재안내가정통신문.pdf,pdf,,,listed,http://dkischool.org/upload/board/2022년초등영어교재안내가정통신문.pdf
41,가정통신문,754,대련초등21-29호2022학년도초등중국어교재구입안내가정통신문.pdf,pdf,,,listed,http://dkischool.org/upload/board/대련초등21-29호2022학년도초등중국어교재구입안내가정통신문.pdf
41,가정통신문,755,가통-대련중등21-69호2022학년도1학기방과후학교개설희망강좌수요조사(1).pdf,pdf,,,listed,http://dkischool.org/upload/board/가통-대련중등21-69호2022학년도1학기방과후학교개설희망강좌수요조사(1).pdf
41,가정통신문,756,1(1)_116.jpg,jpg,,,listed,http://dkischool.org/upload/board/1(1)_116.jpg
41,가정통신문,756,2(1)_101.jpg,jpg,,,listed,http://dkischool.org/upload/board/2(1)_101.jpg
41,가정통신문,756,대련행22-01_2022학년도1학기학비및교육경비안내(20220222).pdf,pdf,,,listed,http://dkischool.org/upload/board/대련행22-01_2022학년도1학기학비및교육경비안내(20220222).pdf
41,가정통신문,757,가통-대련중등22-1호2022학년도1학기방과후학교수강신청안내.pdf,pdf,,,listed,http://dkischool.org/upload/board/가통-대련중등22-1호2022학년도1학기방과후학교수강신청안내.pdf
41,가정통신문,757,가통-대련중등22-2호2022학년도1학기방과후학교및저소득층지원신청안내.pdf,pdf,,,listed,http://dkischool.org/upload/board/가통-대련중등22-2호2022학년도1학기방과후학교및저소득층지원신청안내.pdf
41,가정통신문,758,가정통신문1.pdf,pdf,,,listed,http://dkischool.org/upload/board/가정통신문1.pdf
41,가정통신문,759,가통-대련중등22-03개인정보수집및이용에대한동의안내.pdf,pdf,,,listed,http://dkischool.org/upload/board/가통-대련중등22-03개인정보수집및이용에대한동의안내.pdf
41,가정통신문,759,가통-대련중등22-03개인정보수집및이용에대한동의안내(중국어번역본).pdf,pdf,,,listed,http://dkischool.org/upload/board/가통-대련중등22-03개인정보수집및이용에대한동의안내(중국어번역본).pdf
41,가정통신문,760,가정통신문(3).hwp,hwp,,,listed,http://dkischool.org/upload/board/가정통신문(3).hwp
41,가정통신문,761,대련행22-5호2022학년도보건소식지봄호(대련시병원현황표.학교안전공제회안내).pdf,pdf,,,listed,http://dkischool.org/upload/board/대련행22-5호2022학년도보건소식지봄호(대련시병원현황표.학교안전공제회안내).pdf
41,가정통신문,761,image001(4).bmp,bmp,,,listed,http://dkischool.org/upload/board/image001(4).bmp
41,가정통신문,761,image002(3).bmp,bmp,,,listed,http://dkischool.org/upload/board/image002(3).bmp
41,가정통신문,762,가통-대련중등22-5호2022학년도중학교1학기교과별평가계획안내.pdf,pdf,,,listed,http://dkischool.org/upload/board/가통-대련중등22-5호2022학년도중학교1학기교과별평가계획안내.pdf
41,가정통신문,762,가통-대련중등22-6호2022학년도고등학교1학기교과별평가계획안내.pdf,pdf,,,listed,http://dkischool.org/upload/board/가통-대련중등22-6호2022학년도고등학교1학기교과별평가계획안내.pdf
41,가정통신문,763,1학기초등수행평가예고안(1학년).pdf,pdf,,,listed,http://dkischool.org/upload/board/1학기초등수행평가예고안(1학년).pdf
41,가정통신문,763,1학기초등수행평가예고안(2학년).pdf,pdf,,,listed,http://dkischool.org/upload/board/1학기초등수행평가예고안(2학년).pdf
41,가정통신문,763,1학기초등수행평가예고안(3학년).hwp,hwp,,,listed,http://dkischool.org/upload/board/1학기초등수행평가예고안(3학년).hwp
41,가정통신문,763,1학기초등수행평가예고안(4학년).pdf,pdf,,,listed,http://dkischool.org/upload/board/1학기초등수행평가예고안(4학년).pdf
41,가정통신문,763,1학기초등수행평가예고안(5학년).pdf,pdf,,,listed,http://dkischool.org/upload/board/1학기초등수행평가예고안(5학년).pdf
41,가정통신문,763,1학기초등수행평가예고안(6학년).pdf,pdf,,,listed,http://dkischool.org/upload/board/1학기초등수행평가예고안(6학년).pdf
41,가정통신문,763,가통-2022학년도1학기초등수행평가예고안가정통신문.pdf,pdf,,,listed,http://dkischool.org/upload/board/가통-2022학년도1학기초등수행평가예고안가정통신문.pdf
41,가정통신문,764,제8기가정통신문.hwp,hwp,,,listed,http://dkischool.org/upload/board/제8기가정통신문.hwp
41,가정통신문,765,가통-대련중등22-08호2022학년도교육활동우수학생시상계획안내.pdf,pdf,,,listed,http://dkischool.org/upload/board/가통-대련중등22-08호2022학년도교육활동우수학생시상계획안내.pdf
41,가정통신문,766,홍보안내장.pdf,pdf,,,listed,http://dkischool.org/upload/board/홍보안내장.pdf
41,가정통신문,767,가통-대련중등22-9호수업일(5월6일학사일정변경등)_2.jpg,jpg,,,listed,http://dkischool.org/upload/board/가통-대련중등22-9호수업일(5월6일학사일정변경등)_2.jpg
41,가정통신문,768,가통-대련초중등22-4호5월6일전학년등교안내_1.jpg,jpg,,,listed,http://dkischool.org/upload/board/가통-대련초중등22-4호5월6일전학년등교안내_1.jpg
41,가정통신문,769,가통-대련초중등22-5호12학년등교및수업시간조정안내001_1.jpg,jpg,,,listed,http://dkischool.org/upload/board/가통-대련초중등22-5호12학년등교및수업시간조정안내001_1.jpg
41,가정통신문,770,가통-대련초중등22-5호학사일정변경안내.hwp,hwp,,,listed,http://dkischool.org/upload/board/가통-대련초중등22-5호학사일정변경안내.hwp
41,가정통신문,770,가통-대련초중등22-5호학사일정변경안내.pdf,pdf,,,listed,http://dkischool.org/upload/board/가통-대련초중등22-5호학사일정변경안내.pdf
41,가정통신문,771,가통22-09호2022학년도안중근컵스카우트대원모집가정통신문.pdf,pdf,,,listed,http://dkischool.org/upload/board/가통22-09호2022학년도안중근컵스카우트대원모집가정통신문.pdf
41,가정통신문,772,2022학년도1학기중(1).석식비변경안내가정통신문.pdf,pdf,,,listed,http://dkischool.org/upload/board/2022학년도1학기중(1).석식비변경안내가정통신문.pdf
41,가정통신문,773,가통-대련초중등22-5호2022학년도1학기학부모상담주간안내(온라인).pdf,pdf,,,listed,http://dkischool.org/upload/board/가통-대련초중등22-5호2022학년도1학기학부모상담주간안내(온라인).pdf
41,가정통신문,774,가통-대련중등22-13호2022학년도영어독서마라톤안내.pdf,pdf,,,listed,http://dkischool.org/upload/board/가통-대련중등22-13호2022학년도영어독서마라톤안내.pdf
41,가정통신문,775,가통-대련중등22-14호2022학년도WritingPortfolio안내.pdf,pdf,,,listed,http://dkischool.org/upload/board/가통-대련중등22-14호2022학년도WritingPortfolio안내.pdf
41,가정통신문,776,가통-대련중등22-15호외국어페스티벌실시안내.pdf,pdf,,,listed,http://dkischool.org/upload/board/가통-대련중등22-15호외국어페스티벌실시안내.pdf
41,가정통신문,778,가통22-02호개인정보수집및이용동의서.pdf,pdf,,,listed,http://dkischool.org/upload/board/가통22-02호개인정보수집및이용동의서.pdf
41,가정통신문,778,개인정보수집및이용에대한동의안내(중국어번역본)(1).pdf,pdf,,,listed,http://dkischool.org/upload/board/개인정보수집및이용에대한동의안내(중국어번역본)(1).pdf
41,가정통신문,779,대련행22-10_2022학년도2분기학비안내(20220601)_1_2.jpg,jpg,,,listed,http://dkischool.org/upload/board/대련행22-10_2022학년도2분기학비안내(20220601)_1_2.jpg
41,가정통신문,779,대련행22-10_2022학년도2분기학비안내(20220601)_2_1.jpg,jpg,,,listed,http://dkischool.org/upload/board/대련행22-10_2022학년도2분기학비안내(20220601)_2_1.jpg
41,가정통신문,779,대련행22-10_2022학년도2분기학비안내(20220601).pdf,pdf,,,listed,http://dkischool.org/upload/board/대련행22-10_2022학년도2분기학비안내(20220601).pdf
41,가정통신문,780,가통대련초중등22-13호2022학년도1학기오픈스쿨데이연기안내(1).pdf,pdf,,,listed,http://dkischool.org/upload/board/가통대련초중등22-13호2022학년도1학기오픈스쿨데이연기안내(1).pdf
41,가정통신문,781,가통-대련중등22-23호2022학년도대련한국국제학교봉사활동운영관련안내가정통신문.pdf,pdf,,,listed,http://dkischool.org/upload/board/가통-대련중등22-23호2022학년도대련한국국제학교봉사활동운영관련안내가정통신문.pdf
41,가정통신문,782,(중문본)가통-대련초중등22-13호2022학년도초중등테마학습실시여부및일정관련설문조사(1차).pdf,pdf,,,listed,http://dkischool.org/upload/board/(중문본)가통-대련초중등22-13호2022학년도초중등테마학습실시여부및일정관련설문조사(1차).pdf
41,가정통신문,783,가통-대련초중등22-15호6월27일휴업안내.pdf,pdf,,,listed,http://dkischool.org/upload/board/가통-대련초중등22-15호6월27일휴업안내.pdf
41,가정통신문,784,가통-대련초중등22-17호2022학년도초중등학부모학교폭력예방교육자료.pdf,pdf,,,listed,http://dkischool.org/upload/board/가통-대련초중등22-17호2022학년도초중등학부모학교폭력예방교육자료.pdf
41,가정통신문,785,"2022학년도1,4,7,10학년대상건강검진실시안내및동의서001_1.jpg",jpg,,,listed,"http://dkischool.org/upload/board/2022학년도1,4,7,10학년대상건강검진실시안내및동의서001_1.jpg"
41,가정통신문,786,가통-대련초중등22-19호2022학년도초중등학교생활안전안내자료.pdf,pdf,,,listed,http://dkischool.org/upload/board/가통-대련초중등22-19호2022학년도초중등학교생활안전안내자료.pdf
41,가정통신문,787,"가통-대련초중등22-18호2022학년도수업,생활지도교육및행정서비스만족도조사실시안내통신문표지최종(20220701)(1).pdf",pdf,,,listed,"http://dkischool.org/upload/board/가통-대련초중등22-18호2022학년도수업,생활지도교육및행정서비스만족도조사실시안내통신문표지최종(20220701)(1).pdf"
41,가정통신문,788,가통22-14호2022학년도초등계절활동(수영)실시안내가정통신문.pdf,pdf,,,listed,http://dkischool.org/upload/board/가통22-14호2022학년도초등계절활동(수영)실시안내가정통신문.pdf
41,가정통신문,789,2022학년도초중등1학기임원수련회실시안내가정통신문(수정).pdf,pdf,,,listed,http://dkischool.org/upload/board/2022학년도초중등1학기임원수련회실시안내가정통신문(수정).pdf
41,가정통신문,791,가통22-15호2022학년도컵스카우트연간활동비납부및단복신청안내가정통신문.pdf,pdf,,,listed,http://dkischool.org/upload/board/가통22-15호2022학년도컵스카우트연간활동비납부및단복신청안내가정통신문.pdf
41,가정통신문,792,가통22-16호컵스카우트선서식및목장체험활동참가신청안내.pdf,pdf,,,listed,http://dkischool.org/upload/board/가통22-16호컵스카우트선서식및목장체험활동참가신청안내.pdf
41,가정통신문,793,대련행22-13_2022학년도2학기학비안내(20220824)_1_2.jpg,jpg,,,listed,http://dkischool.org/upload/board/대련행22-13_2022학년도2학기학비안내(20220824)_1_2.jpg
41,가정통신문,793,대련행22-13_2022학년도2학기학비안내(20220824)_2_1.jpg,jpg,,,listed,http://dkischool.org/upload/board/대련행22-13_2022학년도2학기학비안내(20220824)_2_1.jpg
41,가정통신문,793,대련행22-13_2022학년도2학기학비안내(20220824).pdf,pdf,,,listed,http://dkischool.org/upload/board/대련행22-13_2022학년도2학기학비안내(20220824).pdf
41,가정통신문,794,가통22-20호컵스카우트9월체험활동취소및추후활동안내.pdf,pdf,,,listed,http://dkischool.org/upload/board/가통22-20호컵스카우트9월체험활동취소및추후활동안내.pdf
41,가정통신문,795,가통-대련중등22-17호2022학년도중학교1학기교과별평가계획변경안내.hwp,hwp,,,listed,http://dkischool.org/upload/board/가통-대련중등22-17호2022학년도중학교1학기교과별평가계획변경안내.hwp
41,가정통신문,795,가통-대련중등22-18호2022학년도고등학교1학기교과별평가계획변경안내.hwp,hwp,,,listed,http://dkischool.org/upload/board/가통-대련중등22-18호2022학년도고등학교1학기교과별평가계획변경안내.hwp
41,가정통신문,796,가통-대련중등22-32호2022학년도중학교2학기교과별평가계획안내.hwp,hwp,,,listed,http://dkischool.org/upload/board/가통-대련중등22-32호2022학년도중학교2학기교과별평가계획안내.hwp
41,가정통신문,796,가통-대련중등22-33호2022학년도고등학교2학기교과별평가계획안내.hwp,hwp,,,listed,http://dkischool.org/upload/board/가통-대련중등22-33호2022학년도고등학교2학기교과별평가계획안내.hwp
41,가정통신문,797,가통22-21호2022학년도유초등현장체험학습참가신청안내가정통신문.pdf,pdf,,,listed,http://dkischool.org/upload/board/가통22-21호2022학년도유초등현장체험학습참가신청안내가정통신문.pdf
41,가정통신문,798,가통22-23호2022학년도유초등현장체험학습비납부안내가정통신문.pdf,pdf,,,listed,http://dkischool.org/upload/board/가통22-23호2022학년도유초등현장체험학습비납부안내가정통신문.pdf
41,가정통신문,799,가통22-24호컵스카우트일일목장체험활동참가신청안내.pdf,pdf,,,listed,http://dkischool.org/upload/board/가통22-24호컵스카우트일일목장체험활동참가신청안내.pdf
41,가정통신문,800,가통22-28호컵스카우트일일스포츠체험활동참가신청안내(수정).pdf,pdf,,,listed,http://dkischool.org/upload/board/가통22-28호컵스카우트일일스포츠체험활동참가신청안내(수정).pdf
41,가정통신문,801,가통-대련초중등22-24호2022학년도2학기학부모상담주간운영안내문.pdf,pdf,,,listed,http://dkischool.org/upload/board/가통-대련초중등22-24호2022학년도2학기학부모상담주간운영안내문.pdf
41,가정통신문,802,2022학년도전교생구강검진미실시안내가정통신문001_1.jpg,jpg,,,listed,http://dkischool.org/upload/board/2022학년도전교생구강검진미실시안내가정통신문001_1.jpg
41,가정통신문,803,2022학년도보건소식지(겨울철감기예방관리및안내)001_1.jpg,jpg,,,listed,http://dkischool.org/upload/board/2022학년도보건소식지(겨울철감기예방관리및안내)001_1.jpg
41,가정통신문,804,가통-대련초중등22-28호오픈스쿨미개최안내.pdf,pdf,,,listed,http://dkischool.org/upload/board/가통-대련초중등22-28호오픈스쿨미개최안내.pdf
41,가정통신문,805,가통-22-29호12월컵스카우트대집회활동참가신청안내.pdf,pdf,,,listed,http://dkischool.org/upload/board/가통-22-29호12월컵스카우트대집회활동참가신청안내.pdf
41,가정통신문,806,대련행22-16_2022학년도4분기학비안내(20221201)_1_1.jpg,jpg,,,listed,http://dkischool.org/upload/board/대련행22-16_2022학년도4분기학비안내(20221201)_1_1.jpg
41,가정통신문,806,대련행22-16_2022학년도4분기학비안내(20221201).pdf,pdf,,,listed,http://dkischool.org/upload/board/대련행22-16_2022학년도4분기학비안내(20221201).pdf
41,가정통신문,807,가통22-30호2022초등외국어FleaMarket안내(5).pdf,pdf,,,listed,http://dkischool.org/upload/board/가통22-30호2022초등외국어FleaMarket안내(5).pdf
41,가정통신문,808,가통22-32호2023학년도초등중국어교재구입안내가정통신문.hwp,hwp,,,listed,http://dkischool.org/upload/board/가통22-32호2023학년도초등중국어교재구입안내가정통신문.hwp
41,가정통신문,809,가통22-31호2023년초등영어교재및분반안내가정통신문.pdf,pdf,,,listed,http://dkischool.org/upload/board/가통22-31호2023년초등영어교재및분반안내가정통신문.pdf
41,가정통신문,810,1(1)_133.jpg,jpg,,,listed,http://dkischool.org/upload/board/1(1)_133.jpg
41,가정통신문,810,2(1)_110.jpg,jpg,,,listed,http://dkischool.org/upload/board/2(1)_110.jpg
41,가정통신문,810,대련행23-01_2023학년도1학기학비및교육경비안내(20230302).pdf,pdf,,,listed,http://dkischool.org/upload/board/대련행23-01_2023학년도1학기학비및교육경비안내(20230302).pdf
41,가정통신문,811,가통23-01호2023학년도개인정보수집이용및제공동의서(초등)제출안내가정통신문.pdf,pdf,,,listed,http://dkischool.org/upload/board/가통23-01호2023학년도개인정보수집이용및제공동의서(초등)제출안내가정통신문.pdf
41,가정통신문,812,대련행23-05호2023학년도석식신청안내가통.pdf,pdf,,,listed,http://dkischool.org/upload/board/대련행23-05호2023학년도석식신청안내가통.pdf
41,가정통신문,813,"대련행23-06,07호2023학년도교육지원봉사신청가통(1).pdf",pdf,,,listed,"http://dkischool.org/upload/board/대련행23-06,07호2023학년도교육지원봉사신청가통(1).pdf"
41,가정통신문,814,"가통-대련중등23-032023학년도영어LC,RC모의테스트실시계획(안).pdf",pdf,,,listed,"http://dkischool.org/upload/board/가통-대련중등23-032023학년도영어LC,RC모의테스트실시계획(안).pdf"
41,가정통신문,815,가통-대련초중등23-012023학년도학교설명회안내.pdf,pdf,,,listed,http://dkischool.org/upload/board/가통-대련초중등23-012023학년도학교설명회안내.pdf
41,가정통신문,816,(가통-대련초중등23-03)유초중등일과운영시간변경안내_1.jpg,jpg,,,listed,http://dkischool.org/upload/board/(가통-대련초중등23-03)유초중등일과운영시간변경안내_1.jpg
41,가정통신문,817,가통-대련중등23-17호2023학년도교육활동우수학생시상계획안내.pdf,pdf,,,listed,http://dkischool.org/upload/board/가통-대련중등23-17호2023학년도교육활동우수학생시상계획안내.pdf
41,가정통신문,818,가통-대련중등23-20호2023학년도교육활동우수학생시상계획수정안내.pdf,pdf,,,listed,http://dkischool.org/upload/board/가통-대련중등23-20호2023학년도교육활동우수학생시상계획수정안내.pdf
41,가정통신문,819,가통-만18세이상학생비자신청001_2.jpg,jpg,,,listed,http://dkischool.org/upload/board/가통-만18세이상학생비자신청001_2.jpg
41,가정통신문,820,가통-대련초중등23-092023학년도학기중주중휴무일학교통제안내(수정)_1.jpg,jpg,,,listed,http://dkischool.org/upload/board/가통-대련초중등23-092023학년도학기중주중휴무일학교통제안내(수정)_1.jpg
41,가정통신문,821,가통-대련중등23-25호국제교류(第十高中체육대회)현장체험학습가정통신문.pdf,pdf,,,listed,http://dkischool.org/upload/board/가통-대련중등23-25호국제교류(第十高中체육대회)현장체험학습가정통신문.pdf
41,가정통신문,822,2023학년도1학기외국어우수장학금신청안내.jpg,jpg,,,listed,http://dkischool.org/upload/board/2023학년도1학기외국어우수장학금신청안내.jpg
41,가정통신문,823,대련행23-142023학년도2분기학비및교육경비안내.pdf,pdf,,,listed,http://dkischool.org/upload/board/대련행23-142023학년도2분기학비및교육경비안내.pdf
41,가정통신문,824,"가통-대련초중등23-16호2023학년도수업,생활지도교육및행정서비스만족도조사실시안내가정통신문.pdf",pdf,,,listed,"http://dkischool.org/upload/board/가통-대련초중등23-16호2023학년도수업,생활지도교육및행정서비스만족도조사실시안내가정통신문.pdf"
41,가정통신문,826,1(1)_136.jpg,jpg,,,listed,http://dkischool.org/upload/board/1(1)_136.jpg
41,가정통신문,826,2(1)_114.jpg,jpg,,,listed,http://dkischool.org/upload/board/2(1)_114.jpg
41,가정통신문,826,3(1)_103.jpg,jpg,,,listed,http://dkischool.org/upload/board/3(1)_103.jpg
41,가정통신문,826,4(1)_108.jpg,jpg,,,listed,http://dkischool.org/upload/board/4(1)_108.jpg
41,가정통신문,826,대련행23-17_2023학년도2학기학비및교육경비안내.pdf,pdf,,,listed,http://dkischool.org/upload/board/대련행23-17_2023학년도2학기학비및교육경비안내.pdf
41,가정통신문,829,가통-대련중등23-44호2023학년도2학기교육활동우수학생시상계획안내(1).pdf,pdf,,,listed,http://dkischool.org/upload/board/가통-대련중등23-44호2023학년도2학기교육활동우수학생시상계획안내(1).pdf
41,가정통신문,831,가통-대련초중등23-53호(학교교육과정설명회).hwp,hwp,,,listed,http://dkischool.org/upload/board/가통-대련초중등23-53호(학교교육과정설명회).hwp
41,가정통신문,832,가통-대련초중등23-25호2023학년도학부모총회개최안내.pdf,pdf,,,listed,http://dkischool.org/upload/board/가통-대련초중등23-25호2023학년도학부모총회개최안내.pdf
41,가정통신문,833,대련행23-23_2023학년도4분기학비및교육경비안내_1_1.jpg,jpg,,,listed,http://dkischool.org/upload/board/대련행23-23_2023학년도4분기학비및교육경비안내_1_1.jpg
41,가정통신문,833,대련행23-23_2023학년도4분기학비및교육경비안내_2_1.jpg,jpg,,,listed,http://dkischool.org/upload/board/대련행23-23_2023학년도4분기학비및교육경비안내_2_1.jpg
41,가정통신문,833,대련행23-23_2023학년도4분기학비및교육경비안내.pdf,pdf,,,listed,http://dkischool.org/upload/board/대련행23-23_2023학년도4분기학비및교육경비안내.pdf
41,가정통신문,835,가통-대련초중등23-29호휴교안내001_1.jpg,jpg,,,listed,http://dkischool.org/upload/board/가통-대련초중등23-29호휴교안내001_1.jpg
41,가정통신문,836,가통-대련초중등23-31호(2023학년도졸업식안내)(1).hwp,hwp,,,listed,http://dkischool.org/upload/board/가통-대련초중등23-31호(2023학년도졸업식안내)(1).hwp
41,가정통신문,837,가통-대련초중등23-30호(단축수업안내).hwp,hwp,,,listed,http://dkischool.org/upload/board/가통-대련초중등23-30호(단축수업안내).hwp
41,가정통신문,839,2024학년도중등교과서및외국어교재안내.pdf,pdf,,,listed,http://dkischool.org/upload/board/2024학년도중등교과서및외국어교재안내.pdf
41,가정통신문,840,가통23-31호2023학년도유초등2학기방과후학교만족도조사안내가정통신문.pdf,pdf,,,listed,http://dkischool.org/upload/board/가통23-31호2023학년도유초등2학기방과후학교만족도조사안내가정통신문.pdf
41,가정통신문,841,가통대련초등23-28호2024영어교재및분반안내.pdf,pdf,,,listed,http://dkischool.org/upload/board/가통대련초등23-28호2024영어교재및분반안내.pdf
41,가정통신문,842,啊烹23-33龋2024切斥档檬殿吝惫绢背犁备涝救郴(1).pdf,pdf,,,listed,http://dkischool.org/upload/board/&#21834;烹23-33&#40843;2024切斥&#26723;&#27308;殿吝&#24811;&#32482;背犁&#22791;&#28061;救&#37108;(1).pdf
41,가정통신문,844,대련행24-4_2024학년도1학기학비및교육경비안내가정통신문.pdf,pdf,,,listed,http://dkischool.org/upload/board/대련행24-4_2024학년도1학기학비및교육경비안내가정통신문.pdf
41,가정통신문,845,2-1.학교운영위원회및위원선출안내가정통신문.pdf,pdf,,,listed,http://dkischool.org/upload/board/2-1.학교운영위원회및위원선출안내가정통신문.pdf
41,가정통신문,846,가통-중등24-02호2024학년도1차모의공인영어시험실시안내.hwp,hwp,,,listed,http://dkischool.org/upload/board/가통-중등24-02호2024학년도1차모의공인영어시험실시안내.hwp
41,가정통신문,847,"2-2.학부모위원선거일정가정통신문(공고,일정포함).pdf",pdf,,,listed,"http://dkischool.org/upload/board/2-2.학부모위원선거일정가정통신문(공고,일정포함).pdf"
41,가정통신문,849,가통-대련중등24-11호2024학년도중학교1학기교과별평가계획안내.pdf,pdf,,,listed,http://dkischool.org/upload/board/가통-대련중등24-11호2024학년도중학교1학기교과별평가계획안내.pdf
41,가정통신문,849,가통-대련중등24-12호2024학년도고등학교1학기교과별평가계획안내.pdf,pdf,,,listed,http://dkischool.org/upload/board/가통-대련중등24-12호2024학년도고등학교1학기교과별평가계획안내.pdf
41,가정통신문,850,2024학년도KLA(한국어학습지원)가정통신문.hwp,hwp,,,listed,http://dkischool.org/upload/board/2024학년도KLA(한국어학습지원)가정통신문.hwp
41,가정통신문,851,가통-초중등24-03호2024학년도학교폭력대책심의위원회학부모위원선출공고가정통신문.pdf,pdf,,,listed,http://dkischool.org/upload/board/가통-초중등24-03호2024학년도학교폭력대책심의위원회학부모위원선출공고가정통신문.pdf
41,가정통신문,852,가통24-08호2024학년도1학년1학기초등수행평가예고안가정통신문.hwp,hwp,,,listed,http://dkischool.org/upload/board/가통24-08호2024학년도1학년1학기초등수행평가예고안가정통신문.hwp
41,가정통신문,852,가통24-09호2024학년도2학년1학기초등수행평가예고안가정통신문(1).hwp,hwp,,,listed,http://dkischool.org/upload/board/가통24-09호2024학년도2학년1학기초등수행평가예고안가정통신문(1).hwp
41,가정통신문,852,가통24-10호2024학년도3학년1학기초등수행평가예고안가정통신문(1).hwp,hwp,,,listed,http://dkischool.org/upload/board/가통24-10호2024학년도3학년1학기초등수행평가예고안가정통신문(1).hwp
41,가정통신문,852,가통24-11호2024학년도4학년1학기초등수행평가예고안가정통신문(1).hwp,hwp,,,listed,http://dkischool.org/upload/board/가통24-11호2024학년도4학년1학기초등수행평가예고안가정통신문(1).hwp
41,가정통신문,852,가통24-12호2024학년도5학년1학기초등수행평가예고안가정통신문(1).hwp,hwp,,,listed,http://dkischool.org/upload/board/가통24-12호2024학년도5학년1학기초등수행평가예고안가정통신문(1).hwp
41,가정통신문,852,가통24-13호2024학년도6학년1학기초등수행평가예고안가정통신문(1).hwp,hwp,,,listed,http://dkischool.org/upload/board/가통24-13호2024학년도6학년1학기초등수행평가예고안가정통신문(1).hwp
41,가정통신문,853,가통24-06호2024학년도1학기초등디딤돌교육활동동의서001.jpg,jpg,,,listed,http://dkischool.org/upload/board/가통24-06호2024학년도1학기초등디딤돌교육활동동의서001.jpg
41,가정통신문,854,가통24-07호2024학년도1학기방과후교육활동수강료안내가정통신문001.jpg,jpg,,,listed,http://dkischool.org/upload/board/가통24-07호2024학년도1학기방과후교육활동수강료안내가정통신문001.jpg
41,가정통신문,855,2024학년도1학기방과후학교개설희망강좌수요조사001.jpg,jpg,,,listed,http://dkischool.org/upload/board/2024학년도1학기방과후학교개설희망강좌수요조사001.jpg
41,가정통신문,855,2024학년도1학기방과후학교개설희망강좌수요조사002.jpg,jpg,,,listed,http://dkischool.org/upload/board/2024학년도1학기방과후학교개설희망강좌수요조사002.jpg
41,가정통신문,856,가통24-05호2024학년도1학기유초등방과후교육활동신청가정통신문001.jpg,jpg,,,listed,http://dkischool.org/upload/board/가통24-05호2024학년도1학기유초등방과후교육활동신청가정통신문001.jpg
41,가정통신문,856,가통24-05호2024학년도1학기유초등방과후교육활동신청가정통신문002.jpg,jpg,,,listed,http://dkischool.org/upload/board/가통24-05호2024학년도1학기유초등방과후교육활동신청가정통신문002.jpg
41,가정통신문,856,가통24-05호2024학년도1학기유초등방과후교육활동신청가정통신문003.jpg,jpg,,,listed,http://dkischool.org/upload/board/가통24-05호2024학년도1학기유초등방과후교육활동신청가정통신문003.jpg
41,가정통신문,857,2024학년도학부모한국어교실수강안내.hwp,hwp,,,listed,http://dkischool.org/upload/board/2024학년도학부모한국어교실수강안내.hwp
41,가정통신문,858,가통-초중등24-5호학교정문앞주·정차금지안내.pdf,pdf,,,listed,http://dkischool.org/upload/board/가통-초중등24-5호학교정문앞주·정차금지안내.pdf
41,가정통신문,860,가통-초중등24-6호2024학년도1학기학생자치임원수련회실시.pdf,pdf,,,listed,http://dkischool.org/upload/board/가통-초중등24-6호2024학년도1학기학생자치임원수련회실시.pdf
41,가정통신문,861,가통-대련초중등24-08호제2회안중근추모걷기대회행사안내.hwpx,hwpx,,,listed,http://dkischool.org/upload/board/가통-대련초중등24-08호제2회안중근추모걷기대회행사안내.hwpx
41,가정통신문,862,가통-대련중등24-24국제공동수업안내및참여학생모집.pdf,pdf,,,listed,http://dkischool.org/upload/board/가통-대련중등24-24국제공동수업안내및참여학생모집.pdf
41,가정통신문,863,가통-대련초중등24-11호2024도서관희망도서신청안내.hwpx,hwpx,,,listed,http://dkischool.org/upload/board/가통-대련초중등24-11호2024도서관희망도서신청안내.hwpx
41,가정통신문,864,"가통-대련중등24-26호2024학년도12학년1학기2차지필평가시간표,시험범위.pdf",pdf,,,listed,"http://dkischool.org/upload/board/가통-대련중등24-26호2024학년도12학년1학기2차지필평가시간표,시험범위.pdf"
41,가정통신문,865,대련행24-112024학년도2분기학비납부안내_1_1.jpg,jpg,,,listed,http://dkischool.org/upload/board/대련행24-112024학년도2분기학비납부안내_1_1.jpg
41,가정통신문,865,대련행24-112024학년도2분기학비납부안내_2_1.jpg,jpg,,,listed,http://dkischool.org/upload/board/대련행24-112024학년도2분기학비납부안내_2_1.jpg
41,가정통신문,866,가통-초중등24-11호학교운동장주말개방안내.pdf,pdf,,,listed,http://dkischool.org/upload/board/가통-초중등24-11호학교운동장주말개방안내.pdf
41,가정통신문,867,가통-대련초중등24-13호2024학년도온라인코딩파티시즌1행사안내.pdf,pdf,,,listed,http://dkischool.org/upload/board/가통-대련초중등24-13호2024학년도온라인코딩파티시즌1행사안내.pdf
41,가정통신문,869,가통-대련중등24-39호2024학년도KLA(한국어학습지원)여름방학가정통신문.hwp,hwp,,,listed,http://dkischool.org/upload/board/가통-대련중등24-39호2024학년도KLA(한국어학습지원)여름방학가정통신문.hwp
41,가정통신문,872,가통.jpg,jpg,,,listed,http://dkischool.org/upload/board/가통.jpg
41,가정통신문,872,가통-대련중등24-42호2024학년도디지털선도학교특강및캠프신청안내.pdf,pdf,,,listed,http://dkischool.org/upload/board/가통-대련중등24-42호2024학년도디지털선도학교특강및캠프신청안내.pdf
41,가정통신문,877,대련행24-162024학년도2학기학비및교육경비안내.pdf,pdf,,,listed,http://dkischool.org/upload/board/대련행24-162024학년도2학기학비및교육경비안내.pdf
41,가정통신문,877,대련행24-162024학년도2학기학비및교육경비안내.pdf_page_1_1.jpg,jpg,,,listed,http://dkischool.org/upload/board/대련행24-162024학년도2학기학비및교육경비안내.pdf_page_1_1.jpg
41,가정통신문,877,대련행24-162024학년도2학기학비및교육경비안내.pdf_page_2_1.jpg,jpg,,,listed,http://dkischool.org/upload/board/대련행24-162024학년도2학기학비및교육경비안내.pdf_page_2_1.jpg
41,가정통신문,877,대련행24-162024학년도2학기학비및교육경비안내.pdf_page_3_1.jpg,jpg,,,listed,http://dkischool.org/upload/board/대련행24-162024학년도2학기학비및교육경비안내.pdf_page_3_1.jpg
41,가정통신문,877,대련행24-162024학년도2학기학비및교육경비안내.pdf_page_4_1.jpg,jpg,,,listed,http://dkischool.org/upload/board/대련행24-162024학년도2학기학비및교육경비안내.pdf_page_4_1.jpg
41,가정통신문,878,대련행24-19호2024학년도2학기석식비신청안내가정통신문.hwp,hwp,,,listed,http://dkischool.org/upload/board/대련행24-19호2024학년도2학기석식비신청안내가정통신문.hwp
41,가정통신문,881,가통24-34호2024학년도1학년2학기초등수행평가예고안가정통신문.pdf,pdf,,,listed,http://dkischool.org/upload/board/가통24-34호2024학년도1학년2학기초등수행평가예고안가정통신문.pdf
41,가정통신문,881,가통24-35호2024학년도2학년2학기초등수행평가예고안가정통신문.pdf,pdf,,,listed,http://dkischool.org/upload/board/가통24-35호2024학년도2학년2학기초등수행평가예고안가정통신문.pdf
41,가정통신문,881,가통24-36호2024학년도3학년2학기초등수행평가예고안가정통신문.pdf,pdf,,,listed,http://dkischool.org/upload/board/가통24-36호2024학년도3학년2학기초등수행평가예고안가정통신문.pdf
41,가정통신문,881,가통24-37호2024학년도4학년2학기초등수행평가예고안가정통신문.pdf,pdf,,,listed,http://dkischool.org/upload/board/가통24-37호2024학년도4학년2학기초등수행평가예고안가정통신문.pdf
41,가정통신문,881,가통24-38호2024학년도5학년2학기초등수행평가예고안가정통신문.pdf,pdf,,,listed,http://dkischool.org/upload/board/가통24-38호2024학년도5학년2학기초등수행평가예고안가정통신문.pdf
41,가정통신문,881,가통24-39호2024학년도6학년2학기초등수행평가예고안가정통신문.pdf,pdf,,,listed,http://dkischool.org/upload/board/가통24-39호2024학년도6학년2학기초등수행평가예고안가정통신문.pdf
41,가정통신문,882,[붙임1]가통-대련중등24-48호2024학년도중학교2학기교과별평가계획안내.pdf,pdf,,,listed,http://dkischool.org/upload/board/[붙임1]가통-대련중등24-48호2024학년도중학교2학기교과별평가계획안내.pdf
41,가정통신문,882,[붙임2]가통-대련중등24-49호2024학년도고등학교2학기교과별평가계획안내.pdf,pdf,,,listed,http://dkischool.org/upload/board/[붙임2]가통-대련중등24-49호2024학년도고등학교2학기교과별평가계획안내.pdf
41,가정통신문,883,가통-대련중등24-52호국제교류(UN세계평화의날기념)현장체험학습가정통신문.hwp,hwp,,,listed,http://dkischool.org/upload/board/가통-대련중등24-52호국제교류(UN세계평화의날기념)현장체험학습가정통신문.hwp
41,가정통신문,884,"가통-대련중등24-53호2024학년도중학교2학기1차지필평가시간표,시험범위.pdf",pdf,,,listed,"http://dkischool.org/upload/board/가통-대련중등24-53호2024학년도중학교2학기1차지필평가시간표,시험범위.pdf"
41,가정통신문,885,"가통-대련중등24-54호2024학년도10,11학년2학기1차지필평가시간표,시험범위.pdf",pdf,,,listed,"http://dkischool.org/upload/board/가통-대련중등24-54호2024학년도10,11학년2학기1차지필평가시간표,시험범위.pdf"
41,가정통신문,886,"가통-대련중등24-55호2024학년도10,11학년2학기1차지필평가시간표,시험범위(변경).pdf",pdf,,,listed,"http://dkischool.org/upload/board/가통-대련중등24-55호2024학년도10,11학년2학기1차지필평가시간표,시험범위(변경).pdf"
41,가정통신문,887,가통-초중등24-19호2024학년도온라인코딩파티시즌2행사안내.pdf,pdf,,,listed,http://dkischool.org/upload/board/가통-초중등24-19호2024학년도온라인코딩파티시즌2행사안내.pdf
41,가정통신문,888,가통24-09호유치원졸업앨범신청안내가정통신문.pdf,pdf,,,listed,http://dkischool.org/upload/board/가통24-09호유치원졸업앨범신청안내가정통신문.pdf
41,가정통신문,889,가통24-43호2024학년도창의음악동아리운영안내가정통신문(3).pdf,pdf,,,listed,http://dkischool.org/upload/board/가통24-43호2024학년도창의음악동아리운영안내가정통신문(3).pdf
41,가정통신문,890,page1_1_1.jpg,jpg,,,listed,http://dkischool.org/upload/board/page1_1_1.jpg
41,가정통신문,890,page2_1_1.jpg,jpg,,,listed,http://dkischool.org/upload/board/page2_1_1.jpg
41,가정통신문,890,대련행24-212024학년도4분기학비및교육경비안내.pdf,pdf,,,listed,http://dkischool.org/upload/board/대련행24-212024학년도4분기학비및교육경비안내.pdf
41,가정통신문,894,가통-대련중등24-63호2024학년도디지털선도학교특강신청안내.pdf,pdf,,,listed,http://dkischool.org/upload/board/가통-대련중등24-63호2024학년도디지털선도학교특강신청안내.pdf
41,가정통신문,895,가통-대련초중등24-22호학교등하교안전주의사항안내.hwp,hwp,,,listed,http://dkischool.org/upload/board/가통-대련초중등24-22호학교등하교안전주의사항안내.hwp
41,가정통신문,897,"가통-대련중등24-65호2024학년도고등학교2학기2차지필평가시간표,시험범위.pdf",pdf,,,listed,"http://dkischool.org/upload/board/가통-대련중등24-65호2024학년도고등학교2학기2차지필평가시간표,시험범위.pdf"
41,가정통신문,898,"가통-대련중등24-64호2024학년도중학교2학기2차지필평가시간표,시험범위(1).pdf",pdf,,,listed,"http://dkischool.org/upload/board/가통-대련중등24-64호2024학년도중학교2학기2차지필평가시간표,시험범위(1).pdf"
41,가정통신문,899,대련행24-22호2024학년도2학기석식일연장안내(1).pdf,pdf,,,listed,http://dkischool.org/upload/board/대련행24-22호2024학년도2학기석식일연장안내(1).pdf
41,가정통신문,901,가통-대련중등24-69호11학년대상2025학년도선택과목신청안내가정통신문.hwp,hwp,,,listed,http://dkischool.org/upload/board/가통-대련중등24-69호11학년대상2025학년도선택과목신청안내가정통신문.hwp
41,가정통신문,901,가통-대련중등24-70호10학년대상2025학년도선택과목신청안내가정통신문.hwp,hwp,,,listed,http://dkischool.org/upload/board/가통-대련중등24-70호10학년대상2025학년도선택과목신청안내가정통신문.hwp
41,가정통신문,903,대련행24-25호2024학년도겨울방학중식신청가정통신문.pdf,pdf,,,listed,http://dkischool.org/upload/board/대련행24-25호2024학년도겨울방학중식신청가정통신문.pdf
41,가정통신문,904,"2025학년도3,4학년교과용도서(검정교과서)선정결과(안내용).hwp",hwp,,,listed,"http://dkischool.org/upload/board/2025학년도3,4학년교과용도서(검정교과서)선정결과(안내용).hwp"
41,가정통신문,905,2025학년도영어과교재안내.hwp,hwp,,,listed,http://dkischool.org/upload/board/2025학년도영어과교재안내.hwp
41,가정통신문,905,2025학년도초등중국어교재구입안내(1).hwp,hwp,,,listed,http://dkischool.org/upload/board/2025학년도초등중국어교재구입안내(1).hwp
41,가정통신문,906,가통-대련중등24-77호2025학년도교과명변경과목안내.pdf,pdf,,,listed,http://dkischool.org/upload/board/가통-대련중등24-77호2025학년도교과명변경과목안내.pdf
41,가정통신문,907,대련행24-27인플루엔자유행주의보발령안내가.통(1)-복사본001_1.jpg,jpg,,,listed,http://dkischool.org/upload/board/대련행24-27인플루엔자유행주의보발령안내가.통(1)-복사본001_1.jpg
41,가정통신문,907,대련행24-27인플루엔자유행주의보발령안내가.통(2)-복사본001_1.jpg,jpg,,,listed,http://dkischool.org/upload/board/대련행24-27인플루엔자유행주의보발령안내가.통(2)-복사본001_1.jpg
41,가정통신문,908,2024초등영어인증제가정통신문.pdf,pdf,,,listed,http://dkischool.org/upload/board/2024초등영어인증제가정통신문.pdf
41,가정통신문,909,가통-대련초중등24-29호(2025학년도중등교과서및외국어교재안내).pdf,pdf,,,listed,http://dkischool.org/upload/board/가통-대련초중등24-29호(2025학년도중등교과서및외국어교재안내).pdf
41,가정통신문,910,2025학년도입학식안내가정통신문.hwp,hwp,,,listed,http://dkischool.org/upload/board/2025학년도입학식안내가정통신문.hwp
41,가정통신문,911,대련행25-42025학년도1학기학비및교육경비안내_1_1.jpg,jpg,,,listed,http://dkischool.org/upload/board/대련행25-42025학년도1학기학비및교육경비안내_1_1.jpg
41,가정통신문,911,대련행25-42025학년도1학기학비및교육경비안내_2_1.jpg,jpg,,,listed,http://dkischool.org/upload/board/대련행25-42025학년도1학기학비및교육경비안내_2_1.jpg
41,가정통신문,911,대련행25-42025학년도1학기학비및교육경비안내_3_1.jpg,jpg,,,listed,http://dkischool.org/upload/board/대련행25-42025학년도1학기학비및교육경비안내_3_1.jpg
41,가정통신문,911,대련행25-42025학년도1학기학비및교육경비안내_4_1.jpg,jpg,,,listed,http://dkischool.org/upload/board/대련행25-42025학년도1학기학비및교육경비안내_4_1.jpg
41,가정통신문,911,대련행25-42025학년도1학기학비및교육경비안내.pdf,pdf,,,listed,http://dkischool.org/upload/board/대련행25-42025학년도1학기학비및교육경비안내.pdf
41,가정통신문,912,가통-중등25-01호2025학년도개인정보수집이용및제공동의서(중등)제출안내가정통신문.pdf,pdf,,,listed,http://dkischool.org/upload/board/가통-중등25-01호2025학년도개인정보수집이용및제공동의서(중등)제출안내가정통신문.pdf
41,가정통신문,913,"대련행25-5,6호2025학년도교육지원봉사신청가통(2).pdf",pdf,,,listed,"http://dkischool.org/upload/board/대련행25-5,6호2025학년도교육지원봉사신청가통(2).pdf"
41,가정통신문,913,2025학년도교육지원봉사신청중국어가통.docx,docx,,,listed,http://dkischool.org/upload/board/2025학년도교육지원봉사신청중국어가통.docx
41,가정통신문,914,대련행25-08호2025학년도석식신청안내가통.hwp,hwp,,,listed,http://dkischool.org/upload/board/대련행25-08호2025학년도석식신청안내가통.hwp
41,가정통신문,916,가통25-08호2025학년도1학년1학기초등수행평가예고안가정통신문.pdf,pdf,,,listed,http://dkischool.org/upload/board/가통25-08호2025학년도1학년1학기초등수행평가예고안가정통신문.pdf
41,가정통신문,916,가통25-09호2025학년도2학년1학기초등수행평가예고안가정통신문.pdf,pdf,,,listed,http://dkischool.org/upload/board/가통25-09호2025학년도2학년1학기초등수행평가예고안가정통신문.pdf
41,가정통신문,916,가통25-10호2025학년도3학년1학기초등수행평가예고안가정통신문.pdf,pdf,,,listed,http://dkischool.org/upload/board/가통25-10호2025학년도3학년1학기초등수행평가예고안가정통신문.pdf
41,가정통신문,916,가통25-11호2025학년도4학년1학기초등수행평가예고안가정통신문.pdf,pdf,,,listed,http://dkischool.org/upload/board/가통25-11호2025학년도4학년1학기초등수행평가예고안가정통신문.pdf
41,가정통신문,916,가통25-12호2025학년도5학년1학기초등수행평가예고안가정통신문.pdf,pdf,,,listed,http://dkischool.org/upload/board/가통25-12호2025학년도5학년1학기초등수행평가예고안가정통신문.pdf
41,가정통신문,916,가통25-13호2025학년도6학년1학기초등수행평가예고안가정통신문.pdf,pdf,,,listed,http://dkischool.org/upload/board/가통25-13호2025학년도6학년1학기초등수행평가예고안가정통신문.pdf
41,가정통신문,919,가통25-20호디지털새싹토요캠프특강희망조사.hwp,hwp,,,listed,http://dkischool.org/upload/board/가통25-20호디지털새싹토요캠프특강희망조사.hwp
41,가정통신문,920,가통-대련중등25-40호2025학년도중등2학기방과후학교개설희망강좌수요조사.hwp,hwp,,,listed,http://dkischool.org/upload/board/가통-대련중등25-40호2025학년도중등2학기방과후학교개설희망강좌수요조사.hwp
41,가정통신문,921,가통-대련중등25-41호2025학년도중등1학기방과후학교만족도조사.hwp,hwp,,,listed,http://dkischool.org/upload/board/가통-대련중등25-41호2025학년도중등1학기방과후학교만족도조사.hwp
41,가정통신문,922,가통-대련중등25-45호2025학년도중등2학기방과후학교수강신청안내.hwp,hwp,,,listed,http://dkischool.org/upload/board/가통-대련중등25-45호2025학년도중등2학기방과후학교수강신청안내.hwp
41,가정통신문,923,가통-대련중등25-46호2025학년도2학기방과후학교및저소득층지원신청안내.hwp,hwp,,,listed,http://dkischool.org/upload/board/가통-대련중등25-46호2025학년도2학기방과후학교및저소득층지원신청안내.hwp
41,가정통신문,924,가통-대련중등25-53호2025학년도2학기방과후학교수강료납부안내.hwp,hwp,,,listed,http://dkischool.org/upload/board/가통-대련중등25-53호2025학년도2학기방과후학교수강료납부안내.hwp
41,가정통신문,925,가통-대련행정25-20호2025학년도2학기석식비납부안내.hwp,hwp,,,listed,http://dkischool.org/upload/board/가통-대련행정25-20호2025학년도2학기석식비납부안내.hwp
41,가정통신문,926,대련행25-232025학년도4분기학비및교육경비안내_1_1.jpg,jpg,,,listed,http://dkischool.org/upload/board/대련행25-232025학년도4분기학비및교육경비안내_1_1.jpg
41,가정통신문,926,대련행25-232025학년도4분기학비및교육경비안내_2_1.jpg,jpg,,,listed,http://dkischool.org/upload/board/대련행25-232025학년도4분기학비및교육경비안내_2_1.jpg
41,가정통신문,926,대련행25-232025학년도4분기학비및교육경비안내.pdf,pdf,,,listed,http://dkischool.org/upload/board/대련행25-232025학년도4분기학비및교육경비안내.pdf
41,가정통신문,928,가통-대련중등25-64호2025학년도겨울방학방과후학교개설희망강좌수요조사.hwp,hwp,,,listed,http://dkischool.org/upload/board/가통-대련중등25-64호2025학년도겨울방학방과후학교개설희망강좌수요조사.hwp
41,가정통신문,929,가통-대련중등25-65호2025학년도겨울방학방과후학교수강신청안내.hwp,hwp,,,listed,http://dkischool.org/upload/board/가통-대련중등25-65호2025학년도겨울방학방과후학교수강신청안내.hwp
41,가정통신문,930,가통-대련중등25-66호2025학년도2학기방과후학교추가프로그램수강신청안내.hwp,hwp,,,listed,http://dkischool.org/upload/board/가통-대련중등25-66호2025학년도2학기방과후학교추가프로그램수강신청안내.hwp
41,가정통신문,932,가통-대련중등25-75호(2026학년도중등교과서및외국어교재안내-업데이트).pdf,pdf,,,listed,http://dkischool.org/upload/board/가통-대련중등25-75호(2026학년도중등교과서및외국어교재안내-업데이트).pdf
41,가정통신문,933,대련행26-05_2026학년도1학기학비및교육경비안내.pdf,pdf,,,listed,http://dkischool.org/upload/board/대련행26-05_2026학년도1학기학비및교육경비안내.pdf
41,가정통신문,933,1(1)_172.jpg,jpg,,,listed,http://dkischool.org/upload/board/1(1)_172.jpg
41,가정통신문,933,2(1)_134.jpg,jpg,,,listed,http://dkischool.org/upload/board/2(1)_134.jpg
41,가정통신문,933,3(1)_116.jpg,jpg,,,listed,http://dkischool.org/upload/board/3(1)_116.jpg
41,가정통신문,933,4(1)_119.jpg,jpg,,,listed,http://dkischool.org/upload/board/4(1)_119.jpg
41,가정통신문,934,"대련행26-6,7호2026학년도교육지원봉사신청가통(2).pdf",pdf,,,listed,"http://dkischool.org/upload/board/대련행26-6,7호2026학년도교육지원봉사신청가통(2).pdf"
41,가정통신문,934,2026학년도교육지원봉사신청중국어가통.docx,docx,,,listed,http://dkischool.org/upload/board/2026학년도교육지원봉사신청중국어가통.docx
41,가정통신문,935,가통26-24호2026학년도유초등현장체험학습정산안내.pdf,pdf,,,listed,http://dkischool.org/upload/board/가통26-24호2026학년도유초등현장체험학습정산안내.pdf
41,가정통신문,936,대련행26-26호2026학년도2학기학비및교육경비안내(1).pdf,pdf,,,listed,http://dkischool.org/upload/board/대련행26-26호2026학년도2학기학비및교육경비안내(1).pdf
41,가정통신문,937,대련행26-29호2026학년도2학기석식신청안내가정통신문.pdf,pdf,,,listed,http://dkischool.org/upload/board/대련행26-29호2026학년도2학기석식신청안내가정통신문.pdf
41,가정통신문,938,가통26-42호2026학년도1학년2학기초등수행평가예고안가정통신문.pdf,pdf,,,listed,http://dkischool.org/upload/board/가통26-42호2026학년도1학년2학기초등수행평가예고안가정통신문.pdf
41,가정통신문,938,가통26-43호2026학년도2학년2학기초등수행평가예고안가정통신문.pdf,pdf,,,listed,http://dkischool.org/upload/board/가통26-43호2026학년도2학년2학기초등수행평가예고안가정통신문.pdf
41,가정통신문,938,가통26-44호2026학년도3학년2학기초등수행평가예고안가정통신문.pdf,pdf,,,listed,http://dkischool.org/upload/board/가통26-44호2026학년도3학년2학기초등수행평가예고안가정통신문.pdf
41,가정통신문,938,가통26-45호2026학년도4학년2학기초등수행평가예고안가정통신문.pdf,pdf,,,listed,http://dkischool.org/upload/board/가통26-45호2026학년도4학년2학기초등수행평가예고안가정통신문.pdf
41,가정통신문,938,가통26-46호2026학년도5학년2학기초등수행평가예고안가정통신문.pdf,pdf,,,listed,http://dkischool.org/upload/board/가통26-46호2026학년도5학년2학기초등수행평가예고안가정통신문.pdf
41,가정통신문,938,가통26-47호2026학년도6학년2학기초등수행평가예고안가정통신문.pdf,pdf,,,listed,http://dkischool.org/upload/board/가통26-47호2026학년도6학년2학기초등수행평가예고안가정통신문.pdf
42,보건실,1,제12-4호_2012_건강실태조사.hwp,hwp,,,listed,http://dkischool.org/upload/board/제12-4호_2012_건강실태조사.hwp
42,보건실,1,초등12-5호신입생건강조사.hwp,hwp,,,listed,http://dkischool.org/upload/board/초등12-5호신입생건강조사.hwp
42,보건실,12,[mix]눈피로마사지.wmv,wmv,,,listed,http://dkischool.org/upload/board/[mix]눈피로마사지.wmv
42,보건실,13,생리통에_좋은_요가자세.hwp,hwp,,,listed,http://dkischool.org/upload/board/생리통에_좋은_요가자세.hwp
42,보건실,17,초등13-4호신입생건강조사.hwp,hwp,,,listed,http://dkischool.org/upload/board/초등13-4호신입생건강조사.hwp
42,보건실,17,제13-5호_건강실태조사.hwp,hwp,,,listed,http://dkischool.org/upload/board/제13-5호_건강실태조사.hwp
42,보건실,23,gva00000e200001.gif,gif,,,listed,http://dkischool.org/upload/board/gva00000e200001.gif
42,보건실,23,gva00000e200002.gif,gif,,,listed,http://dkischool.org/upload/board/gva00000e200002.gif
42,보건실,23,gva00000e2000011.gif,gif,,,listed,http://dkischool.org/upload/board/gva00000e2000011.gif
42,보건실,23,gva00000e2000021.gif,gif,,,listed,http://dkischool.org/upload/board/gva00000e2000021.gif
42,보건실,24,10011.jpg,jpg,,,listed,http://dkischool.org/upload/board/10011.jpg
42,보건실,24,1002.jpg,jpg,,,listed,http://dkischool.org/upload/board/1002.jpg
42,보건실,26,gva00000cd40001.gif,gif,,,listed,http://dkischool.org/upload/board/gva00000cd40001.gif
42,보건실,26,gva00000cd40002.gif,gif,,,listed,http://dkischool.org/upload/board/gva00000cd40002.gif
42,보건실,27,gva000018180001.gif,gif,,,listed,http://dkischool.org/upload/board/gva000018180001.gif
42,보건실,28,gva000021880001.gif,gif,,,listed,http://dkischool.org/upload/board/gva000021880001.gif
42,보건실,28,gva000021880002.gif,gif,,,listed,http://dkischool.org/upload/board/gva000021880002.gif
42,보건실,28,gva000021880003.gif,gif,,,listed,http://dkischool.org/upload/board/gva000021880003.gif
42,보건실,28,gva000021880004.gif,gif,,,listed,http://dkischool.org/upload/board/gva000021880004.gif
42,보건실,28,gva000021880005.gif,gif,,,listed,http://dkischool.org/upload/board/gva000021880005.gif
42,보건실,29,gva0000524800011.gif,gif,,,listed,http://dkischool.org/upload/board/gva0000524800011.gif
42,보건실,29,gva0000524800021.gif,gif,,,listed,http://dkischool.org/upload/board/gva0000524800021.gif
42,보건실,30,gva000017f00001.gif,gif,,,listed,http://dkischool.org/upload/board/gva000017f00001.gif
42,보건실,30,gva000017f00002.gif,gif,,,listed,http://dkischool.org/upload/board/gva000017f00002.gif
42,보건실,31,초중등15-05_3월_보건소식.hwp,hwp,,,listed,http://dkischool.org/upload/board/초중등15-05_3월_보건소식.hwp
42,보건실,32,"초중등15-01_건강조사_및_응급환자,전염병환자관리안내.hwp",hwp,,,listed,"http://dkischool.org/upload/board/초중등15-01_건강조사_및_응급환자,전염병환자관리안내.hwp"
42,보건실,33,취학전예방접종확인서.hwp,hwp,,,listed,http://dkischool.org/upload/board/취학전예방접종확인서.hwp
42,보건실,34,040.jpg,jpg,,,listed,http://dkischool.org/upload/board/040.jpg
42,보건실,34,0361.jpg,jpg,,,listed,http://dkischool.org/upload/board/0361.jpg
42,보건실,34,0381.jpg,jpg,,,listed,http://dkischool.org/upload/board/0381.jpg
42,보건실,35,구강검사5.jpg,jpg,,,listed,http://dkischool.org/upload/board/구강검사5.jpg
42,보건실,35,구강검사2.jpg,jpg,,,listed,http://dkischool.org/upload/board/구강검사2.jpg
42,보건실,35,구강검사4.jpg,jpg,,,listed,http://dkischool.org/upload/board/구강검사4.jpg
42,보건실,38,초중등15-169월보건소식(1).hwp,hwp,,,listed,http://dkischool.org/upload/board/초중등15-169월보건소식(1).hwp
42,보건실,40,초중등15-2211월보건소식.hwp,hwp,,,listed,http://dkischool.org/upload/board/초중등15-2211월보건소식.hwp
42,보건실,41,초중등15-2612월보건소식.hwp,hwp,,,listed,http://dkischool.org/upload/board/초중등15-2612월보건소식.hwp
42,보건실,43,미세먼지예방및행동수칙(1).hwp,hwp,,,listed,http://dkischool.org/upload/board/미세먼지예방및행동수칙(1).hwp
42,보건실,44,가통17-07호2017학년도보건소식지봄호.hwp,hwp,,,listed,http://dkischool.org/upload/board/가통17-07호2017학년도보건소식지봄호.hwp
42,보건실,48,★심폐소생술이론(1).hwp,hwp,,,listed,http://dkischool.org/upload/board/★심폐소생술이론(1).hwp
42,보건실,50,중국내구입가능한상비약목록.hwp,hwp,,,listed,http://dkischool.org/upload/board/중국내구입가능한상비약목록.hwp
42,보건실,52,가통17-13학교안전공제회및대련소재의료기관현황안내(1).hwp,hwp,,,listed,http://dkischool.org/upload/board/가통17-13학교안전공제회및대련소재의료기관현황안내(1).hwp
42,보건실,53,보건소식지여름호001.bmp,bmp,,,listed,http://dkischool.org/upload/board/보건소식지여름호001.bmp
42,보건실,53,보건소식지여름호002.bmp,bmp,,,listed,http://dkischool.org/upload/board/보건소식지여름호002.bmp
42,보건실,53,보건소식지여름호003.bmp,bmp,,,listed,http://dkischool.org/upload/board/보건소식지여름호003.bmp
42,보건실,53,보건소식지여름호004.bmp,bmp,,,listed,http://dkischool.org/upload/board/보건소식지여름호004.bmp
42,보건실,54,볼거리안내자료(감염병메뉴얼).hwp,hwp,,,listed,http://dkischool.org/upload/board/볼거리안내자료(감염병메뉴얼).hwp
42,보건실,55,가통17-222017학년도보건소식지가을호.hwp,hwp,,,listed,http://dkischool.org/upload/board/가통17-222017학년도보건소식지가을호.hwp
42,보건실,56,대련초등17-30호머릿니예방및관리안내.hwp,hwp,,,listed,http://dkischool.org/upload/board/대련초등17-30호머릿니예방및관리안내.hwp
42,보건실,56,머릿니예방및관리가정통신문001_2.jpg,jpg,,,listed,http://dkischool.org/upload/board/머릿니예방및관리가정통신문001_2.jpg
42,보건실,56,머릿니예방및관리가정통신문002_2.jpg,jpg,,,listed,http://dkischool.org/upload/board/머릿니예방및관리가정통신문002_2.jpg
42,보건실,56,머릿니예방안내001_2.jpg,jpg,,,listed,http://dkischool.org/upload/board/머릿니예방안내001_2.jpg
42,보건실,56,머릿니예방안내002_2.jpg,jpg,,,listed,http://dkischool.org/upload/board/머릿니예방안내002_2.jpg
42,보건실,57,수족구예방및관리.hwp,hwp,,,listed,http://dkischool.org/upload/board/수족구예방및관리.hwp
42,보건실,57,수족구예방안내001_1.jpg,jpg,,,listed,http://dkischool.org/upload/board/수족구예방안내001_1.jpg
42,보건실,58,상황별_응급처치.ppt,ppt,,,listed,http://dkischool.org/upload/board/상황별_응급처치.ppt
42,보건실,58,붕대및부목법.mp4,mp4,,,listed,http://dkischool.org/upload/board/붕대및부목법.mp4
42,보건실,58,하임리히법.mp4,mp4,,,listed,http://dkischool.org/upload/board/하임리히법.mp4
42,보건실,58,실신응급처치(1).mkv,mkv,,,listed,http://dkischool.org/upload/board/실신응급처치(1).mkv
42,보건실,59,보건소식지겨울호001_1.jpg,jpg,,,listed,http://dkischool.org/upload/board/보건소식지겨울호001_1.jpg
42,보건실,59,보건소식지겨울호002_1.jpg,jpg,,,listed,http://dkischool.org/upload/board/보건소식지겨울호002_1.jpg
42,보건실,59,보건소식지겨울호003_1.jpg,jpg,,,listed,http://dkischool.org/upload/board/보건소식지겨울호003_1.jpg
42,보건실,59,보건소식지겨울호004_1.jpg,jpg,,,listed,http://dkischool.org/upload/board/보건소식지겨울호004_1.jpg
42,보건실,59,보건소식지겨울호.hwp,hwp,,,listed,http://dkischool.org/upload/board/보건소식지겨울호.hwp
42,보건실,60,가통18-042018학년도보건소식지봄호.hwp,hwp,,,listed,http://dkischool.org/upload/board/가통18-042018학년도보건소식지봄호.hwp
42,보건실,61,중국내구입가능한상비약목록(2018.6.12).pdf,pdf,,,listed,http://dkischool.org/upload/board/중국내구입가능한상비약목록(2018.6.12).pdf
42,보건실,67,2018대련지역의료안전가이드북최종본.pdf,pdf,,,listed,http://dkischool.org/upload/board/2018대련지역의료안전가이드북최종본.pdf
42,보건실,69,보건소식지봄호001_1.jpg,jpg,,,listed,http://dkischool.org/upload/board/보건소식지봄호001_1.jpg
42,보건실,69,보건소식지봄호002_1.jpg,jpg,,,listed,http://dkischool.org/upload/board/보건소식지봄호002_1.jpg
42,보건실,70,181012_세계손씻기의날_06.jpg,jpg,,,listed,http://dkischool.org/upload/board/181012_세계손씻기의날_06.jpg
42,보건실,70,181012_세계손씻기의날_05.jpg,jpg,,,listed,http://dkischool.org/upload/board/181012_세계손씻기의날_05.jpg
42,보건실,71,보건소식지4월호001001_1.jpg,jpg,,,listed,http://dkischool.org/upload/board/보건소식지4월호001001_1.jpg
42,보건실,71,보건소식지4월호001002_1.jpg,jpg,,,listed,http://dkischool.org/upload/board/보건소식지4월호001002_1.jpg
42,보건실,72,보건소식지5월호.pdf_page_1_1.jpg,jpg,,,listed,http://dkischool.org/upload/board/보건소식지5월호.pdf_page_1_1.jpg
42,보건실,72,보건소식지5월호.pdf_page_2_1.jpg,jpg,,,listed,http://dkischool.org/upload/board/보건소식지5월호.pdf_page_2_1.jpg
42,보건실,73,★심폐소생술이론(2).hwp,hwp,,,listed,http://dkischool.org/upload/board/★심폐소생술이론(2).hwp
42,보건실,74,슬라이드1.bmp,bmp,,,listed,http://dkischool.org/upload/board/슬라이드1.bmp
42,보건실,74,슬라이드2.bmp,bmp,,,listed,http://dkischool.org/upload/board/슬라이드2.bmp
42,보건실,75,2019년6월보건소식지(스캔).pdf_page_1_1.jpg,jpg,,,listed,http://dkischool.org/upload/board/2019년6월보건소식지(스캔).pdf_page_1_1.jpg
42,보건실,75,2019년6월보건소식지(스캔).pdf_page_2_1.jpg,jpg,,,listed,http://dkischool.org/upload/board/2019년6월보건소식지(스캔).pdf_page_2_1.jpg
42,보건실,76,홈페이지게시용001_1.jpg,jpg,,,listed,http://dkischool.org/upload/board/홈페이지게시용001_1.jpg
42,보건실,76,홈페이지게시용002_1.jpg,jpg,,,listed,http://dkischool.org/upload/board/홈페이지게시용002_1.jpg
42,보건실,77,골든타임과함께하는보건소식지10월호_1.jpg,jpg,,,listed,http://dkischool.org/upload/board/골든타임과함께하는보건소식지10월호_1.jpg
42,보건실,77,골든타임과함께하는보건소식지10월호0001_1.jpg,jpg,,,listed,http://dkischool.org/upload/board/골든타임과함께하는보건소식지10월호0001_1.jpg
42,보건실,78,11월보건소식지20191106_1.jpg,jpg,,,listed,http://dkischool.org/upload/board/11월보건소식지20191106_1.jpg
42,보건실,78,11월보건소식지20191106_0001_1.jpg,jpg,,,listed,http://dkischool.org/upload/board/11월보건소식지20191106_0001_1.jpg
42,보건실,79,슬라이드1_1.jpg,jpg,,,listed,http://dkischool.org/upload/board/슬라이드1_1.jpg
42,보건실,79,슬라이드2_1.jpg,jpg,,,listed,http://dkischool.org/upload/board/슬라이드2_1.jpg
42,보건실,83,20200407_132113_0001.pdf,pdf,,,listed,http://dkischool.org/upload/board/20200407_132113_0001.pdf
42,보건실,84,image001.bmp,bmp,,,listed,http://dkischool.org/upload/board/image001.bmp
42,보건실,84,image002.bmp,bmp,,,listed,http://dkischool.org/upload/board/image002.bmp
42,보건실,85,★심폐소생술이론(3).hwp,hwp,,,listed,http://dkischool.org/upload/board/★심폐소생술이론(3).hwp
42,보건실,86,image001(1).bmp,bmp,,,listed,http://dkischool.org/upload/board/image001(1).bmp
42,보건실,86,image002(1).bmp,bmp,,,listed,http://dkischool.org/upload/board/image002(1).bmp
42,보건실,87,생명지킴이와함께하는보건소식지7월호2001_2.jpg,jpg,,,listed,http://dkischool.org/upload/board/생명지킴이와함께하는보건소식지7월호2001_2.jpg
42,보건실,87,생명지킴이와함께하는보건소식지7월호2002_2.jpg,jpg,,,listed,http://dkischool.org/upload/board/생명지킴이와함께하는보건소식지7월호2002_2.jpg
42,보건실,87,생명지킴이와함께하는보건소식지7월호2003_2.jpg,jpg,,,listed,http://dkischool.org/upload/board/생명지킴이와함께하는보건소식지7월호2003_2.jpg
42,보건실,88,보건소식지9월호001_1.jpg,jpg,,,listed,http://dkischool.org/upload/board/보건소식지9월호001_1.jpg
42,보건실,88,보건소식지9월호002_1.jpg,jpg,,,listed,http://dkischool.org/upload/board/보건소식지9월호002_1.jpg
42,보건실,89,생명지킴이와함께하는보건소식지10월호(2020)001_1.jpg,jpg,,,listed,http://dkischool.org/upload/board/생명지킴이와함께하는보건소식지10월호(2020)001_1.jpg
42,보건실,89,생명지킴이와함께하는보건소식지10월호(2020)002_1.jpg,jpg,,,listed,http://dkischool.org/upload/board/생명지킴이와함께하는보건소식지10월호(2020)002_1.jpg
42,보건실,90,생명지킴이와함께하는보건소식지11월호(2020)001_1.jpg,jpg,,,listed,http://dkischool.org/upload/board/생명지킴이와함께하는보건소식지11월호(2020)001_1.jpg
42,보건실,90,생명지킴이와함께하는보건소식지11월호(2020)002_1.jpg,jpg,,,listed,http://dkischool.org/upload/board/생명지킴이와함께하는보건소식지11월호(2020)002_1.jpg
42,보건실,91,★심폐소생술이론(5).hwp,hwp,,,listed,http://dkischool.org/upload/board/★심폐소생술이론(5).hwp
42,보건실,91,QRCodeImg(실기동영상)_3.jpg,jpg,,,listed,http://dkischool.org/upload/board/QRCodeImg(실기동영상)_3.jpg
42,보건실,92,★심폐소생술이론및실기교육자료.hwp,hwp,,,listed,http://dkischool.org/upload/board/★심폐소생술이론및실기교육자료.hwp
42,보건실,93,대련행23-8호23학년도보건소식지봄호(환절기감기및독감예방안내)001_1.jpg,jpg,,,listed,http://dkischool.org/upload/board/대련행23-8호23학년도보건소식지봄호(환절기감기및독감예방안내)001_1.jpg
42,보건실,94,"대련행23-9호2023학년도보건소식지봄호(올바른개인물병,텀블러사용법)(1)001_1.jpg",jpg,,,listed,"http://dkischool.org/upload/board/대련행23-9호2023학년도보건소식지봄호(올바른개인물병,텀블러사용법)(1)001_1.jpg"
42,보건실,95,대련행23-18호23학년도보건소식지가을호(수족구병예방안내)_수정001_1.jpg,jpg,,,listed,http://dkischool.org/upload/board/대련행23-18호23학년도보건소식지가을호(수족구병예방안내)_수정001_1.jpg
42,보건실,96,대련행23-21호보건소식지가을.겨울호(유행성폐렴및환절기감기.독감예방법)001_1.jpg,jpg,,,listed,http://dkischool.org/upload/board/대련행23-21호보건소식지가을.겨울호(유행성폐렴및환절기감기.독감예방법)001_1.jpg
42,보건실,97,대련행23-22호23학년도보건소식지겨울호(독감예방안내)(2)(1)001_1.jpg,jpg,,,listed,http://dkischool.org/upload/board/대련행23-22호23학년도보건소식지겨울호(독감예방안내)(2)(1)001_1.jpg
42,보건실,98,(초등학부모용).pdf,pdf,,,listed,http://dkischool.org/upload/board/(초등학부모용).pdf
42,보건실,98,(중등학부모용).pdf,pdf,,,listed,http://dkischool.org/upload/board/(중등학부모용).pdf
42,보건실,98,(초등저학년용).pdf,pdf,,,listed,http://dkischool.org/upload/board/(초등저학년용).pdf
42,보건실,98,(초등고학년용).pdf,pdf,,,listed,http://dkischool.org/upload/board/(초등고학년용).pdf
42,보건실,98,(중고등학생용).pdf,pdf,,,listed,http://dkischool.org/upload/board/(중고등학생용).pdf
42,보건실,99,대련행24-11호2024학년도구강검진미실시안내001_1.jpg,jpg,,,listed,http://dkischool.org/upload/board/대련행24-11호2024학년도구강검진미실시안내001_1.jpg
42,보건실,100,대련행24-15여름방학예방접종안내001_1.jpg,jpg,,,listed,http://dkischool.org/upload/board/대련행24-15여름방학예방접종안내001_1.jpg
42,보건실,101,대련행24-18호코로나19재유행대비개인방역안전수칙가정통신문001_1.jpg,jpg,,,listed,http://dkischool.org/upload/board/대련행24-18호코로나19재유행대비개인방역안전수칙가정통신문001_1.jpg
42,보건실,101,대련행24-18호코로나19재유행대비개인방역안전수칙가정통신문-복사본.pdf,pdf,,,listed,http://dkischool.org/upload/board/대련행24-18호코로나19재유행대비개인방역안전수칙가정통신문-복사본.pdf
42,보건실,101,대련행24-18호코로나19재유행대비개인방역안전수칙가정통신문.hwp,hwp,,,listed,http://dkischool.org/upload/board/대련행24-18호코로나19재유행대비개인방역안전수칙가정통신문.hwp
42,보건실,102,대련행25-22025보건소식지봄호(대련시주변병원안내및학교안전공제회안내)(2).pdf,pdf,,,listed,http://dkischool.org/upload/board/대련행25-22025보건소식지봄호(대련시주변병원안내및학교안전공제회안내)(2).pdf
42,보건실,102,대련행25-22025보건소식지봄호(대련시주변병원안내및학교안전공제회안내)-중문.pdf,pdf,,,listed,http://dkischool.org/upload/board/대련행25-22025보건소식지봄호(대련시주변병원안내및학교안전공제회안내)-중문.pdf
42,보건실,102,대련행25-22025보건소식지봄호(대련시주변병원안내및학교안전공제회안내)001_2.jpg,jpg,,,listed,http://dkischool.org/upload/board/대련행25-22025보건소식지봄호(대련시주변병원안내및학교안전공제회안내)001_2.jpg
42,보건실,102,대련행25-22025보건소식지봄호(대련시주변병원안내및학교안전공제회안내)002_2.jpg,jpg,,,listed,http://dkischool.org/upload/board/대련행25-22025보건소식지봄호(대련시주변병원안내및학교안전공제회안내)002_2.jpg
42,보건실,102,안전공제회안내-중문_1.jpg,jpg,,,listed,http://dkischool.org/upload/board/안전공제회안내-중문_1.jpg
42,보건실,103,대련행25-7보건소식-봄호가정통신문.pdf,pdf,,,listed,http://dkischool.org/upload/board/대련행25-7보건소식-봄호가정통신문.pdf
42,보건실,103,대련행25-7보건소식봄호(보건실이용안내및건강정보안내)가정통신문001_1.jpg,jpg,,,listed,http://dkischool.org/upload/board/대련행25-7보건소식봄호(보건실이용안내및건강정보안내)가정통신문001_1.jpg
42,보건실,103,대련행25-7보건소식봄호(보건실이용안내및건강정보안내)가정통신문002_1.jpg,jpg,,,listed,http://dkischool.org/upload/board/대련행25-7보건소식봄호(보건실이용안내및건강정보안내)가정통신문002_1.jpg
42,보건실,104,대련행25-10장염예방및개인위생안내.hwp,hwp,,,listed,http://dkischool.org/upload/board/대련행25-10장염예방및개인위생안내.hwp
42,보건실,104,대련행25-10장염예방및개인위생안내001_1.jpg,jpg,,,listed,http://dkischool.org/upload/board/대련행25-10장염예방및개인위생안내001_1.jpg
42,보건실,104,대련행25-10장염예방및개인위생안내002_1.jpg,jpg,,,listed,http://dkischool.org/upload/board/대련행25-10장염예방및개인위생안내002_1.jpg
42,보건실,104,대련행25-10장염예방및개인위생안내003_1.jpg,jpg,,,listed,http://dkischool.org/upload/board/대련행25-10장염예방및개인위생안내003_1.jpg
42,보건실,105,대련행25-11흡연예방전자담배의유해성과중독성(개인위생관리포함).hwp,hwp,,,listed,http://dkischool.org/upload/board/대련행25-11흡연예방전자담배의유해성과중독성(개인위생관리포함).hwp
42,보건실,105,대련행25-11흡연예방전자담배의유해성과중독성(개인위생관리포함)001_1.jpg,jpg,,,listed,http://dkischool.org/upload/board/대련행25-11흡연예방전자담배의유해성과중독성(개인위생관리포함)001_1.jpg
42,보건실,105,대련행25-11흡연예방전자담배의유해성과중독성(개인위생관리포함)002_1.jpg,jpg,,,listed,http://dkischool.org/upload/board/대련행25-11흡연예방전자담배의유해성과중독성(개인위생관리포함)002_1.jpg
42,보건실,106,대련행25-12안전사고예방가정통신문.hwp,hwp,,,listed,http://dkischool.org/upload/board/대련행25-12안전사고예방가정통신문.hwp
42,보건실,106,대련행25-12안전사고예방가정통신문001_1.jpg,jpg,,,listed,http://dkischool.org/upload/board/대련행25-12안전사고예방가정통신문001_1.jpg
42,보건실,107,"수두,인플루엔자,홍역등호흡기감염병예방안내.hwp",hwp,,,listed,"http://dkischool.org/upload/board/수두,인플루엔자,홍역등호흡기감염병예방안내.hwp"
42,보건실,107,"수두,인플루엔자,홍역등호흡기감염병예방안내(1)001_1.jpg",jpg,,,listed,"http://dkischool.org/upload/board/수두,인플루엔자,홍역등호흡기감염병예방안내(1)001_1.jpg"
42,보건실,107,"수두,인플루엔자,홍역등호흡기감염병예방안내002_1.jpg",jpg,,,listed,"http://dkischool.org/upload/board/수두,인플루엔자,홍역등호흡기감염병예방안내002_1.jpg"
42,보건실,108,성홍열및코로나19재유행예방수칙안내가정통신문001_1.jpg,jpg,,,listed,http://dkischool.org/upload/board/성홍열및코로나19재유행예방수칙안내가정통신문001_1.jpg
42,보건실,108,성홍열및코로나19재유행예방수칙안내가정통신문002_1.jpg,jpg,,,listed,http://dkischool.org/upload/board/성홍열및코로나19재유행예방수칙안내가정통신문002_1.jpg
42,보건실,108,성홍열및코로나19재유행예방수칙안내가정통신문.pdf,pdf,,,listed,http://dkischool.org/upload/board/성홍열및코로나19재유행예방수칙안내가정통신문.pdf
42,보건실,109,보건소식지-여름호.pdf,pdf,,,listed,http://dkischool.org/upload/board/보건소식지-여름호.pdf
42,보건실,109,보건소식지-여름호001_1.jpg,jpg,,,listed,http://dkischool.org/upload/board/보건소식지-여름호001_1.jpg
42,보건실,109,보건소식지-여름호002_1.jpg,jpg,,,listed,http://dkischool.org/upload/board/보건소식지-여름호002_1.jpg
42,보건실,110,여름방학초등예방접종안내.pdf,pdf,,,listed,http://dkischool.org/upload/board/여름방학초등예방접종안내.pdf
42,보건실,110,여름방학초등예방접종안내001_1.jpg,jpg,,,listed,http://dkischool.org/upload/board/여름방학초등예방접종안내001_1.jpg
42,보건실,111,대련행25-20호보건소식지-가을호[호흡기감염병및수인성감염병예방수칙안내].pdf,pdf,,,listed,http://dkischool.org/upload/board/대련행25-20호보건소식지-가을호[호흡기감염병및수인성감염병예방수칙안내].pdf
42,보건실,111,대련행25-20호보건소식지-가을호[호흡기감염병및수인성감염병예방수칙안내]001_1.jpg,jpg,,,listed,http://dkischool.org/upload/board/대련행25-20호보건소식지-가을호[호흡기감염병및수인성감염병예방수칙안내]001_1.jpg
42,보건실,111,대련행25-20호보건소식지-가을호[호흡기감염병및수인성감염병예방수칙안내]002_1.jpg,jpg,,,listed,http://dkischool.org/upload/board/대련행25-20호보건소식지-가을호[호흡기감염병및수인성감염병예방수칙안내]002_1.jpg
42,보건실,111,대련행25-20호보건소식지-가을호[호흡기감염병및수인성감염병예방수칙안내]004_1.jpg,jpg,,,listed,http://dkischool.org/upload/board/대련행25-20호보건소식지-가을호[호흡기감염병및수인성감염병예방수칙안내]004_1.jpg
42,보건실,111,대련행25-20호보건소식지-가을호[호흡기감염병및수인성감염병예방수칙안내]006_1.jpg,jpg,,,listed,http://dkischool.org/upload/board/대련행25-20호보건소식지-가을호[호흡기감염병및수인성감염병예방수칙안내]006_1.jpg
42,보건실,111,대련행25-20호보건소식지-가을호[호흡기감염병및수인성감염병예방수칙안내]005_1.jpg,jpg,,,listed,http://dkischool.org/upload/board/대련행25-20호보건소식지-가을호[호흡기감염병및수인성감염병예방수칙안내]005_1.jpg
42,보건실,111,대련행25-20호보건소식지-가을호[호흡기감염병및수인성감염병예방수칙안내]003_1.jpg,jpg,,,listed,http://dkischool.org/upload/board/대련행25-20호보건소식지-가을호[호흡기감염병및수인성감염병예방수칙안내]003_1.jpg
42,보건실,112,대련행25-21호인플루엔자(독감)및호흡기감염병예방안내.pdf,pdf,,,listed,http://dkischool.org/upload/board/대련행25-21호인플루엔자(독감)및호흡기감염병예방안내.pdf
42,보건실,112,대련행25-21호인플루엔자(독감)및호흡기감염병예방안내001_1.jpg,jpg,,,listed,http://dkischool.org/upload/board/대련행25-21호인플루엔자(독감)및호흡기감염병예방안내001_1.jpg
42,보건실,112,대련행25-21호인플루엔자(독감)및호흡기감염병예방안내002_1.jpg,jpg,,,listed,http://dkischool.org/upload/board/대련행25-21호인플루엔자(독감)및호흡기감염병예방안내002_1.jpg
42,보건실,112,대련행25-21호인플루엔자(독감)및호흡기감염병예방안내003_1.jpg,jpg,,,listed,http://dkischool.org/upload/board/대련행25-21호인플루엔자(독감)및호흡기감염병예방안내003_1.jpg
42,보건실,112,대련행25-21호인플루엔자(독감)및호흡기감염병예방안내004_1.jpg,jpg,,,listed,http://dkischool.org/upload/board/대련행25-21호인플루엔자(독감)및호흡기감염병예방안내004_1.jpg
42,보건실,113,대련행26-22026보건소식지(대련시주변병원및학교안전공제회안내)(1).pdf,pdf,,,listed,http://dkischool.org/upload/board/대련행26-22026보건소식지(대련시주변병원및학교안전공제회안내)(1).pdf
42,보건실,113,대련행26-22026보건소식지(대련시주변병원및학교안전공제회안내)001_2.jpg,jpg,,,listed,http://dkischool.org/upload/board/대련행26-22026보건소식지(대련시주변병원및학교안전공제회안내)001_2.jpg
42,보건실,113,대련행26-22026보건소식지(대련시주변병원및학교안전공제회안내)002_1.jpg,jpg,,,listed,http://dkischool.org/upload/board/대련행26-22026보건소식지(대련시주변병원및학교안전공제회안내)002_1.jpg
42,보건실,113,대련행26-22026보건소식지(대련시주변병원및학교안전공제회안내)003_2.jpg,jpg,,,listed,http://dkischool.org/upload/board/대련행26-22026보건소식지(대련시주변병원및학교안전공제회안내)003_2.jpg
42,보건실,114,대련행26-32026학년도보건소식봄호(보건실이용안내및건강정보안내).pdf,pdf,,,listed,http://dkischool.org/upload/board/대련행26-32026학년도보건소식봄호(보건실이용안내및건강정보안내).pdf
42,보건실,114,대련행26-32026학년도보건소식봄호(보건실이용안내및건강정보안내)001_1.jpg,jpg,,,listed,http://dkischool.org/upload/board/대련행26-32026학년도보건소식봄호(보건실이용안내및건강정보안내)001_1.jpg
42,보건실,114,대련행26-32026학년도보건소식봄호(보건실이용안내및건강정보안내)002_1.jpg,jpg,,,listed,http://dkischool.org/upload/board/대련행26-32026학년도보건소식봄호(보건실이용안내및건강정보안내)002_1.jpg
42,보건실,115,새학기감염병예방및관리안내.pdf,pdf,,,listed,http://dkischool.org/upload/board/새학기감염병예방및관리안내.pdf
42,보건실,115,대련행26-6새학기감염병예방및관리안내001_1.jpg,jpg,,,listed,http://dkischool.org/upload/board/대련행26-6새학기감염병예방및관리안내001_1.jpg
42,보건실,115,대련행26-6새학기감염병예방및관리안내002_1.jpg,jpg,,,listed,http://dkischool.org/upload/board/대련행26-6새학기감염병예방및관리안내002_1.jpg
42,보건실,116,2026학년도4월보건소식지.pdf,pdf,,,listed,http://dkischool.org/upload/board/2026학년도4월보건소식지.pdf
42,보건실,116,2026학년도4월보건소식지001_1.jpg,jpg,,,listed,http://dkischool.org/upload/board/2026학년도4월보건소식지001_1.jpg
42,보건실,116,2026학년도4월보건소식지002_1.jpg,jpg,,,listed,http://dkischool.org/upload/board/2026학년도4월보건소식지002_1.jpg
42,보건실,117,대련행26-15호HPV국가예방접종지원사업대상자확대안내.pdf,pdf,,,listed,http://dkischool.org/upload/board/대련행26-15호HPV국가예방접종지원사업대상자확대안내.pdf
42,보건실,117,대련행26-15호HPV국가예방접종지원사업대상자확대안내001_1.jpg,jpg,,,listed,http://dkischool.org/upload/board/대련행26-15호HPV국가예방접종지원사업대상자확대안내001_1.jpg
42,보건실,117,대련행26-15호HPV국가예방접종지원사업대상자확대안내002_1.jpg,jpg,,,listed,http://dkischool.org/upload/board/대련행26-15호HPV국가예방접종지원사업대상자확대안내002_1.jpg
42,보건실,118,"2026년보건소식지(수두,수족구예방안내).pdf",pdf,,,listed,"http://dkischool.org/upload/board/2026년보건소식지(수두,수족구예방안내).pdf"
42,보건실,118,"2026년보건소식지(수두,수족구예방안내)001_1.jpg",jpg,,,listed,"http://dkischool.org/upload/board/2026년보건소식지(수두,수족구예방안내)001_1.jpg"
42,보건실,119,"대련행26-19호2026년6월보건소식지(1)구강건강교육,여름철식중독예방수칙.흡연예방교육.pdf",pdf,,,listed,"http://dkischool.org/upload/board/대련행26-19호2026년6월보건소식지(1)구강건강교육,여름철식중독예방수칙.흡연예방교육.pdf"
42,보건실,119,"대련행26-19호20266월보건소식지(1)구강건강교육,여름철식중독예방수칙.흡연예방교육001_1.jpg",jpg,,,listed,"http://dkischool.org/upload/board/대련행26-19호20266월보건소식지(1)구강건강교육,여름철식중독예방수칙.흡연예방교육001_1.jpg"
42,보건실,120,"대련행26-20호2026년6월보건소식지(2)디지털피로증후군,약물오남용예방교육(카페인).pdf",pdf,,,listed,"http://dkischool.org/upload/board/대련행26-20호2026년6월보건소식지(2)디지털피로증후군,약물오남용예방교육(카페인).pdf"
42,보건실,120,"대련행26-20호6월보건소식지(2)디지털피로증후군,약물오남용예방교육(카페인)001_1.jpg",jpg,,,listed,"http://dkischool.org/upload/board/대련행26-20호6월보건소식지(2)디지털피로증후군,약물오남용예방교육(카페인)001_1.jpg"
42,보건실,120,"대련행26-20호6월보건소식지(2)디지털피로증후군,약물오남용예방교육(카페인)002_1.jpg",jpg,,,listed,"http://dkischool.org/upload/board/대련행26-20호6월보건소식지(2)디지털피로증후군,약물오남용예방교육(카페인)002_1.jpg"
42,보건실,121,2026학년도보건소식지-여름호(안전하고건강한여름방학보내기).pdf,pdf,,,listed,http://dkischool.org/upload/board/2026학년도보건소식지-여름호(안전하고건강한여름방학보내기).pdf
42,보건실,121,2026학년도보건소식지-여름호(안전하고건강한여름방학보내기)001_1.jpg,jpg,,,listed,http://dkischool.org/upload/board/2026학년도보건소식지-여름호(안전하고건강한여름방학보내기)001_1.jpg
42,보건실,121,2026학년도보건소식지-여름호(안전하고건강한여름방학보내기)002_1.jpg,jpg,,,listed,http://dkischool.org/upload/board/2026학년도보건소식지-여름호(안전하고건강한여름방학보내기)002_1.jpg
42,보건실,122,2026학년도9월호보건소식지.pdf,pdf,,,listed,http://dkischool.org/upload/board/2026학년도9월호보건소식지.pdf
42,보건실,122,대련행26-30호9월호보건소식지001_1.jpg,jpg,,,listed,http://dkischool.org/upload/board/대련행26-30호9월호보건소식지001_1.jpg
42,보건실,122,대련행26-30호9월호건소식지002_1.jpg,jpg,,,listed,http://dkischool.org/upload/board/대련행26-30호9월호건소식지002_1.jpg
42,보건실,123,2026학년도10월보건소식지.pdf,pdf,,,listed,http://dkischool.org/upload/board/2026학년도10월보건소식지.pdf
42,보건실,123,2026학년도10월보건소식지001_1.jpg,jpg,,,listed,http://dkischool.org/upload/board/2026학년도10월보건소식지001_1.jpg
42,보건실,123,2026학년도10월보건소식지002_1.jpg,jpg,,,listed,http://dkischool.org/upload/board/2026학년도10월보건소식지002_1.jpg
44,게시판,13,크기변환_IMG_2358.JPG,jpg,,,listed,http://dkischool.org/upload/board/크기변환_IMG_2358.JPG
44,게시판,13,크기변환_IMG_2368.JPG,jpg,,,listed,http://dkischool.org/upload/board/크기변환_IMG_2368.JPG
44,게시판,13,크기변환_IMG_2476.JPG,jpg,,,listed,http://dkischool.org/upload/board/크기변환_IMG_2476.JPG
44,게시판,13,크기변환_IMG_2469.JPG,jpg,,,listed,http://dkischool.org/upload/board/크기변환_IMG_2469.JPG
44,게시판,25,크기변환_20170411_125325_1.jpg,jpg,,,listed,http://dkischool.org/upload/board/크기변환_20170411_125325_1.jpg
44,게시판,26,크기변환_20170412_123307_HDR_1.jpg,jpg,,,listed,http://dkischool.org/upload/board/크기변환_20170412_123307_HDR_1.jpg
44,게시판,27,20170509_124922_1.jpg,jpg,,,listed,http://dkischool.org/upload/board/20170509_124922_1.jpg
44,게시판,27,20170509_123409_1.jpg,jpg,,,listed,http://dkischool.org/upload/board/20170509_123409_1.jpg
44,게시판,27,20170509_131644_0001사본_1.jpg,jpg,,,listed,http://dkischool.org/upload/board/20170509_131644_0001사본_1.jpg
44,게시판,28,20170511_123006_1.jpg,jpg,,,listed,http://dkischool.org/upload/board/20170511_123006_1.jpg
44,게시판,29,20170613_123911_HDR_1.jpg,jpg,,,listed,http://dkischool.org/upload/board/20170613_123911_HDR_1.jpg
44,게시판,29,20170613_125101_HDR_1.jpg,jpg,,,listed,http://dkischool.org/upload/board/20170613_125101_HDR_1.jpg
44,게시판,29,20170613_155134_0001-복사본_2.jpg,jpg,,,listed,http://dkischool.org/upload/board/20170613_155134_0001-복사본_2.jpg
44,게시판,30,20170614_123239_HDR_1.jpg,jpg,,,listed,http://dkischool.org/upload/board/20170614_123239_HDR_1.jpg
44,게시판,32,20170905_123605_1.jpg,jpg,,,listed,http://dkischool.org/upload/board/20170905_123605_1.jpg
44,게시판,33,20170907_122940_1.jpg,jpg,,,listed,http://dkischool.org/upload/board/20170907_122940_1.jpg
44,게시판,33,20170907_123001_1.jpg,jpg,,,listed,http://dkischool.org/upload/board/20170907_123001_1.jpg
44,게시판,34,20171012_124050_1.jpg,jpg,,,listed,http://dkischool.org/upload/board/20171012_124050_1.jpg
44,게시판,34,20171012_123355_1.jpg,jpg,,,listed,http://dkischool.org/upload/board/20171012_123355_1.jpg
44,게시판,34,20171012_132253_0001_1.jpg,jpg,,,listed,http://dkischool.org/upload/board/20171012_132253_0001_1.jpg
44,게시판,35,크기변환_20171013_123240_1.jpg,jpg,,,listed,http://dkischool.org/upload/board/크기변환_20171013_123240_1.jpg
44,게시판,35,크기변환_20171013_123220_1.jpg,jpg,,,listed,http://dkischool.org/upload/board/크기변환_20171013_123220_1.jpg
44,게시판,36,WeChatImage_20171121160255_1.jpg,jpg,,,listed,http://dkischool.org/upload/board/WeChatImage_20171121160255_1.jpg
44,게시판,36,WeChatImage_20171121160300_1.jpg,jpg,,,listed,http://dkischool.org/upload/board/WeChatImage_20171121160300_1.jpg
44,게시판,36,20171121_155352_0001_2.jpg,jpg,,,listed,http://dkischool.org/upload/board/20171121_155352_0001_2.jpg
44,게시판,37,WeChatImage_20171123125652_1.jpg,jpg,,,listed,http://dkischool.org/upload/board/WeChatImage_20171123125652_1.jpg
44,게시판,37,WeChatImage_20171123125647_1.jpg,jpg,,,listed,http://dkischool.org/upload/board/WeChatImage_20171123125647_1.jpg
44,게시판,40,2(1)_48.jpg,jpg,,,listed,http://dkischool.org/upload/board/2(1)_48.jpg
44,게시판,41,WeChatImage_20180412074227_1.jpg,jpg,,,listed,http://dkischool.org/upload/board/WeChatImage_20180412074227_1.jpg
44,게시판,48,WeChatImage_20180829134211_1.jpg,jpg,,,listed,http://dkischool.org/upload/board/WeChatImage_20180829134211_1.jpg
44,게시판,57,1(1)_74.jpg,jpg,,,listed,http://dkischool.org/upload/board/1(1)_74.jpg
44,게시판,58,2(1)_68.jpg,jpg,,,listed,http://dkischool.org/upload/board/2(1)_68.jpg
44,게시판,59,1(1)_78.jpg,jpg,,,listed,http://dkischool.org/upload/board/1(1)_78.jpg
44,게시판,59,2(1)_69.jpg,jpg,,,listed,http://dkischool.org/upload/board/2(1)_69.jpg
44,게시판,60,제4회간담회1_1.jpg,jpg,,,listed,http://dkischool.org/upload/board/제4회간담회1_1.jpg
44,게시판,61,1(1)_82.jpg,jpg,,,listed,http://dkischool.org/upload/board/1(1)_82.jpg
44,게시판,61,2(1)_72.jpg,jpg,,,listed,http://dkischool.org/upload/board/2(1)_72.jpg
44,게시판,61,3(1)_68.jpg,jpg,,,listed,http://dkischool.org/upload/board/3(1)_68.jpg
44,게시판,61,4(1)_69.jpg,jpg,,,listed,http://dkischool.org/upload/board/4(1)_69.jpg
44,게시판,61,5(1)_62.jpg,jpg,,,listed,http://dkischool.org/upload/board/5(1)_62.jpg
44,게시판,62,간담회_1.jpg,jpg,,,listed,http://dkischool.org/upload/board/간담회_1.jpg
44,게시판,63,1(1)_83.jpg,jpg,,,listed,http://dkischool.org/upload/board/1(1)_83.jpg
44,게시판,63,2(1)_73.jpg,jpg,,,listed,http://dkischool.org/upload/board/2(1)_73.jpg
44,게시판,63,3(1)_69.jpg,jpg,,,listed,http://dkischool.org/upload/board/3(1)_69.jpg
44,게시판,63,4(1)_70.jpg,jpg,,,listed,http://dkischool.org/upload/board/4(1)_70.jpg
44,게시판,64,20191111_123111_1.jpg,jpg,,,listed,http://dkischool.org/upload/board/20191111_123111_1.jpg
44,게시판,64,20191111_123123_1.jpg,jpg,,,listed,http://dkischool.org/upload/board/20191111_123123_1.jpg
44,게시판,65,2020학년도초등1학기학급정부회장선거결과_1.jpg,jpg,,,listed,http://dkischool.org/upload/board/2020학년도초등1학기학급정부회장선거결과_1.jpg
44,게시판,66,전교어린이회회장단후보자등록공고문_1.jpg,jpg,,,listed,http://dkischool.org/upload/board/전교어린이회회장단후보자등록공고문_1.jpg
44,게시판,67,전교어린이회후보자등록및선거관리위원회구성_1.jpg,jpg,,,listed,http://dkischool.org/upload/board/전교어린이회후보자등록및선거관리위원회구성_1.jpg
45,학생회,1,2012_학급_임원_선거_결과001.jpg,jpg,,,listed,http://dkischool.org/upload/board/2012_학급_임원_선거_결과001.jpg
45,학생회,2,2012_학생회_학생회_선거_공고001.jpg,jpg,,,listed,http://dkischool.org/upload/board/2012_학생회_학생회_선거_공고001.jpg
45,학생회,3,"중등_학생회장_,부회장_선거_결과001.jpg",jpg,,,listed,"http://dkischool.org/upload/board/중등_학생회장_,부회장_선거_결과001.jpg"
45,학생회,4,04.27_학생회_회의_1IMG_5550.JPG,jpg,,,listed,http://dkischool.org/upload/board/04.27_학생회_회의_1IMG_5550.JPG
45,학생회,4,04.27_학생회_회의_2IMG_5551.JPG,jpg,,,listed,http://dkischool.org/upload/board/04.27_학생회_회의_2IMG_5551.JPG
45,학생회,4,04.27_학생회_회의3IMG_5553.JPG,jpg,,,listed,http://dkischool.org/upload/board/04.27_학생회_회의3IMG_5553.JPG
45,학생회,4,04.27_학생회_회의4IMG_5557.JPG,jpg,,,listed,http://dkischool.org/upload/board/04.27_학생회_회의4IMG_5557.JPG
45,학생회,4,04.27_학생회_회의5IMG_5558.JPG,jpg,,,listed,http://dkischool.org/upload/board/04.27_학생회_회의5IMG_5558.JPG
45,학생회,4,04.27_학생회_회의6IMG_5559.JPG,jpg,,,listed,http://dkischool.org/upload/board/04.27_학생회_회의6IMG_5559.JPG
45,학생회,5,gva0000103800011.gif,gif,,,listed,http://dkischool.org/upload/board/gva0000103800011.gif
45,학생회,6,gva000000c40001.gif,gif,,,listed,http://dkischool.org/upload/board/gva000000c40001.gif
45,학생회,7,gva000013cc0001.gif,gif,,,listed,http://dkischool.org/upload/board/gva000013cc0001.gif
45,학생회,8,gva0000170c0001.gif,gif,,,listed,http://dkischool.org/upload/board/gva0000170c0001.gif
45,학생회,9,gva000017200001.gif,gif,,,listed,http://dkischool.org/upload/board/gva000017200001.gif
45,학생회,10,위촉장_수여1IMG_6267.JPG,jpg,,,listed,http://dkischool.org/upload/board/위촉장_수여1IMG_6267.JPG
45,학생회,10,위촉장_수여2IMG_6268.JPG,jpg,,,listed,http://dkischool.org/upload/board/위촉장_수여2IMG_6268.JPG
45,학생회,10,위촉장_수여3IMG_6270.JPG,jpg,,,listed,http://dkischool.org/upload/board/위촉장_수여3IMG_6270.JPG
45,학생회,10,위촉장_수여4IMG_6271.JPG,jpg,,,listed,http://dkischool.org/upload/board/위촉장_수여4IMG_6271.JPG
45,학생회,10,위촉장_수여5IMG_6272.JPG,jpg,,,listed,http://dkischool.org/upload/board/위촉장_수여5IMG_6272.JPG
45,학생회,10,위촉장_수여6IMG_6274.JPG,jpg,,,listed,http://dkischool.org/upload/board/위촉장_수여6IMG_6274.JPG
45,학생회,10,위촉장_수여7IMG_6275.JPG,jpg,,,listed,http://dkischool.org/upload/board/위촉장_수여7IMG_6275.JPG
45,학생회,11,gva0000307c00011.gif,gif,,,listed,http://dkischool.org/upload/board/gva0000307c00011.gif
45,학생회,12,gva000012f40001.gif,gif,,,listed,http://dkischool.org/upload/board/gva000012f40001.gif
45,학생회,13,gva000008180001.gif,gif,,,listed,http://dkischool.org/upload/board/gva000008180001.gif
45,학생회,24,학교폭력에관한처리규정(대련).hwp,hwp,,,listed,http://dkischool.org/upload/board/학교폭력에관한처리규정(대련).hwp
45,학생회,29,2020학년도중등학급및학생회회장단선거계획.pdf,pdf,,,listed,http://dkischool.org/upload/board/2020학년도중등학급및학생회회장단선거계획.pdf
45,학생회,29,2020학년도중등학급회장단선거변경계획.pdf,pdf,,,listed,http://dkischool.org/upload/board/2020학년도중등학급회장단선거변경계획.pdf
46,컵스카우트,1,4-5학년(정모).jpg,jpg,,,listed,http://dkischool.org/upload/board/4-5학년(정모).jpg
46,컵스카우트,1,4-5학년.jpg,jpg,,,listed,http://dkischool.org/upload/board/4-5학년.jpg
46,컵스카우트,1,4-6학년(정모).jpg,jpg,,,listed,http://dkischool.org/upload/board/4-6학년(정모).jpg
46,컵스카우트,1,4-6학년.jpg,jpg,,,listed,http://dkischool.org/upload/board/4-6학년.jpg
46,컵스카우트,1,4학년신규(정모).jpg,jpg,,,listed,http://dkischool.org/upload/board/4학년신규(정모).jpg
46,컵스카우트,1,4학년신규.jpg,jpg,,,listed,http://dkischool.org/upload/board/4학년신규.jpg
46,컵스카우트,1,5-6학년(정모).jpg,jpg,,,listed,http://dkischool.org/upload/board/5-6학년(정모).jpg
46,컵스카우트,1,5-6학년.jpg,jpg,,,listed,http://dkischool.org/upload/board/5-6학년.jpg
46,컵스카우트,1,5학년_신규.jpg,jpg,,,listed,http://dkischool.org/upload/board/5학년_신규.jpg
46,컵스카우트,1,5학년신규(정모).jpg,jpg,,,listed,http://dkischool.org/upload/board/5학년신규(정모).jpg
46,컵스카우트,1,6학년_신규.jpg,jpg,,,listed,http://dkischool.org/upload/board/6학년_신규.jpg
46,컵스카우트,1,6학년신규(정모).jpg,jpg,,,listed,http://dkischool.org/upload/board/6학년신규(정모).jpg
46,컵스카우트,1,민철이_예(정모).jpg,jpg,,,listed,http://dkischool.org/upload/board/민철이_예(정모).jpg
46,컵스카우트,1,민철이_예.jpg,jpg,,,listed,http://dkischool.org/upload/board/민철이_예.jpg
46,컵스카우트,1,후드티_태극기.jpg,jpg,,,listed,http://dkischool.org/upload/board/후드티_태극기.jpg
46,컵스카우트,1,후드티_태극기1.jpg,jpg,,,listed,http://dkischool.org/upload/board/후드티_태극기1.jpg
46,컵스카우트,3,gva000005840001.gif,gif,,,listed,http://dkischool.org/upload/board/gva000005840001.gif
46,컵스카우트,4,3회대집회1.JPG,jpg,,,listed,http://dkischool.org/upload/board/3회대집회1.JPG
46,컵스카우트,4,3회대집회2.JPG,jpg,,,listed,http://dkischool.org/upload/board/3회대집회2.JPG
46,컵스카우트,4,3회대집회3.JPG,jpg,,,listed,http://dkischool.org/upload/board/3회대집회3.JPG
46,컵스카우트,4,3회대집회4.JPG,jpg,,,listed,http://dkischool.org/upload/board/3회대집회4.JPG
46,컵스카우트,4,3회대집회5.JPG,jpg,,,listed,http://dkischool.org/upload/board/3회대집회5.JPG
46,컵스카우트,4,3회대집회7.JPG,jpg,,,listed,http://dkischool.org/upload/board/3회대집회7.JPG
46,컵스카우트,4,3회대집회6.JPG,jpg,,,listed,http://dkischool.org/upload/board/3회대집회6.JPG
46,컵스카우트,4,3회대집회8.JPG,jpg,,,listed,http://dkischool.org/upload/board/3회대집회8.JPG
46,컵스카우트,4,3회대집회9.JPG,jpg,,,listed,http://dkischool.org/upload/board/3회대집회9.JPG
46,컵스카우트,4,3회대집회10.JPG,jpg,,,listed,http://dkischool.org/upload/board/3회대집회10.JPG
46,컵스카우트,4,3회대집회11.JPG,jpg,,,listed,http://dkischool.org/upload/board/3회대집회11.JPG
46,컵스카우트,4,3회대집회12.JPG,jpg,,,listed,http://dkischool.org/upload/board/3회대집회12.JPG
46,컵스카우트,4,3회대집회13.JPG,jpg,,,listed,http://dkischool.org/upload/board/3회대집회13.JPG
46,컵스카우트,4,3회대집회14.JPG,jpg,,,listed,http://dkischool.org/upload/board/3회대집회14.JPG
46,컵스카우트,4,3회대집회15.JPG,jpg,,,listed,http://dkischool.org/upload/board/3회대집회15.JPG
46,컵스카우트,5,선서식20.JPG,jpg,,,listed,http://dkischool.org/upload/board/선서식20.JPG
46,컵스카우트,7,4회대집회14.JPG,jpg,,,listed,http://dkischool.org/upload/board/4회대집회14.JPG
46,컵스카우트,11,04_연맹가(1절).mp3,mp3,,,listed,http://dkischool.org/upload/board/04_연맹가(1절).mp3
46,컵스카우트,20,14_신입선발결과001.gif,gif,,,listed,http://dkischool.org/upload/board/14_신입선발결과001.gif
46,컵스카우트,21,기본_개요1.hwp,hwp,,,listed,http://dkischool.org/upload/board/기본_개요1.hwp
46,컵스카우트,22,초등14-16스카우트_연간활동비안내001.gif,gif,,,listed,http://dkischool.org/upload/board/초등14-16스카우트_연간활동비안내001.gif
46,컵스카우트,23,초등14-24_컵_스카우트_선서식_및_제1차_대집회_참가안내.hwp,hwp,,,listed,http://dkischool.org/upload/board/초등14-24_컵_스카우트_선서식_및_제1차_대집회_참가안내.hwp
46,컵스카우트,24,초등14-46_컵스카우트_제3차_대집회_참가_안내001.gif,gif,,,listed,http://dkischool.org/upload/board/초등14-46_컵스카우트_제3차_대집회_참가_안내001.gif
46,컵스카우트,25,초등14-48_컵스카우트4차집회_안내001.gif,gif,,,listed,http://dkischool.org/upload/board/초등14-48_컵스카우트4차집회_안내001.gif
46,컵스카우트,26,초등14-51_컵스카우트_5차_대집회_안내001.gif,gif,,,listed,http://dkischool.org/upload/board/초등14-51_컵스카우트_5차_대집회_안내001.gif
46,컵스카우트,27,초등14-59컵스카우트_제6차_대집회_실시안내001.gif,gif,,,listed,http://dkischool.org/upload/board/초등14-59컵스카우트_제6차_대집회_실시안내001.gif
46,컵스카우트,28,초등14-000_컵스카우트_제7차_대집회(스키교실)_안내001.gif,gif,,,listed,http://dkischool.org/upload/board/초등14-000_컵스카우트_제7차_대집회(스키교실)_안내001.gif
46,컵스카우트,29,초등14-61_컵스카우트_제7차_대집회(스키교실)_참가비_안내문001.gif,gif,,,listed,http://dkischool.org/upload/board/초등14-61_컵스카우트_제7차_대집회(스키교실)_참가비_안내문001.gif
46,컵스카우트,30,초등15-04호_컵스카우트_대원모집001.gif,gif,,,listed,http://dkischool.org/upload/board/초등15-04호_컵스카우트_대원모집001.gif
46,컵스카우트,30,초등15-04호_컵스카우트_대원모집002.gif,gif,,,listed,http://dkischool.org/upload/board/초등15-04호_컵스카우트_대원모집002.gif
46,컵스카우트,30,초등15-04호_컵스카우트_대원모집003.gif,gif,,,listed,http://dkischool.org/upload/board/초등15-04호_컵스카우트_대원모집003.gif
46,컵스카우트,31,2014학년도_컵스카우트_연간활동비_정산_보고.gif,gif,,,listed,http://dkischool.org/upload/board/2014학년도_컵스카우트_연간활동비_정산_보고.gif
46,컵스카우트,32,초등15-12호_스카우트_연간활동비_납입안내001.gif,gif,,,listed,http://dkischool.org/upload/board/초등15-12호_스카우트_연간활동비_납입안내001.gif
46,컵스카우트,32,초등15-12호_스카우트_연간활동비_납입안내002.gif,gif,,,listed,http://dkischool.org/upload/board/초등15-12호_스카우트_연간활동비_납입안내002.gif
46,컵스카우트,33,초등15-13호_컵스카우트_캠퍼리_참가_실시_안내문001.gif,gif,,,listed,http://dkischool.org/upload/board/초등15-13호_컵스카우트_캠퍼리_참가_실시_안내문001.gif
46,컵스카우트,33,초등15-13호_컵스카우트_캠퍼리_참가_실시_안내문002.gif,gif,,,listed,http://dkischool.org/upload/board/초등15-13호_컵스카우트_캠퍼리_참가_실시_안내문002.gif
46,컵스카우트,33,초등15-13호_컵스카우트_캠퍼리_참가_실시_안내문003.gif,gif,,,listed,http://dkischool.org/upload/board/초등15-13호_컵스카우트_캠퍼리_참가_실시_안내문003.gif
46,컵스카우트,33,초등15-13호_컵스카우트_캠퍼리_참가_실시_안내문004.gif,gif,,,listed,http://dkischool.org/upload/board/초등15-13호_컵스카우트_캠퍼리_참가_실시_안내문004.gif
46,컵스카우트,34,2015_컵스카우트_선서식_제1차_대집회_안내0011.gif,gif,,,listed,http://dkischool.org/upload/board/2015_컵스카우트_선서식_제1차_대집회_안내0011.gif
46,컵스카우트,35,초등15-20호_스카우트_제3차_대집회(문화유산답사)안내001.gif,gif,,,listed,http://dkischool.org/upload/board/초등15-20호_스카우트_제3차_대집회(문화유산답사)안내001.gif
46,컵스카우트,36,초등15-22호스카우트제4차대집회(농장체험)안내.jpg,jpg,,,listed,http://dkischool.org/upload/board/초등15-22호스카우트제4차대집회(농장체험)안내.jpg
46,컵스카우트,37,대련스카우트활동비사용현황공개.jpg,jpg,,,listed,http://dkischool.org/upload/board/대련스카우트활동비사용현황공개.jpg
46,컵스카우트,38,초등15-00호스카우트제4차대집회(농장체험)취소안내.jpg,jpg,,,listed,http://dkischool.org/upload/board/초등15-00호스카우트제4차대집회(농장체험)취소안내.jpg
46,컵스카우트,39,초등15-29호스카우트제4차대집회(스케이트교실)안내.jpg,jpg,,,listed,http://dkischool.org/upload/board/초등15-29호스카우트제4차대집회(스케이트교실)안내.jpg
46,컵스카우트,40,초등15-33호컵스카우트_추가대원안내001.jpg,jpg,,,listed,http://dkischool.org/upload/board/초등15-33호컵스카우트_추가대원안내001.jpg
46,컵스카우트,41,초등15-37호스카우트제5차대집회(농촌체험)안내001.jpg,jpg,,,listed,http://dkischool.org/upload/board/초등15-37호스카우트제5차대집회(농촌체험)안내001.jpg
46,컵스카우트,42,초등15-44호스카우트2016학년도등록안내001.jpg,jpg,,,listed,http://dkischool.org/upload/board/초등15-44호스카우트2016학년도등록안내001.jpg
46,컵스카우트,42,초등15-44호스카우트2016학년도등록안내002.jpg,jpg,,,listed,http://dkischool.org/upload/board/초등15-44호스카우트2016학년도등록안내002.jpg
46,컵스카우트,43,초등15-00호스카우트스키교실안내001.jpg,jpg,,,listed,http://dkischool.org/upload/board/초등15-00호스카우트스키교실안내001.jpg
46,컵스카우트,44,스카우트스키교실참가비안내001.jpg,jpg,,,listed,http://dkischool.org/upload/board/스카우트스키교실참가비안내001.jpg
46,컵스카우트,45,2015_스카우트결산_1.jpg,jpg,,,listed,http://dkischool.org/upload/board/2015_스카우트결산_1.jpg
46,컵스카우트,46,초등16-07호컵스카우트학부모총회_안내문001.jpg,jpg,,,listed,http://dkischool.org/upload/board/초등16-07호컵스카우트학부모총회_안내문001.jpg
46,컵스카우트,47,초등16-010컵스카우트연간활동비안내001.jpg,jpg,,,listed,http://dkischool.org/upload/board/초등16-010컵스카우트연간활동비안내001.jpg
46,컵스카우트,47,초등16-010컵스카우트연간활동비안내002.jpg,jpg,,,listed,http://dkischool.org/upload/board/초등16-010컵스카우트연간활동비안내002.jpg
46,컵스카우트,48,2016스카우트집회계획_0405B001.jpg,jpg,,,listed,http://dkischool.org/upload/board/2016스카우트집회계획_0405B001.jpg
46,컵스카우트,49,2016학년도컵스카우트선서식및제1차대집회안내.jpg,jpg,,,listed,http://dkischool.org/upload/board/2016학년도컵스카우트선서식및제1차대집회안내.jpg
46,컵스카우트,50,초등16-22호스카우트농장체험안내001.jpg,jpg,,,listed,http://dkischool.org/upload/board/초등16-22호스카우트농장체험안내001.jpg
46,컵스카우트,51,초등16-23호스카우트스케이트교실안내001.jpg,jpg,,,listed,http://dkischool.org/upload/board/초등16-23호스카우트스케이트교실안내001.jpg
46,컵스카우트,52,스카우트-2016상반기-정산_1.jpg,jpg,,,listed,http://dkischool.org/upload/board/스카우트-2016상반기-정산_1.jpg
46,컵스카우트,53,초등16-27호대련스카우트_추가대원활동비안내001.jpg,jpg,,,listed,http://dkischool.org/upload/board/초등16-27호대련스카우트_추가대원활동비안내001.jpg
46,컵스카우트,53,초등16-27호대련스카우트_추가대원활동비안내002.jpg,jpg,,,listed,http://dkischool.org/upload/board/초등16-27호대련스카우트_추가대원활동비안내002.jpg
46,컵스카우트,54,초등16-29호스카우트수상훈련안내001.jpg,jpg,,,listed,http://dkischool.org/upload/board/초등16-29호스카우트수상훈련안내001.jpg
46,컵스카우트,55,2학기스카우트전출대원_환불0823001.jpg,jpg,,,listed,http://dkischool.org/upload/board/2학기스카우트전출대원_환불0823001.jpg
46,컵스카우트,56,초등16-32호스카우트청도캠퍼리참가안내001.jpg,jpg,,,listed,http://dkischool.org/upload/board/초등16-32호스카우트청도캠퍼리참가안내001.jpg
46,컵스카우트,57,초등16-33호스카우트아영훈련안내001.jpg,jpg,,,listed,http://dkischool.org/upload/board/초등16-33호스카우트아영훈련안내001.jpg
46,컵스카우트,58,초등16-35호스카우트대련현대박물관견학안내001.jpg,jpg,,,listed,http://dkischool.org/upload/board/초등16-35호스카우트대련현대박물관견학안내001.jpg
46,컵스카우트,59,2016스카우트연간활동비정산(공지)001_1.jpg,jpg,,,listed,http://dkischool.org/upload/board/2016스카우트연간활동비정산(공지)001_1.jpg
46,컵스카우트,59,2016스카우트연간활동비정산(공지)002_1.jpg,jpg,,,listed,http://dkischool.org/upload/board/2016스카우트연간활동비정산(공지)002_1.jpg
46,컵스카우트,60,2017학년도안중근스카우트학부모총회안내.jpg,jpg,,,listed,http://dkischool.org/upload/board/2017학년도안중근스카우트학부모총회안내.jpg
46,컵스카우트,61,2017학년도안중근스카우트연간활동비수납안내_1.jpg,jpg,,,listed,http://dkischool.org/upload/board/2017학년도안중근스카우트연간활동비수납안내_1.jpg
46,컵스카우트,61,2017학년도안중근스카우트연간활동비수납안내1_1.jpg,jpg,,,listed,http://dkischool.org/upload/board/2017학년도안중근스카우트연간활동비수납안내1_1.jpg
46,컵스카우트,62,2017학년도안중근컵스카우트선서식및뒤뜰야영실시안내001_1.jpg,jpg,,,listed,http://dkischool.org/upload/board/2017학년도안중근컵스카우트선서식및뒤뜰야영실시안내001_1.jpg
46,컵스카우트,62,2017학년도안중근컵스카우트선서식및뒤뜰야영실시안내002_1.jpg,jpg,,,listed,http://dkischool.org/upload/board/2017학년도안중근컵스카우트선서식및뒤뜰야영실시안내002_1.jpg
46,컵스카우트,63,대련안중근컵스카우트역사체험안내가정통신_1.jpg,jpg,,,listed,http://dkischool.org/upload/board/대련안중근컵스카우트역사체험안내가정통신_1.jpg
46,컵스카우트,63,대련안중근컵스카우트역사체험안내가정통신1_1.jpg,jpg,,,listed,http://dkischool.org/upload/board/대련안중근컵스카우트역사체험안내가정통신1_1.jpg
46,컵스카우트,64,안중근컵스카우트찐스탄지질탐험및박물관견학안내_2.jpg,jpg,,,listed,http://dkischool.org/upload/board/안중근컵스카우트찐스탄지질탐험및박물관견학안내_2.jpg
46,컵스카우트,65,대련안중근컵스카우트계절활동(스케이트교실)안내_1.jpg,jpg,,,listed,http://dkischool.org/upload/board/대련안중근컵스카우트계절활동(스케이트교실)안내_1.jpg
46,컵스카우트,65,대련안중근컵스카우트계절활동(스케이트교실)안내1_1.jpg,jpg,,,listed,http://dkischool.org/upload/board/대련안중근컵스카우트계절활동(스케이트교실)안내1_1.jpg
46,컵스카우트,69,대련초등17-2222017학년도대련안중근컵스카우트연간활동비결산및잔액환불계획002_1.jpg,jpg,,,listed,http://dkischool.org/upload/board/대련초등17-2222017학년도대련안중근컵스카우트연간활동비결산및잔액환불계획002_1.jpg
46,컵스카우트,69,대련초등17-2222017학년도대련안중근컵스카우트연간활동비결산및잔액환불계획005_1.jpg,jpg,,,listed,http://dkischool.org/upload/board/대련초등17-2222017학년도대련안중근컵스카우트연간활동비결산및잔액환불계획005_1.jpg
46,컵스카우트,70,대련초등18-02호2018학년도안중근컵스카우트대원모집(가정통신문)001_1.jpg,jpg,,,listed,http://dkischool.org/upload/board/대련초등18-02호2018학년도안중근컵스카우트대원모집(가정통신문)001_1.jpg
46,컵스카우트,70,대련초등18-02호2018학년도안중근컵스카우트대원모집(가정통신문)002_1.jpg,jpg,,,listed,http://dkischool.org/upload/board/대련초등18-02호2018학년도안중근컵스카우트대원모집(가정통신문)002_1.jpg
46,컵스카우트,71,2019학년도안중근스카우트연간계획(안).hwp,hwp,,,listed,http://dkischool.org/upload/board/2019학년도안중근스카우트연간계획(안).hwp
46,컵스카우트,72,2019학년도안중근컵스카우트학부모총회계획(안).hwp,hwp,,,listed,http://dkischool.org/upload/board/2019학년도안중근컵스카우트학부모총회계획(안).hwp
46,컵스카우트,73,2019학년도안중근컵스카우트선서식및제1차대집회(뒤뜰야영)실시계획(안).hwp,hwp,,,listed,http://dkischool.org/upload/board/2019학년도안중근컵스카우트선서식및제1차대집회(뒤뜰야영)실시계획(안).hwp
46,컵스카우트,74,안중근컵스카우트역사체험계획(안).hwp,hwp,,,listed,http://dkischool.org/upload/board/안중근컵스카우트역사체험계획(안).hwp
46,컵스카우트,75,2019학년도안중근컵스카우트스케이트체험활동실시계획.hwp,hwp,,,listed,http://dkischool.org/upload/board/2019학년도안중근컵스카우트스케이트체험활동실시계획.hwp
47,공지사항,1,행정직원_채용(대련학국국제학교.2012.1.6).hwp,hwp,,,listed,http://dkischool.org/upload/board/행정직원_채용(대련학국국제학교.2012.1.6).hwp
47,공지사항,2,gva000007300001.jpg,jpg,,,listed,http://dkischool.org/upload/board/gva000007300001.jpg
47,공지사항,2,시범학교시간강사채용공고_2012.hwp,hwp,,,listed,http://dkischool.org/upload/board/시범학교시간강사채용공고_2012.hwp
47,공지사항,3,시간강사지원신청서.hwp,hwp,,,listed,http://dkischool.org/upload/board/시간강사지원신청서.hwp
47,공지사항,4,2012학년도_초등_반편성.hwp,hwp,,,listed,http://dkischool.org/upload/board/2012학년도_초등_반편성.hwp
47,공지사항,5,2012학년도_1학기_명렬표(최종)1.xls,xls,,,listed,http://dkischool.org/upload/board/2012학년도_1학기_명렬표(최종)1.xls
47,공지사항,6,한국문화교육센터수강생모집공고문.gif,gif,,,listed,http://dkischool.org/upload/board/한국문화교육센터수강생모집공고문.gif
47,공지사항,6,한국문화교육센터추천서양식.hwp,hwp,,,listed,http://dkischool.org/upload/board/한국문화교육센터추천서양식.hwp
47,공지사항,7,2012-1학기_중간고사_시간표001.gif,gif,,,listed,http://dkischool.org/upload/board/2012-1학기_중간고사_시간표001.gif
47,공지사항,8,201204060011.jpg,jpg,,,listed,http://dkischool.org/upload/board/201204060011.jpg
47,공지사항,8,201204060021.jpg,jpg,,,listed,http://dkischool.org/upload/board/201204060021.jpg
47,공지사항,8,개발구_스쿨버스_차량_노선도(공지120406)1.hwp,hwp,,,listed,http://dkischool.org/upload/board/개발구_스쿨버스_차량_노선도(공지120406)1.hwp
47,공지사항,9,1111001.jpg,jpg,,,listed,http://dkischool.org/upload/board/1111001.jpg
47,공지사항,9,1111002.jpg,jpg,,,listed,http://dkischool.org/upload/board/1111002.jpg
47,공지사항,9,2012년도1학기중간고사노선도.hwp,hwp,,,listed,http://dkischool.org/upload/board/2012년도1학기중간고사노선도.hwp
47,공지사항,10,운영001.jpg,jpg,,,listed,http://dkischool.org/upload/board/운영001.jpg
47,공지사항,10,2-1._학교운영위원회_집회_공고.hwp,hwp,,,listed,http://dkischool.org/upload/board/2-1._학교운영위원회_집회_공고.hwp
47,공지사항,11,꾸미기_IMG_1598.JPG,jpg,,,listed,http://dkischool.org/upload/board/꾸미기_IMG_1598.JPG
47,공지사항,11,꾸미기_IMG_1594.JPG,jpg,,,listed,http://dkischool.org/upload/board/꾸미기_IMG_1594.JPG
47,공지사항,11,꾸미기_IMG_1592.JPG,jpg,,,listed,http://dkischool.org/upload/board/꾸미기_IMG_1592.JPG
47,공지사항,12,제3기_운영위원_명단.hwp,hwp,,,listed,http://dkischool.org/upload/board/제3기_운영위원_명단.hwp
47,공지사항,13,대련한국국제학교_운영위원회_규정(2012.4.27).hwp,hwp,,,listed,http://dkischool.org/upload/board/대련한국국제학교_운영위원회_규정(2012.4.27).hwp
47,공지사항,14,운영위_심의결과_-_3기1회.hwp,hwp,,,listed,http://dkischool.org/upload/board/운영위_심의결과_-_3기1회.hwp
47,공지사항,16,시간강사채용공고3.hwp,hwp,,,listed,http://dkischool.org/upload/board/시간강사채용공고3.hwp
47,공지사항,16,댕젯벴벌벌셥欺叫珂쇌쉿可徠틘무멩1.docx,docx,,,listed,http://dkischool.org/upload/board/댕젯벴벌벌셥欺叫珂쇌쉿可徠틘무멩1.docx
47,공지사항,17,대련한국국제학교_인조잔디조성_설계용역(소액수의).hwp,hwp,,,listed,http://dkischool.org/upload/board/대련한국국제학교_인조잔디조성_설계용역(소액수의).hwp
47,공지사항,17,설계용역과업지시서(대련한국국제학교).hwp,hwp,,,listed,http://dkischool.org/upload/board/설계용역과업지시서(대련한국국제학교).hwp
47,공지사항,18,학생_비자발급.hwp,hwp,,,listed,http://dkischool.org/upload/board/학생_비자발급.hwp
47,공지사항,20,제43회_한문족통일문예제전_개최_계획[1].hwp,hwp,,,listed,http://dkischool.org/upload/board/제43회_한문족통일문예제전_개최_계획[1].hwp
47,공지사항,21,대련한국국제학교_인조잔디조성_설계용역_재공고.hwp,hwp,,,listed,http://dkischool.org/upload/board/대련한국국제학교_인조잔디조성_설계용역_재공고.hwp
47,공지사항,21,설계용역과업지시서(대련한국국제학교)1.hwp,hwp,,,listed,http://dkischool.org/upload/board/설계용역과업지시서(대련한국국제학교)1.hwp
47,공지사항,22,현장체험활동계획신청서-보고서3.hwp,hwp,,,listed,http://dkischool.org/upload/board/현장체험활동계획신청서-보고서3.hwp
47,공지사항,24,2012년_1학기_12학년_기말고사_시간표.hwp,hwp,,,listed,http://dkischool.org/upload/board/2012년_1학기_12학년_기말고사_시간표.hwp
47,공지사항,25,크기변환_사본_-2012자녀교육_최종[1]1.jpg,jpg,,,listed,http://dkischool.org/upload/board/크기변환_사본_-2012자녀교육_최종[1]1.jpg
47,공지사항,26,가정통신12-18_10학년_테마학습비_정산.hwp,hwp,,,listed,http://dkischool.org/upload/board/가정통신12-18_10학년_테마학습비_정산.hwp
47,공지사항,26,10학년-테마학습-정산.jpg,jpg,,,listed,http://dkischool.org/upload/board/10학년-테마학습-정산.jpg
47,공지사항,27,한인회_기사(121.hwp,hwp,,,listed,http://dkischool.org/upload/board/한인회_기사(121.hwp
47,공지사항,27,한인회_자료1.xlsx,xlsx,,,listed,http://dkischool.org/upload/board/한인회_자료1.xlsx
47,공지사항,28,05.jpg,jpg,,,listed,http://dkischool.org/upload/board/05.jpg
47,공지사항,28,04.jpg,jpg,,,listed,http://dkischool.org/upload/board/04.jpg
47,공지사항,28,gva00000cf80001.gif,gif,,,listed,http://dkischool.org/upload/board/gva00000cf80001.gif
47,공지사항,29,2012년_1학기_기말고사_시간표-학생용(7-11학년).hwp,hwp,,,listed,http://dkischool.org/upload/board/2012년_1학기_기말고사_시간표-학생용(7-11학년).hwp
47,공지사항,31,대련한국국제학교_졸업앨범제작구매공고(소액수의)1.hwp,hwp,,,listed,http://dkischool.org/upload/board/대련한국국제학교_졸업앨범제작구매공고(소액수의)1.hwp
47,공지사항,31,2012학년도_졸업앨범제작사양서1.hwp,hwp,,,listed,http://dkischool.org/upload/board/2012학년도_졸업앨범제작사양서1.hwp
47,공지사항,32,00재외선거인_국적확인에_필요한_서류_공고.jpg,jpg,,,listed,http://dkischool.org/upload/board/00재외선거인_국적확인에_필요한_서류_공고.jpg
47,공지사항,33,대련한국학교_전임교사_채용공고(2012-2).hwp,hwp,,,listed,http://dkischool.org/upload/board/대련한국학교_전임교사_채용공고(2012-2).hwp
47,공지사항,34,대련한국국제학교_졸업앨범제작구매공고(소액수의)2.hwp,hwp,,,listed,http://dkischool.org/upload/board/대련한국국제학교_졸업앨범제작구매공고(소액수의)2.hwp
47,공지사항,34,2012학년도_졸업앨범제작사양서2.hwp,hwp,,,listed,http://dkischool.org/upload/board/2012학년도_졸업앨범제작사양서2.hwp
47,공지사항,35,교내매점입찰공고안(2012.6.22).hwp,hwp,,,listed,http://dkischool.org/upload/board/교내매점입찰공고안(2012.6.22).hwp
47,공지사항,35,매점입찰 참가신청서2.hwp,hwp,,,listed,http://dkischool.org/upload/board/매점입찰 참가신청서2.hwp
47,공지사항,36,2012년도1학기기말고사노선도.hwp,hwp,,,listed,http://dkischool.org/upload/board/2012년도1학기기말고사노선도.hwp
47,공지사항,36,001.jpg,jpg,,,listed,http://dkischool.org/upload/board/001.jpg
47,공지사항,36,002.jpg,jpg,,,listed,http://dkischool.org/upload/board/002.jpg
47,공지사항,37,2학기노선도001.jpg,jpg,,,listed,http://dkischool.org/upload/board/2학기노선도001.jpg
47,공지사항,37,행정-4호(통학버스노선).hwp,hwp,,,listed,http://dkischool.org/upload/board/행정-4호(통학버스노선).hwp
47,공지사항,38,여름보충노선도001.jpg,jpg,,,listed,http://dkischool.org/upload/board/여름보충노선도001.jpg
47,공지사항,38,□_2012년도_여름방학_차량운행_노선_□.hwp,hwp,,,listed,http://dkischool.org/upload/board/□_2012년도_여름방학_차량운행_노선_□.hwp
47,공지사항,39,건축기금자_명단1.xlsx,xlsx,,,listed,http://dkischool.org/upload/board/건축기금자_명단1.xlsx
47,공지사항,42,심화보충수업_미실시_기간_스쿨버스_노선_및_시간표.hwp,hwp,,,listed,http://dkischool.org/upload/board/심화보충수업_미실시_기간_스쿨버스_노선_및_시간표.hwp
47,공지사항,43,1001.jpg,jpg,,,listed,http://dkischool.org/upload/board/1001.jpg
47,공지사항,43,심화보충수업_실시_기간_스쿨버스_노선_및_시간표(최종).hwp,hwp,,,listed,http://dkischool.org/upload/board/심화보충수업_실시_기간_스쿨버스_노선_및_시간표(최종).hwp
47,공지사항,45,2012년_2학기_중간고사_시간표(7~11학년).hwp,hwp,,,listed,http://dkischool.org/upload/board/2012년_2학기_중간고사_시간표(7~11학년).hwp
47,공지사항,46,완공식1.jpg,jpg,,,listed,http://dkischool.org/upload/board/완공식1.jpg
47,공지사항,46,완공식2.jpg,jpg,,,listed,http://dkischool.org/upload/board/완공식2.jpg
47,공지사항,47,재중국_한국학교_교사_채용공고문.hwp,hwp,,,listed,http://dkischool.org/upload/board/재중국_한국학교_교사_채용공고문.hwp
47,공지사항,48,대련한국학교_전임교사_채용공고(유치원).hwp,hwp,,,listed,http://dkischool.org/upload/board/대련한국학교_전임교사_채용공고(유치원).hwp
47,공지사항,49,재외선거.hwp,hwp,,,listed,http://dkischool.org/upload/board/재외선거.hwp
47,공지사항,49,gva00000bd80001.gif,gif,,,listed,http://dkischool.org/upload/board/gva00000bd80001.gif
47,공지사항,49,gva00000bd80002.gif,gif,,,listed,http://dkischool.org/upload/board/gva00000bd80002.gif
47,공지사항,49,gva000001a40003.gif,gif,,,listed,http://dkischool.org/upload/board/gva000001a40003.gif
47,공지사항,49,gva000001a40002.gif,gif,,,listed,http://dkischool.org/upload/board/gva000001a40002.gif
47,공지사항,49,gva000001a40001.gif,gif,,,listed,http://dkischool.org/upload/board/gva000001a40001.gif
47,공지사항,49,선거인명부_열람방법.hwp,hwp,,,listed,http://dkischool.org/upload/board/선거인명부_열람방법.hwp
47,공지사항,50,2012년_2학기_12학년_기말고사_시간표.hwp,hwp,,,listed,http://dkischool.org/upload/board/2012년_2학기_12학년_기말고사_시간표.hwp
47,공지사항,51,11학교행사일정변경안내1.hwp,hwp,,,listed,http://dkischool.org/upload/board/11학교행사일정변경안내1.hwp
47,공지사항,52,2012년_2학기_기말고사_시간표(7~11학년).hwp,hwp,,,listed,http://dkischool.org/upload/board/2012년_2학기_기말고사_시간표(7~11학년).hwp
47,공지사항,53,대련한국국제학교_도서_입찰공고문_1부.hwp,hwp,,,listed,http://dkischool.org/upload/board/대련한국국제학교_도서_입찰공고문_1부.hwp
47,공지사항,53,교수학습자료_구입_목록(최종심의용).xlsx,xlsx,,,listed,http://dkischool.org/upload/board/교수학습자료_구입_목록(최종심의용).xlsx
47,공지사항,54,대련한국국제학교_교사_채용공고문(영어).hwp,hwp,,,listed,http://dkischool.org/upload/board/대련한국국제학교_교사_채용공고문(영어).hwp
47,공지사항,56,빈_문서_11.hwp,hwp,,,listed,http://dkischool.org/upload/board/빈_문서_11.hwp
47,공지사항,58,2012년_겨울방학노선도001.jpg,jpg,,,listed,http://dkischool.org/upload/board/2012년_겨울방학노선도001.jpg
47,공지사항,58,2012년도_겨울보충_차량시간표.hwp,hwp,,,listed,http://dkischool.org/upload/board/2012년도_겨울보충_차량시간표.hwp
47,공지사항,59,middle.xls,xls,,,listed,http://dkischool.org/upload/board/middle.xls
47,공지사항,59,high.xls,xls,,,listed,http://dkischool.org/upload/board/high.xls
47,공지사항,60,2013년도_개학식_노선도.hwp,hwp,,,listed,http://dkischool.org/upload/board/2013년도_개학식_노선도.hwp
47,공지사항,60,2013개학식001.jpg,jpg,,,listed,http://dkischool.org/upload/board/2013개학식001.jpg
47,공지사항,61,2013학년도_초등_반편성_명단0228.hwp,hwp,,,listed,http://dkischool.org/upload/board/2013학년도_초등_반편성_명단0228.hwp
47,공지사항,62,2013년_1학기보충전_노선도.hwp,hwp,,,listed,http://dkischool.org/upload/board/2013년_1학기보충전_노선도.hwp
47,공지사항,62,보충전노선도001.jpg,jpg,,,listed,http://dkischool.org/upload/board/보충전노선도001.jpg
47,공지사항,64,2013년_1학기_보충전_노선도001.jpg,jpg,,,listed,http://dkischool.org/upload/board/2013년_1학기_보충전_노선도001.jpg
47,공지사항,64,2013년_1학기보충전_노선도1.hwp,hwp,,,listed,http://dkischool.org/upload/board/2013년_1학기보충전_노선도1.hwp
47,공지사항,65,양육수당_지원대상자_확대안내.hwp,hwp,,,listed,http://dkischool.org/upload/board/양육수당_지원대상자_확대안내.hwp
47,공지사항,66,2013_예산(홈페이지)xls.xlsx,xlsx,,,listed,http://dkischool.org/upload/board/2013_예산(홈페이지)xls.xlsx
47,공지사항,67,1학기노선도001.jpg,jpg,,,listed,http://dkischool.org/upload/board/1학기노선도001.jpg
47,공지사항,67,2013년_1학기_노선도.hwp,hwp,,,listed,http://dkischool.org/upload/board/2013년_1학기_노선도.hwp
47,공지사항,68,텝스접수.xls,xls,,,listed,http://dkischool.org/upload/board/텝스접수.xls
47,공지사항,72,2013년1학기_중간고사_시간표.hwp,hwp,,,listed,http://dkischool.org/upload/board/2013년1학기_중간고사_시간표.hwp
47,공지사항,73,운영위_심의결과_-_3기6회.hwp,hwp,,,listed,http://dkischool.org/upload/board/운영위_심의결과_-_3기6회.hwp
47,공지사항,74,02호(통학버스_가정_통신).hwp,hwp,,,listed,http://dkischool.org/upload/board/02호(통학버스_가정_통신).hwp
47,공지사항,78,[홍보게재]한민족통일문예제전[1](1).docx,docx,,,listed,http://dkischool.org/upload/board/[홍보게재]한민족통일문예제전[1](1).docx
47,공지사항,78,[붙임]제44회_한민족통일문예제전_개최_계획.hwp,hwp,,,listed,http://dkischool.org/upload/board/[붙임]제44회_한민족통일문예제전_개최_계획.hwp
47,공지사항,80,행정직원_채용_공고(대련학국국제학교.2013.7.17).hwp,hwp,,,listed,http://dkischool.org/upload/board/행정직원_채용_공고(대련학국국제학교.2013.7.17).hwp
47,공지사항,82,중등13-134_졸업앨범_제작구매_소액구의_견적공고.hwp,hwp,,,listed,http://dkischool.org/upload/board/중등13-134_졸업앨범_제작구매_소액구의_견적공고.hwp
47,공지사항,83,대련한국국제학교_도서_및_교구_입찰공고문_1부.hwp,hwp,,,listed,http://dkischool.org/upload/board/대련한국국제학교_도서_및_교구_입찰공고문_1부.hwp
47,공지사항,83,2013교수학습자료신청목록(종합).xlsx,xlsx,,,listed,http://dkischool.org/upload/board/2013교수학습자료신청목록(종합).xlsx
47,공지사항,84,대련한국국제학교_교사_초빙공고.hwp,hwp,,,listed,http://dkischool.org/upload/board/대련한국국제학교_교사_초빙공고.hwp
47,공지사항,85,편입원서.hwp,hwp,,,listed,http://dkischool.org/upload/board/편입원서.hwp
47,공지사항,86,한국문화교육센터_추천서.hwp,hwp,,,listed,http://dkischool.org/upload/board/한국문화교육센터_추천서.hwp
47,공지사항,86,한국문화교육센터모집공고.hwp,hwp,,,listed,http://dkischool.org/upload/board/한국문화교육센터모집공고.hwp
47,공지사항,87,보도자료(학교).hwp,hwp,,,listed,http://dkischool.org/upload/board/보도자료(학교).hwp
47,공지사항,88,행정직원(사서)_채용_공고.hwp,hwp,,,listed,http://dkischool.org/upload/board/행정직원(사서)_채용_공고.hwp
47,공지사항,89,교내매점입찰공고안(2014.6.19).hwp,hwp,,,listed,http://dkischool.org/upload/board/교내매점입찰공고안(2014.6.19).hwp
47,공지사항,90,교내매점입찰공고안.hwp,hwp,,,listed,http://dkischool.org/upload/board/교내매점입찰공고안.hwp
47,공지사항,91,컴퓨터_구매_소액_견적공고(20140709).hwp,hwp,,,listed,http://dkischool.org/upload/board/컴퓨터_구매_소액_견적공고(20140709).hwp
47,공지사항,92,대련한국학교_전임교사_채용공고(2014학년도-2학기).hwp,hwp,,,listed,http://dkischool.org/upload/board/대련한국학교_전임교사_채용공고(2014학년도-2학기).hwp
47,공지사항,93,2014학년도_2학기_중등_편입_안내-홈피게시용001.gif,gif,,,listed,http://dkischool.org/upload/board/2014학년도_2학기_중등_편입_안내-홈피게시용001.gif
47,공지사항,93,2014학년도_2학기_초등_편입_안내-(최종)0012.gif,gif,,,listed,http://dkischool.org/upload/board/2014학년도_2학기_초등_편입_안내-(최종)0012.gif
47,공지사항,94,수강생_모집공고001.gif,gif,,,listed,http://dkischool.org/upload/board/수강생_모집공고001.gif
47,공지사항,95,컴퓨터_구매입찰공고.hwp,hwp,,,listed,http://dkischool.org/upload/board/컴퓨터_구매입찰공고.hwp
47,공지사항,96,졸업앨범_제작구매_소액수의_견적공고.hwp,hwp,,,listed,http://dkischool.org/upload/board/졸업앨범_제작구매_소액수의_견적공고.hwp
47,공지사항,97,대련한국국제학교_도서_및_교구_입찰공고문_1부1.hwp,hwp,,,listed,http://dkischool.org/upload/board/대련한국국제학교_도서_및_교구_입찰공고문_1부1.hwp
47,공지사항,97,5-1._교수_학습_자료_구입_목록.xlsx,xlsx,,,listed,http://dkischool.org/upload/board/5-1._교수_학습_자료_구입_목록.xlsx
47,공지사항,98,141023(대련)_교사_채용_공고.hwp,hwp,,,listed,http://dkischool.org/upload/board/141023(대련)_교사_채용_공고.hwp
47,공지사항,99,대련한국학교_미술_시간강사_채용공고.hwp,hwp,,,listed,http://dkischool.org/upload/board/대련한국학교_미술_시간강사_채용공고.hwp
47,공지사항,100,대련한국학교_미술_시간강사_채용_재공고.hwp,hwp,,,listed,http://dkischool.org/upload/board/대련한국학교_미술_시간강사_채용_재공고.hwp
47,공지사항,101,대련한국국제학교_유치원_교사_채용_공고.hwp,hwp,,,listed,http://dkischool.org/upload/board/대련한국국제학교_유치원_교사_채용_공고.hwp
47,공지사항,102,입찰공고문(화장실_내부_수선_공사).hwp,hwp,,,listed,http://dkischool.org/upload/board/입찰공고문(화장실_내부_수선_공사).hwp
47,공지사항,103,대련한국학교_중국어_원어민_교사_채용_공고(2015학년도).hwp,hwp,,,listed,http://dkischool.org/upload/board/대련한국학교_중국어_원어민_교사_채용_공고(2015학년도).hwp
47,공지사항,104,입찰공고문(수정).hwp,hwp,,,listed,http://dkischool.org/upload/board/입찰공고문(수정).hwp
47,공지사항,104,붙임2(공사시방서).hwp,hwp,,,listed,http://dkischool.org/upload/board/붙임2(공사시방서).hwp
47,공지사항,104,붙임3(입찰_참가신청서).hwp,hwp,,,listed,http://dkischool.org/upload/board/붙임3(입찰_참가신청서).hwp
47,공지사항,104,붙임4(청렴계약_이행_서약서).hwp,hwp,,,listed,http://dkischool.org/upload/board/붙임4(청렴계약_이행_서약서).hwp
47,공지사항,104,붙임5(입찰보증금_납부이행_지급각서).hwp,hwp,,,listed,http://dkischool.org/upload/board/붙임5(입찰보증금_납부이행_지급각서).hwp
47,공지사항,105,입찰재공고.hwp,hwp,,,listed,http://dkischool.org/upload/board/입찰재공고.hwp
47,공지사항,105,붙임2(공사시방서)1.hwp,hwp,,,listed,http://dkischool.org/upload/board/붙임2(공사시방서)1.hwp
47,공지사항,105,붙임3(입찰_참가신청서)1.hwp,hwp,,,listed,http://dkischool.org/upload/board/붙임3(입찰_참가신청서)1.hwp
47,공지사항,105,붙임4(청렴계약_이행_서약서)1.hwp,hwp,,,listed,http://dkischool.org/upload/board/붙임4(청렴계약_이행_서약서)1.hwp
47,공지사항,105,붙임5(입찰보증금_납부이행_지급각서)1.hwp,hwp,,,listed,http://dkischool.org/upload/board/붙임5(입찰보증금_납부이행_지급각서)1.hwp
47,공지사항,107,편입규정_개정안(2015.2.1).hwp,hwp,,,listed,http://dkischool.org/upload/board/편입규정_개정안(2015.2.1).hwp
47,공지사항,108,대련한국학교_중국어_원어민_강사_채용_공고(2015학년도).hwp,hwp,,,listed,http://dkischool.org/upload/board/대련한국학교_중국어_원어민_강사_채용_공고(2015학년도).hwp
47,공지사항,108,대련한국학교_중국어_원어민_강사_채용_공고(2015학년도)中文.hwp,hwp,,,listed,http://dkischool.org/upload/board/대련한국학교_중국어_원어민_강사_채용_공고(2015학년도)中文.hwp
47,공지사항,109,대련한국국제학교_영어_전임교사_채용_공고(2015학년도).hwp,hwp,,,listed,http://dkischool.org/upload/board/대련한국국제학교_영어_전임교사_채용_공고(2015학년도).hwp
47,공지사항,110,교무실_행정보조원_채용_공고001.jpg,jpg,,,listed,http://dkischool.org/upload/board/교무실_행정보조원_채용_공고001.jpg
47,공지사항,110,공고.hwp,hwp,,,listed,http://dkischool.org/upload/board/공고.hwp
47,공지사항,111,교무보조_재공고001.jpg,jpg,,,listed,http://dkischool.org/upload/board/교무보조_재공고001.jpg
47,공지사항,112,2014학년도_수업만족도_보고서001.gif,gif,,,listed,http://dkischool.org/upload/board/2014학년도_수업만족도_보고서001.gif
47,공지사항,112,2014학년도_수업만족도_보고서002.gif,gif,,,listed,http://dkischool.org/upload/board/2014학년도_수업만족도_보고서002.gif
47,공지사항,112,2014학년도_수업만족도_보고서003.gif,gif,,,listed,http://dkischool.org/upload/board/2014학년도_수업만족도_보고서003.gif
47,공지사항,112,2014학년도_수업만족도_보고서004.gif,gif,,,listed,http://dkischool.org/upload/board/2014학년도_수업만족도_보고서004.gif
47,공지사항,112,2014학년도_수업만족도_보고서005.gif,gif,,,listed,http://dkischool.org/upload/board/2014학년도_수업만족도_보고서005.gif
47,공지사항,113,대련한국국제학교방수및캐노피공사입찰공고문(1).hwp,hwp,,,listed,http://dkischool.org/upload/board/대련한국국제학교방수및캐노피공사입찰공고문(1).hwp
47,공지사항,113,붙임2(공사시방서)(2).hwp,hwp,,,listed,http://dkischool.org/upload/board/붙임2(공사시방서)(2).hwp
47,공지사항,113,붙임3~7입찰참가신청서(1).hwp,hwp,,,listed,http://dkischool.org/upload/board/붙임3~7입찰참가신청서(1).hwp
47,공지사항,113,붙임8~9입찰참가업체적격심사표(1).hwp,hwp,,,listed,http://dkischool.org/upload/board/붙임8~9입찰참가업체적격심사표(1).hwp
47,공지사항,114,행정보조001.jpg,jpg,,,listed,http://dkischool.org/upload/board/행정보조001.jpg
47,공지사항,115,150326[대련한국국제학교_보도자료]안중근의사_무죄_재판.pdf,pdf,,,listed,http://dkischool.org/upload/board/150326[대련한국국제학교_보도자료]안중근의사_무죄_재판.pdf
47,공지사항,115,110011.jpg,jpg,,,listed,http://dkischool.org/upload/board/110011.jpg
47,공지사항,115,11002.jpg,jpg,,,listed,http://dkischool.org/upload/board/11002.jpg
47,공지사항,116,5세_원아모집_안내.hwp,hwp,,,listed,http://dkischool.org/upload/board/5세_원아모집_안내.hwp
47,공지사항,116,토요_특별_프로그램_운영_안내.hwp,hwp,,,listed,http://dkischool.org/upload/board/토요_특별_프로그램_운영_안내.hwp
47,공지사항,116,우리_유치원_홍보_자료.hwp,hwp,,,listed,http://dkischool.org/upload/board/우리_유치원_홍보_자료.hwp
47,공지사항,118,148.JPG,jpg,,,listed,http://dkischool.org/upload/board/148.JPG
47,공지사항,118,222.JPG,jpg,,,listed,http://dkischool.org/upload/board/222.JPG
47,공지사항,119,골든벨_보도자료001.jpg,jpg,,,listed,http://dkischool.org/upload/board/골든벨_보도자료001.jpg
47,공지사항,119,골든벨_보도자료002.jpg,jpg,,,listed,http://dkischool.org/upload/board/골든벨_보도자료002.jpg
47,공지사항,120,대련한국국제학교냉난방개선공사입찰공고문(3).hwp,hwp,,,listed,http://dkischool.org/upload/board/대련한국국제학교냉난방개선공사입찰공고문(3).hwp
47,공지사항,120,붙임2(사업시방서)(3).hwp,hwp,,,listed,http://dkischool.org/upload/board/붙임2(사업시방서)(3).hwp
47,공지사항,120,붙임3~붙임14서식(3).hwp,hwp,,,listed,http://dkischool.org/upload/board/붙임3~붙임14서식(3).hwp
47,공지사항,120,대련한국국제학교냉난방개선공사입찰공고문(중문)(1).hwp,hwp,,,listed,http://dkischool.org/upload/board/대련한국국제학교냉난방개선공사입찰공고문(중문)(1).hwp
47,공지사항,121,2015전편입안내001.bmp,bmp,,,listed,http://dkischool.org/upload/board/2015전편입안내001.bmp
47,공지사항,121,2015전편입안내002.bmp,bmp,,,listed,http://dkischool.org/upload/board/2015전편입안내002.bmp
47,공지사항,123,gva000017e40001_1.jpg,jpg,,,listed,http://dkischool.org/upload/board/gva000017e40001_1.jpg
47,공지사항,123,gva000017e40002_1.jpg,jpg,,,listed,http://dkischool.org/upload/board/gva000017e40002_1.jpg
47,공지사항,123,gva000017e40003_1.jpg,jpg,,,listed,http://dkischool.org/upload/board/gva000017e40003_1.jpg
47,공지사항,123,gva000017e40004_1.jpg,jpg,,,listed,http://dkischool.org/upload/board/gva000017e40004_1.jpg
47,공지사항,124,졸업진급사정규정(2015.7.2개정)001.bmp,bmp,,,listed,http://dkischool.org/upload/board/졸업진급사정규정(2015.7.2개정)001.bmp
47,공지사항,124,졸업진급사정규정(2015.7.2개정)002.bmp,bmp,,,listed,http://dkischool.org/upload/board/졸업진급사정규정(2015.7.2개정)002.bmp
47,공지사항,124,졸업진급사정규정(2015.7.2개정)003.bmp,bmp,,,listed,http://dkischool.org/upload/board/졸업진급사정규정(2015.7.2개정)003.bmp
47,공지사항,124,졸업진급사정규정(2015.7.2개정)004.bmp,bmp,,,listed,http://dkischool.org/upload/board/졸업진급사정규정(2015.7.2개정)004.bmp
47,공지사항,124,졸업진급사정규정(2015.7.2개정)005.bmp,bmp,,,listed,http://dkischool.org/upload/board/졸업진급사정규정(2015.7.2개정)005.bmp
47,공지사항,124,졸업진급사정규정(2015.7.2개정)006.bmp,bmp,,,listed,http://dkischool.org/upload/board/졸업진급사정규정(2015.7.2개정)006.bmp
47,공지사항,124,졸업진급사정규정(2015.7.2개정)007.bmp,bmp,,,listed,http://dkischool.org/upload/board/졸업진급사정규정(2015.7.2개정)007.bmp
47,공지사항,124,졸업진급사정규정(2015.7.2개정)008.bmp,bmp,,,listed,http://dkischool.org/upload/board/졸업진급사정규정(2015.7.2개정)008.bmp
47,공지사항,124,졸업진급사정규정(2015.7.2개정)009.bmp,bmp,,,listed,http://dkischool.org/upload/board/졸업진급사정규정(2015.7.2개정)009.bmp
47,공지사항,124,졸업진급사정규정(2015.7.2개정)010.bmp,bmp,,,listed,http://dkischool.org/upload/board/졸업진급사정규정(2015.7.2개정)010.bmp
47,공지사항,124,졸업진급사정규정(2015.7.2개정)011.bmp,bmp,,,listed,http://dkischool.org/upload/board/졸업진급사정규정(2015.7.2개정)011.bmp
47,공지사항,125,gva000014f40001.jpg,jpg,,,listed,http://dkischool.org/upload/board/gva000014f40001.jpg
47,공지사항,125,gva000014f40002.jpg,jpg,,,listed,http://dkischool.org/upload/board/gva000014f40002.jpg
47,공지사항,125,gva000014f40003.jpg,jpg,,,listed,http://dkischool.org/upload/board/gva000014f40003.jpg
47,공지사항,125,gva000014f40004.jpg,jpg,,,listed,http://dkischool.org/upload/board/gva000014f40004.jpg
47,공지사항,125,gva000014f40005.jpg,jpg,,,listed,http://dkischool.org/upload/board/gva000014f40005.jpg
47,공지사항,125,gva000014f40006.jpg,jpg,,,listed,http://dkischool.org/upload/board/gva000014f40006.jpg
47,공지사항,126,gva000015c40001.jpg,jpg,,,listed,http://dkischool.org/upload/board/gva000015c40001.jpg
47,공지사항,126,gva000015c40002.jpg,jpg,,,listed,http://dkischool.org/upload/board/gva000015c40002.jpg
47,공지사항,127,초중등15-138졸업앨범제작·구매소액수의견적공고(공지용).hwp,hwp,,,listed,http://dkischool.org/upload/board/초중등15-138졸업앨범제작·구매소액수의견적공고(공지용).hwp
47,공지사항,128,초중등15-138졸업앨범제작·구매소액수의견적공고(공지용)(1).hwp,hwp,,,listed,http://dkischool.org/upload/board/초중등15-138졸업앨범제작·구매소액수의견적공고(공지용)(1).hwp
47,공지사항,129,유치원001_1.jpg,jpg,,,listed,http://dkischool.org/upload/board/유치원001_1.jpg
47,공지사항,129,유치원002_1.jpg,jpg,,,listed,http://dkischool.org/upload/board/유치원002_1.jpg
47,공지사항,129,유치원보조교사채용공고(2015학년도).hwp,hwp,,,listed,http://dkischool.org/upload/board/유치원보조교사채용공고(2015학년도).hwp
47,공지사항,130,붙임12015학년도대련한국국제학교테마학습소액수의견적제출입찰공고(1).hwp,hwp,,,listed,http://dkischool.org/upload/board/붙임12015학년도대련한국국제학교테마학습소액수의견적제출입찰공고(1).hwp
47,공지사항,130,붙임2수학여행계약특수조건(2).hwp,hwp,,,listed,http://dkischool.org/upload/board/붙임2수학여행계약특수조건(2).hwp
47,공지사항,130,붙임3테마학습일정표(9(1).11).docx,docx,,,listed,http://dkischool.org/upload/board/붙임3테마학습일정표(9(1).11).docx
47,공지사항,130,붙임4입찰참가신청서(1).hwp,hwp,,,listed,http://dkischool.org/upload/board/붙임4입찰참가신청서(1).hwp
47,공지사항,130,붙임5입찰참가업체적격심사표(1).hwp,hwp,,,listed,http://dkischool.org/upload/board/붙임5입찰참가업체적격심사표(1).hwp
47,공지사항,130,붙임6입찰보증금납부이행지급각서(1).hwp,hwp,,,listed,http://dkischool.org/upload/board/붙임6입찰보증금납부이행지급각서(1).hwp
47,공지사항,130,붙임7청렴계약이행서약서(1).hwp,hwp,,,listed,http://dkischool.org/upload/board/붙임7청렴계약이행서약서(1).hwp
47,공지사항,131,대련한국학교유치원보조교사채용재공고(2015학년도).hwp,hwp,,,listed,http://dkischool.org/upload/board/대련한국학교유치원보조교사채용재공고(2015학년도).hwp
47,공지사항,132,[151005보도자료]대련한국국제학교에서경제콘서트개최.hwp,hwp,,,listed,http://dkischool.org/upload/board/[151005보도자료]대련한국국제학교에서경제콘서트개최.hwp
47,공지사항,132,보도자료001_1.jpg,jpg,,,listed,http://dkischool.org/upload/board/보도자료001_1.jpg
47,공지사항,134,대련한국국제학교방송공사입찰공고문.hwp,hwp,,,listed,http://dkischool.org/upload/board/대련한국국제학교방송공사입찰공고문.hwp
47,공지사항,134,붙이2방송시방서.hwp,hwp,,,listed,http://dkischool.org/upload/board/붙이2방송시방서.hwp
47,공지사항,134,"붙임3~6,9입찰참가신청서.hwp",hwp,,,listed,"http://dkischool.org/upload/board/붙임3~6,9입찰참가신청서.hwp"
47,공지사항,134,붙임7~8입찰참가업체적격심사표.hwp,hwp,,,listed,http://dkischool.org/upload/board/붙임7~8입찰참가업체적격심사표.hwp
47,공지사항,135,대련한국국제학교소방공사입찰공고문.hwp,hwp,,,listed,http://dkischool.org/upload/board/대련한국국제학교소방공사입찰공고문.hwp
47,공지사항,135,붙임2(공사시방서)(3).hwp,hwp,,,listed,http://dkischool.org/upload/board/붙임2(공사시방서)(3).hwp
47,공지사항,135,"붙임3~6,9입찰참가신청서(1).hwp",hwp,,,listed,"http://dkischool.org/upload/board/붙임3~6,9입찰참가신청서(1).hwp"
47,공지사항,135,붙임7~8입찰참가업체적격심사표(1).hwp,hwp,,,listed,http://dkischool.org/upload/board/붙임7~8입찰참가업체적격심사표(1).hwp
47,공지사항,136,2016학년도대련한국국제학교교직원선발공고문.hwp,hwp,,,listed,http://dkischool.org/upload/board/2016학년도대련한국국제학교교직원선발공고문.hwp
47,공지사항,137,대련한국국제학교방송공사입찰재공고문(3).hwp,hwp,,,listed,http://dkischool.org/upload/board/대련한국국제학교방송공사입찰재공고문(3).hwp
47,공지사항,137,붙이2방송시방서(1).hwp,hwp,,,listed,http://dkischool.org/upload/board/붙이2방송시방서(1).hwp
47,공지사항,137,"붙임3~6,9입찰참가신청서(2).hwp",hwp,,,listed,"http://dkischool.org/upload/board/붙임3~6,9입찰참가신청서(2).hwp"
47,공지사항,137,붙임7~8입찰참가업체적격심사표(2).hwp,hwp,,,listed,http://dkischool.org/upload/board/붙임7~8입찰참가업체적격심사표(2).hwp
47,공지사항,138,대련한국국제학교소방공사입찰재공고문.hwp,hwp,,,listed,http://dkischool.org/upload/board/대련한국국제학교소방공사입찰재공고문.hwp
47,공지사항,138,붙임2(공사시방서)(4).hwp,hwp,,,listed,http://dkischool.org/upload/board/붙임2(공사시방서)(4).hwp
47,공지사항,138,"붙임3~6,9입찰참가신청서(3).hwp",hwp,,,listed,"http://dkischool.org/upload/board/붙임3~6,9입찰참가신청서(3).hwp"
47,공지사항,138,붙임7~8입찰참가업체적격심사표(3).hwp,hwp,,,listed,http://dkischool.org/upload/board/붙임7~8입찰참가업체적격심사표(3).hwp
47,공지사항,139,대련한국국제학교행정실장초빙수정공고.hwp,hwp,,,listed,http://dkischool.org/upload/board/대련한국국제학교행정실장초빙수정공고.hwp
47,공지사항,140,1001(1)_1.jpg,jpg,,,listed,http://dkischool.org/upload/board/1001(1)_1.jpg
47,공지사항,140,1002(1)_1.jpg,jpg,,,listed,http://dkischool.org/upload/board/1002(1)_1.jpg
47,공지사항,140,1(1)_18.jpg,jpg,,,listed,http://dkischool.org/upload/board/1(1)_18.jpg
47,공지사항,140,2(1)_16.jpg,jpg,,,listed,http://dkischool.org/upload/board/2(1)_16.jpg
47,공지사항,140,MOU체결보도자료(1).hwp,hwp,,,listed,http://dkischool.org/upload/board/MOU체결보도자료(1).hwp
47,공지사항,141,2016학년도대련한국국제학교유치원교사선발공고문(탑재).hwp,hwp,,,listed,http://dkischool.org/upload/board/2016학년도대련한국국제학교유치원교사선발공고문(탑재).hwp
47,공지사항,142,2016학년도대련한국국제학교유치원교사선발수정공고문(탑재)(1).hwp,hwp,,,listed,http://dkischool.org/upload/board/2016학년도대련한국국제학교유치원교사선발수정공고문(탑재)(1).hwp
47,공지사항,143,2016학년도대련한국국제학교사서선발공고문(탑재)(1).hwp,hwp,,,listed,http://dkischool.org/upload/board/2016학년도대련한국국제학교사서선발공고문(탑재)(1).hwp
47,공지사항,144,2016-1학기입학안내001_2.jpg,jpg,,,listed,http://dkischool.org/upload/board/2016-1학기입학안내001_2.jpg
47,공지사항,144,2016-1학기입학안내002_2.jpg,jpg,,,listed,http://dkischool.org/upload/board/2016-1학기입학안내002_2.jpg
47,공지사항,145,재외국민001_1.jpg,jpg,,,listed,http://dkischool.org/upload/board/재외국민001_1.jpg
47,공지사항,147,교무실단기사무보조원채용공고.docx,docx,,,listed,http://dkischool.org/upload/board/교무실단기사무보조원채용공고.docx
47,공지사항,147,이력서.xls,xls,,,listed,http://dkischool.org/upload/board/이력서.xls
47,공지사항,148,시간강사모집공고(1).hwp,hwp,,,listed,http://dkischool.org/upload/board/시간강사모집공고(1).hwp
47,공지사항,150,학운위안건2019.2.29.hwp,hwp,,,listed,http://dkischool.org/upload/board/학운위안건2019.2.29.hwp
47,공지사항,151,@2015학년도수업만족도보고서.hwp,hwp,,,listed,http://dkischool.org/upload/board/@2015학년도수업만족도보고서.hwp
47,공지사항,153,2015학년도겨울방학창의인성특강정산보고.hwp,hwp,,,listed,http://dkischool.org/upload/board/2015학년도겨울방학창의인성특강정산보고.hwp
47,공지사항,154,회의록-4기13회공개용(1).hwp,hwp,,,listed,http://dkischool.org/upload/board/회의록-4기13회공개용(1).hwp
47,공지사항,156,"학부모위원,교원위원당선자공고.pdf",pdf,,,listed,"http://dkischool.org/upload/board/학부모위원,교원위원당선자공고.pdf"
47,공지사항,157,2016학년도대련한국국제학교테마학습소액수의견적제출입찰공고(안)3.21.hwp,hwp,,,listed,http://dkischool.org/upload/board/2016학년도대련한국국제학교테마학습소액수의견적제출입찰공고(안)3.21.hwp
47,공지사항,158,보도자료1_1.jpg,jpg,,,listed,http://dkischool.org/upload/board/보도자료1_1.jpg
47,공지사항,158,보도자료2(2)_1.jpg,jpg,,,listed,http://dkischool.org/upload/board/보도자료2(2)_1.jpg
47,공지사항,159,지역위원당선자공고.pdf,pdf,,,listed,http://dkischool.org/upload/board/지역위원당선자공고.pdf
47,공지사항,160,학운위안건#1#.hwp,hwp,,,listed,http://dkischool.org/upload/board/학운위안건#1#.hwp
47,공지사항,161,제35회20스승의날유공정부포상계획(배부용)[1].hwp,hwp,,,listed,http://dkischool.org/upload/board/제35회20스승의날유공정부포상계획(배부용)[1].hwp
47,공지사항,163,IMG_20160408_133318[1]_1.jpg,jpg,,,listed,http://dkischool.org/upload/board/IMG_20160408_133318[1]_1.jpg
47,공지사항,163,IMG_20160408_145403[1]_1.jpg,jpg,,,listed,http://dkischool.org/upload/board/IMG_20160408_145403[1]_1.jpg
47,공지사항,163,IMG_20160408_150734[1]_1.jpg,jpg,,,listed,http://dkischool.org/upload/board/IMG_20160408_150734[1]_1.jpg
47,공지사항,163,IMG_20160408_133404[1]_1.jpg,jpg,,,listed,http://dkischool.org/upload/board/IMG_20160408_133404[1]_1.jpg
47,공지사항,163,IMG_20160408_144208[1]_1.jpg,jpg,,,listed,http://dkischool.org/upload/board/IMG_20160408_144208[1]_1.jpg
47,공지사항,163,IMG_6878_1.jpg,jpg,,,listed,http://dkischool.org/upload/board/IMG_6878_1.jpg
47,공지사항,164,2016학년도예산(안).xlsx,xlsx,,,listed,http://dkischool.org/upload/board/2016학년도예산(안).xlsx
47,공지사항,165,2015학년도학교회계세입세출결산(안)(1).hwp,hwp,,,listed,http://dkischool.org/upload/board/2015학년도학교회계세입세출결산(안)(1).hwp
47,공지사항,166,2015학년도발전기금회계결산(안).xlsx,xlsx,,,listed,http://dkischool.org/upload/board/2015학년도발전기금회계결산(안).xlsx
47,공지사항,168,회의록-5기1회공개용.hwp,hwp,,,listed,http://dkischool.org/upload/board/회의록-5기1회공개용.hwp
47,공지사항,171,"(학운위안건)가족캠프,2016년현장체험학습-중등.hwp",hwp,,,listed,"http://dkischool.org/upload/board/(학운위안건)가족캠프,2016년현장체험학습-중등.hwp"
47,공지사항,172,2016졸업앨범제작·구매소액수의견적공고(공지용)[1](1).hwp,hwp,,,listed,http://dkischool.org/upload/board/2016졸업앨범제작·구매소액수의견적공고(공지용)[1](1).hwp
47,공지사항,173,독도교육1_1.jpg,jpg,,,listed,http://dkischool.org/upload/board/독도교육1_1.jpg
47,공지사항,173,독도교육2_1.jpg,jpg,,,listed,http://dkischool.org/upload/board/독도교육2_1.jpg
47,공지사항,173,독도교육3_2.jpg,jpg,,,listed,http://dkischool.org/upload/board/독도교육3_2.jpg
47,공지사항,174,회의록-5기2회공개용.hwp,hwp,,,listed,http://dkischool.org/upload/board/회의록-5기2회공개용.hwp
47,공지사항,176,"2016.4,12회의록공개용.hwp",hwp,,,listed,"http://dkischool.org/upload/board/2016.4,12회의록공개용.hwp"
47,공지사항,177,2016졸업앨범제작·구매소액수의견적공고(공지용)[1](2).hwp,hwp,,,listed,http://dkischool.org/upload/board/2016졸업앨범제작·구매소액수의견적공고(공지용)[1](2).hwp
47,공지사항,178,초등6학년테마학습_결과보고001_1.jpg,jpg,,,listed,http://dkischool.org/upload/board/초등6학년테마학습_결과보고001_1.jpg
47,공지사항,179,2016초등부현장체험학습결과보고001_1.jpg,jpg,,,listed,http://dkischool.org/upload/board/2016초등부현장체험학습결과보고001_1.jpg
47,공지사항,180,가족캠프_결과보고[1].hwp,hwp,,,listed,http://dkischool.org/upload/board/가족캠프_결과보고[1].hwp
47,공지사항,181,2016학년도10학년테마학습정산보고_1.jpg,jpg,,,listed,http://dkischool.org/upload/board/2016학년도10학년테마학습정산보고_1.jpg
47,공지사항,183,중등학생16-372016학년도8학년테마학습정산보고.hwp,hwp,,,listed,http://dkischool.org/upload/board/중등학생16-372016학년도8학년테마학습정산보고.hwp
47,공지사항,185,학교운영위원회집회안내#1#.hwp,hwp,,,listed,http://dkischool.org/upload/board/학교운영위원회집회안내#1#.hwp
47,공지사항,185,학교운영위원회안건#2016.7.4#.hwp,hwp,,,listed,http://dkischool.org/upload/board/학교운영위원회안건#2016.7.4#.hwp
47,공지사항,186,재외국민신변안전강화안전공지.hwp,hwp,,,listed,http://dkischool.org/upload/board/재외국민신변안전강화안전공지.hwp
47,공지사항,187,도올김용옥특강1_1.jpg,jpg,,,listed,http://dkischool.org/upload/board/도올김용옥특강1_1.jpg
47,공지사항,187,도올김용옥특강2_2.jpg,jpg,,,listed,http://dkischool.org/upload/board/도올김용옥특강2_2.jpg
47,공지사항,188,2016학년도1학기방과후교육활동결산정보공시(1).hwp,hwp,,,listed,http://dkischool.org/upload/board/2016학년도1학기방과후교육활동결산정보공시(1).hwp
47,공지사항,189,중등현장학습결과보고.hwp,hwp,,,listed,http://dkischool.org/upload/board/중등현장학습결과보고.hwp
47,공지사항,190,대련한국학교행정실행정직원채용공고(2016학년도).hwp,hwp,,,listed,http://dkischool.org/upload/board/대련한국학교행정실행정직원채용공고(2016학년도).hwp
47,공지사항,191,도올김용옥특강3_2.jpg,jpg,,,listed,http://dkischool.org/upload/board/도올김용옥특강3_2.jpg
47,공지사항,191,도올김용옥특강4_2.jpg,jpg,,,listed,http://dkischool.org/upload/board/도올김용옥특강4_2.jpg
47,공지사항,192,운영위심의결과.hwp,hwp,,,listed,http://dkischool.org/upload/board/운영위심의결과.hwp
47,공지사항,192,회의록-5기3회공개용(1).hwp,hwp,,,listed,http://dkischool.org/upload/board/회의록-5기3회공개용(1).hwp
47,공지사항,193,매점입찰공고(20160718)(1).hwp,hwp,,,listed,http://dkischool.org/upload/board/매점입찰공고(20160718)(1).hwp
47,공지사항,194,대련한국학교행정실행정직원채용공고(2016학년도)(1).hwp,hwp,,,listed,http://dkischool.org/upload/board/대련한국학교행정실행정직원채용공고(2016학년도)(1).hwp
47,공지사항,195,2016매점입찰재공고.hwp,hwp,,,listed,http://dkischool.org/upload/board/2016매점입찰재공고.hwp
47,공지사항,196,교수학습자료한국발주목록(홈피공고용)(1).xlsx,xlsx,,,listed,http://dkischool.org/upload/board/교수학습자료한국발주목록(홈피공고용)(1).xlsx
47,공지사항,196,2016교수학습자료구매소액수의견적공고2016-12(1).hwp,hwp,,,listed,http://dkischool.org/upload/board/2016교수학습자료구매소액수의견적공고2016-12(1).hwp
47,공지사항,197,교수학습자료한국발주목록(홈피공고용).xlsx,xlsx,,,listed,http://dkischool.org/upload/board/교수학습자료한국발주목록(홈피공고용).xlsx
47,공지사항,197,2016교수학습자료구매소액수의견적공고(공지용)[1](6).hwp,hwp,,,listed,http://dkischool.org/upload/board/2016교수학습자료구매소액수의견적공고(공지용)[1](6).hwp
47,공지사항,198,대련한국학교행정실행정직원채용재공고(2016학년도).hwp,hwp,,,listed,http://dkischool.org/upload/board/대련한국학교행정실행정직원채용재공고(2016학년도).hwp
47,공지사항,199,2016학년도여름방학캠프정산및정보공시.hwp,hwp,,,listed,http://dkischool.org/upload/board/2016학년도여름방학캠프정산및정보공시.hwp
47,공지사항,200,5기제4회학교운영위원회안건.hwp,hwp,,,listed,http://dkischool.org/upload/board/5기제4회학교운영위원회안건.hwp
47,공지사항,202,회의록-5기4회공개용.hwp,hwp,,,listed,http://dkischool.org/upload/board/회의록-5기4회공개용.hwp
47,공지사항,202,운영위심의결과#1#.hwp,hwp,,,listed,http://dkischool.org/upload/board/운영위심의결과#1#.hwp
47,공지사항,203,gva000013900001.jpg,jpg,,,listed,http://dkischool.org/upload/board/gva000013900001.jpg
47,공지사항,203,gva000013900002.jpg,jpg,,,listed,http://dkischool.org/upload/board/gva000013900002.jpg
47,공지사항,204,5회학교운영위원회안건#1#.hwp,hwp,,,listed,http://dkischool.org/upload/board/5회학교운영위원회안건#1#.hwp
47,공지사항,205,2016학년도1학기방과후교육활동결산정보공시(홈피).hwp,hwp,,,listed,http://dkischool.org/upload/board/2016학년도1학기방과후교육활동결산정보공시(홈피).hwp
47,공지사항,206,2016학년도여름방학방과후교육활동결산정보공시(홈피).hwp,hwp,,,listed,http://dkischool.org/upload/board/2016학년도여름방학방과후교육활동결산정보공시(홈피).hwp
47,공지사항,208,2016학년도대련한국국제학교졸업여행소액수의견적제출입찰공고(안).hwp,hwp,,,listed,http://dkischool.org/upload/board/2016학년도대련한국국제학교졸업여행소액수의견적제출입찰공고(안).hwp
47,공지사항,208,졸업여행수의견적입찰공고.docx,docx,,,listed,http://dkischool.org/upload/board/졸업여행수의견적입찰공고.docx
47,공지사항,209,회의록-5기5회공개용.hwp,hwp,,,listed,http://dkischool.org/upload/board/회의록-5기5회공개용.hwp
47,공지사항,211,9월현장학습정산보고001_1.jpg,jpg,,,listed,http://dkischool.org/upload/board/9월현장학습정산보고001_1.jpg
47,공지사항,212,image001_1.jpg,jpg,,,listed,http://dkischool.org/upload/board/image001_1.jpg
47,공지사항,212,@160926청탁금지법팝업자료(1).hwp,hwp,,,listed,http://dkischool.org/upload/board/@160926청탁금지법팝업자료(1).hwp
47,공지사항,212,권익위청탁금지법홍보리플릿#`16.9.12.#.pdf,pdf,,,listed,http://dkischool.org/upload/board/권익위청탁금지법홍보리플릿#`16.9.12.#.pdf
47,공지사항,212,청탁금지법매뉴얼수정사항알림160922.hwp,hwp,,,listed,http://dkischool.org/upload/board/청탁금지법매뉴얼수정사항알림160922.hwp
47,공지사항,213,학교운영위원회개최안내#1#.hwp,hwp,,,listed,http://dkischool.org/upload/board/학교운영위원회개최안내#1#.hwp
47,공지사항,213,운영위원회안건홈피용#1#.hwp,hwp,,,listed,http://dkischool.org/upload/board/운영위원회안건홈피용#1#.hwp
47,공지사항,215,2017학년도대련교원선발공고문(2016(1).10.17).hwp,hwp,,,listed,http://dkischool.org/upload/board/2017학년도대련교원선발공고문(2016(1).10.17).hwp
47,공지사항,216,운영위심의결과#2#.hwp,hwp,,,listed,http://dkischool.org/upload/board/운영위심의결과#2#.hwp
47,공지사항,216,회의록-5기6회공개용.hwp,hwp,,,listed,http://dkischool.org/upload/board/회의록-5기6회공개용.hwp
47,공지사항,217,10월001001_1.jpg,jpg,,,listed,http://dkischool.org/upload/board/10월001001_1.jpg
47,공지사항,218,11월정산보고001_1.jpg,jpg,,,listed,http://dkischool.org/upload/board/11월정산보고001_1.jpg
47,공지사항,221,2016학년도2학기방과후교육활동결산정보공시.hwp,hwp,,,listed,http://dkischool.org/upload/board/2016학년도2학기방과후교육활동결산정보공시.hwp
47,공지사항,222,회의록-5기7회(공개용).hwp,hwp,,,listed,http://dkischool.org/upload/board/회의록-5기7회(공개용).hwp
47,공지사항,222,운영위심의결과#3#.hwp,hwp,,,listed,http://dkischool.org/upload/board/운영위심의결과#3#.hwp
47,공지사항,223,학교운영위원회개최안내#2#.hwp,hwp,,,listed,http://dkischool.org/upload/board/학교운영위원회개최안내#2#.hwp
47,공지사항,223,학운위안건제출(안).hwp,hwp,,,listed,http://dkischool.org/upload/board/학운위안건제출(안).hwp
47,공지사항,223,2016예상결산.xlsx,xlsx,,,listed,http://dkischool.org/upload/board/2016예상결산.xlsx
47,공지사항,223,2017학년도예산(안).xlsx,xlsx,,,listed,http://dkischool.org/upload/board/2017학년도예산(안).xlsx
47,공지사항,224,이사회안건제출(안).hwp,hwp,,,listed,http://dkischool.org/upload/board/이사회안건제출(안).hwp
47,공지사항,226,image001_4.jpg,jpg,,,listed,http://dkischool.org/upload/board/image001_4.jpg
47,공지사항,226,image002_2.jpg,jpg,,,listed,http://dkischool.org/upload/board/image002_2.jpg
47,공지사항,226,2017학년도중국어결원공고문(2017(1).1.6).hwp,hwp,,,listed,http://dkischool.org/upload/board/2017학년도중국어결원공고문(2017(1).1.6).hwp
47,공지사항,227,2016학년도겨울방학중등방과후교육활동정산보고.hwp,hwp,,,listed,http://dkischool.org/upload/board/2016학년도겨울방학중등방과후교육활동정산보고.hwp
47,공지사항,228,회의록-5기8회(공개용).hwp,hwp,,,listed,http://dkischool.org/upload/board/회의록-5기8회(공개용).hwp
47,공지사항,228,운영위심의결과#4#.hwp,hwp,,,listed,http://dkischool.org/upload/board/운영위심의결과#4#.hwp
47,공지사항,229,개발구순회영사안내.hwp,hwp,,,listed,http://dkischool.org/upload/board/개발구순회영사안내.hwp
47,공지사항,230,2017학생명렬_1.jpg,jpg,,,listed,http://dkischool.org/upload/board/2017학생명렬_1.jpg
47,공지사항,231,image001_5.jpg,jpg,,,listed,http://dkischool.org/upload/board/image001_5.jpg
47,공지사항,232,정보공시001_1.jpg,jpg,,,listed,http://dkischool.org/upload/board/정보공시001_1.jpg
47,공지사항,233,학교운영위원회학부모위원선출공고.hwp,hwp,,,listed,http://dkischool.org/upload/board/학교운영위원회학부모위원선출공고.hwp
47,공지사항,234,대련한국학교유치원보조교사채용공고(1).hwp,hwp,,,listed,http://dkischool.org/upload/board/대련한국학교유치원보조교사채용공고(1).hwp
47,공지사항,235,대련한국국제학교원어민교사초빙공고(1).doc,doc,,,listed,http://dkischool.org/upload/board/대련한국국제학교원어민교사초빙공고(1).doc
47,공지사항,236,학운위안건#2017.3.16#.hwp,hwp,,,listed,http://dkischool.org/upload/board/학운위안건#2017.3.16#.hwp
47,공지사항,237,국외부재자신고등안내.hwp,hwp,,,listed,http://dkischool.org/upload/board/국외부재자신고등안내.hwp
47,공지사항,237,재외국민등록신청서.hwp,hwp,,,listed,http://dkischool.org/upload/board/재외국민등록신청서.hwp
47,공지사항,237,재외국민등록(변경.이동)신청서.hwp,hwp,,,listed,http://dkischool.org/upload/board/재외국민등록(변경.이동)신청서.hwp
47,공지사항,240,2017대련한국학교교과서목록(1).pdf,pdf,,,listed,http://dkischool.org/upload/board/2017대련한국학교교과서목록(1).pdf
47,공지사항,242,운영위심의결과#5#.hwp,hwp,,,listed,http://dkischool.org/upload/board/운영위심의결과#5#.hwp
47,공지사항,242,회의록-5기9회공개용.hwp,hwp,,,listed,http://dkischool.org/upload/board/회의록-5기9회공개용.hwp
47,공지사항,244,170322_00제36회스승의날유공포상계획알림.hwp,hwp,,,listed,http://dkischool.org/upload/board/170322_00제36회스승의날유공포상계획알림.hwp
47,공지사항,245,2016학년도발전기금기탁자현황.xlsx,xlsx,,,listed,http://dkischool.org/upload/board/2016학년도발전기금기탁자현황.xlsx
47,공지사항,246,gva000009940001.jpg,jpg,,,listed,http://dkischool.org/upload/board/gva000009940001.jpg
47,공지사항,246,gva000013e80001(1).jpg,jpg,,,listed,http://dkischool.org/upload/board/gva000013e80001(1).jpg
47,공지사항,247,재외투표안내문.pdf,pdf,,,listed,http://dkischool.org/upload/board/재외투표안내문.pdf
47,공지사항,248,2016학년도학교회계세입세출결산(안)공개용.hwp,hwp,,,listed,http://dkischool.org/upload/board/2016학년도학교회계세입세출결산(안)공개용.hwp
47,공지사항,248,학운위안건2017#1#.4.19.hwp,hwp,,,listed,http://dkischool.org/upload/board/학운위안건2017#1#.4.19.hwp
47,공지사항,248,2016학년도세외(2017.2.28).xls,xls,,,listed,http://dkischool.org/upload/board/2016학년도세외(2017.2.28).xls
47,공지사항,248,2016학년도발전기금회계결산(안).xlsx,xlsx,,,listed,http://dkischool.org/upload/board/2016학년도발전기금회계결산(안).xlsx
47,공지사항,249,재외투포예비참관인공모.pdf,pdf,,,listed,http://dkischool.org/upload/board/재외투포예비참관인공모.pdf
47,공지사항,250,복사본18세비자안내문.xlsx,xlsx,,,listed,http://dkischool.org/upload/board/복사본18세비자안내문.xlsx
47,공지사항,251,안내.doc,doc,,,listed,http://dkischool.org/upload/board/안내.doc
47,공지사항,251,붙임1一행사내용.doc,doc,,,listed,http://dkischool.org/upload/board/붙임1一행사내용.doc
47,공지사항,251,붙임2-심사기준.doc,doc,,,listed,http://dkischool.org/upload/board/붙임2-심사기준.doc
47,공지사항,251,붙임3-신청서（양식）.doc,doc,,,listed,http://dkischool.org/upload/board/붙임3-신청서（양식）.doc
47,공지사항,252,투표차량안내.pdf,pdf,,,listed,http://dkischool.org/upload/board/투표차량안내.pdf
47,공지사항,253,버스매각입찰공고(1).hwp,hwp,,,listed,http://dkischool.org/upload/board/버스매각입찰공고(1).hwp
47,공지사항,254,2017학년도중등교사결원공고문(2).hwp,hwp,,,listed,http://dkischool.org/upload/board/2017학년도중등교사결원공고문(2).hwp
47,공지사항,255,회의록-5기10회공개용.hwp,hwp,,,listed,http://dkischool.org/upload/board/회의록-5기10회공개용.hwp
47,공지사항,255,운영위심의결과#6#.hwp,hwp,,,listed,http://dkischool.org/upload/board/운영위심의결과#6#.hwp
47,공지사항,256,2017학년도외국어말하기및UCC대회계획(안).hwp,hwp,,,listed,http://dkischool.org/upload/board/2017학년도외국어말하기및UCC대회계획(안).hwp
47,공지사항,257,2017학년도중등교사결원공고문(3).hwp,hwp,,,listed,http://dkischool.org/upload/board/2017학년도중등교사결원공고문(3).hwp
47,공지사항,258,2017-1학기12학년기말고사일정(1).hwp,hwp,,,listed,http://dkischool.org/upload/board/2017-1학기12학년기말고사일정(1).hwp
47,공지사항,259,2017학년도1학기기말고사시간표.hwp,hwp,,,listed,http://dkischool.org/upload/board/2017학년도1학기기말고사시간표.hwp
47,공지사항,261,17年_환경개선공사내역서(공고용).xlsx,xlsx,,,listed,http://dkischool.org/upload/board/17年_환경개선공사내역서(공고용).xlsx
47,공지사항,261,환경개선공사_시방서.hwp,hwp,,,listed,http://dkischool.org/upload/board/환경개선공사_시방서.hwp
47,공지사항,261,붙임서식.hwp,hwp,,,listed,http://dkischool.org/upload/board/붙임서식.hwp
47,공지사항,261,입찰공고문(대련한국국제학교환경개선공사)(3).hwp,hwp,,,listed,http://dkischool.org/upload/board/입찰공고문(대련한국국제학교환경개선공사)(3).hwp
47,공지사항,263,교수학습자료구매소액수의견적공고(공지용)[1].hwp,hwp,,,listed,http://dkischool.org/upload/board/교수학습자료구매소액수의견적공고(공지용)[1].hwp
47,공지사항,263,2017교수학습자료1차구입최종목록(2017.7.6).xlsx,xlsx,,,listed,http://dkischool.org/upload/board/2017교수학습자료1차구입최종목록(2017.7.6).xlsx
47,공지사항,264,2017졸업앨범제작·구매소액수의견적공고(공지용).hwp,hwp,,,listed,http://dkischool.org/upload/board/2017졸업앨범제작·구매소액수의견적공고(공지용).hwp
47,공지사항,265,2017학년도여름방학안내장(중고학생용)-최종.hwp,hwp,,,listed,http://dkischool.org/upload/board/2017학년도여름방학안내장(중고학생용)-최종.hwp
47,공지사항,266,2017학년도역사과수행평가책목록.hwp,hwp,,,listed,http://dkischool.org/upload/board/2017학년도역사과수행평가책목록.hwp
47,공지사항,267,2017학년도1학기방과후교육활동결산정보공시(1).hwp,hwp,,,listed,http://dkischool.org/upload/board/2017학년도1학기방과후교육활동결산정보공시(1).hwp
47,공지사항,268,2017매점입찰공고(게시).hwp,hwp,,,listed,http://dkischool.org/upload/board/2017매점입찰공고(게시).hwp
47,공지사항,269,20172학기전편입학교홈페이지게시용안내문.jpg,jpg,,,listed,http://dkischool.org/upload/board/20172학기전편입학교홈페이지게시용안내문.jpg
47,공지사항,270,2017매점입찰공고(재공고게시).hwp,hwp,,,listed,http://dkischool.org/upload/board/2017매점입찰공고(재공고게시).hwp
47,공지사항,271,교수학습자료구매소액수의견적재공고(공지용)[1].hwp,hwp,,,listed,http://dkischool.org/upload/board/교수학습자료구매소액수의견적재공고(공지용)[1].hwp
47,공지사항,271,2017교수학습자료1차구입최종목록(2017(1).7.6).xlsx,xlsx,,,listed,http://dkischool.org/upload/board/2017교수학습자료1차구입최종목록(2017(1).7.6).xlsx
47,공지사항,272,안전시설설치공사내역.xlsx,xlsx,,,listed,http://dkischool.org/upload/board/안전시설설치공사내역.xlsx
47,공지사항,272,입찰공고문(대련한국국제학교안전시설공사)(1).hwp,hwp,,,listed,http://dkischool.org/upload/board/입찰공고문(대련한국국제학교안전시설공사)(1).hwp
47,공지사항,273,2017학년도여름방학방과후교육활동결산정보공시.hwp,hwp,,,listed,http://dkischool.org/upload/board/2017학년도여름방학방과후교육활동결산정보공시.hwp
47,공지사항,274,2017학년도대련한국국제학교테마학습소액수의견적제출입찰공고(안).hwp,hwp,,,listed,http://dkischool.org/upload/board/2017학년도대련한국국제학교테마학습소액수의견적제출입찰공고(안).hwp
47,공지사항,274,2017년테마학습일정(대련한국학교)(1).hwp,hwp,,,listed,http://dkischool.org/upload/board/2017년테마학습일정(대련한국학교)(1).hwp
47,공지사항,275,2017학년도대련한국국제학교테마학습소액수의견적제출입찰재공고(안)9.11.hwp,hwp,,,listed,http://dkischool.org/upload/board/2017학년도대련한국국제학교테마학습소액수의견적제출입찰재공고(안)9.11.hwp
47,공지사항,276,대련한국국제학교교사초빙공고.pdf,pdf,,,listed,http://dkischool.org/upload/board/대련한국국제학교교사초빙공고.pdf
47,공지사항,276,2018학년도대련교원선발공고문(2017.10.10).hwp,hwp,,,listed,http://dkischool.org/upload/board/2018학년도대련교원선발공고문(2017.10.10).hwp
47,공지사항,277,gva000016900001.jpg,jpg,,,listed,http://dkischool.org/upload/board/gva000016900001.jpg
47,공지사항,277,gva000016900002.jpg,jpg,,,listed,http://dkischool.org/upload/board/gva000016900002.jpg
47,공지사항,278,2018학년도대련교원선발공고문-연장.hwp,hwp,,,listed,http://dkischool.org/upload/board/2018학년도대련교원선발공고문-연장.hwp
47,공지사항,278,2018학년도대련교원선발공고문-연장.doc,doc,,,listed,http://dkischool.org/upload/board/2018학년도대련교원선발공고문-연장.doc
47,공지사항,279,유치원임시휴원공고.hwp,hwp,,,listed,http://dkischool.org/upload/board/유치원임시휴원공고.hwp
47,공지사항,282,2018학년도대련교원초빙추가공고문(1).hwp,hwp,,,listed,http://dkischool.org/upload/board/2018학년도대련교원초빙추가공고문(1).hwp
47,공지사항,283,사서채용공고.hwp,hwp,,,listed,http://dkischool.org/upload/board/사서채용공고.hwp
47,공지사항,285,2018학년도대련교원추가선발공고문중등국어(1).hwp,hwp,,,listed,http://dkischool.org/upload/board/2018학년도대련교원추가선발공고문중등국어(1).hwp
47,공지사항,286,2018학년도대련교원추가선발공고문중등영어.hwp,hwp,,,listed,http://dkischool.org/upload/board/2018학년도대련교원추가선발공고문중등영어.hwp
47,공지사항,287,청탁금지안내.pdf,pdf,,,listed,http://dkischool.org/upload/board/청탁금지안내.pdf
47,공지사항,288,사서채용재공고.hwp,hwp,,,listed,http://dkischool.org/upload/board/사서채용재공고.hwp
47,공지사항,289,2017학년도2학기중등방과후교육활동결산정보공시_1.jpg,jpg,,,listed,http://dkischool.org/upload/board/2017학년도2학기중등방과후교육활동결산정보공시_1.jpg
47,공지사항,292,[붙임5]2017겨울방학안내장(유치원원아용)001_1.jpg,jpg,,,listed,http://dkischool.org/upload/board/[붙임5]2017겨울방학안내장(유치원원아용)001_1.jpg
47,공지사항,292,[붙임3]2017겨울방학안내장(초등학생용)001_1.jpg,jpg,,,listed,http://dkischool.org/upload/board/[붙임3]2017겨울방학안내장(초등학생용)001_1.jpg
47,공지사항,292,[붙임3]2017겨울방학안내장(초등학생용)002_1.jpg,jpg,,,listed,http://dkischool.org/upload/board/[붙임3]2017겨울방학안내장(초등학생용)002_1.jpg
47,공지사항,292,[붙임4]2017겨울방학안내장(중고학생용)001_1.jpg,jpg,,,listed,http://dkischool.org/upload/board/[붙임4]2017겨울방학안내장(중고학생용)001_1.jpg
47,공지사항,292,[붙임4]2017겨울방학안내장(중고학생용)002_1.jpg,jpg,,,listed,http://dkischool.org/upload/board/[붙임4]2017겨울방학안내장(중고학생용)002_1.jpg
47,공지사항,293,입찰공고문(정보화교육환경개선공사외).hwp,hwp,,,listed,http://dkischool.org/upload/board/입찰공고문(정보화교육환경개선공사외).hwp
47,공지사항,293,정보화교육환경개선산출내역서.xls,xls,,,listed,http://dkischool.org/upload/board/정보화교육환경개선산출내역서.xls
47,공지사항,294,정보화교육환경개선및교사용PC교체입찰공고.hwp,hwp,,,listed,http://dkischool.org/upload/board/정보화교육환경개선및교사용PC교체입찰공고.hwp
47,공지사항,294,붙임1(입찰보증금_납부이행_지급각서).hwp,hwp,,,listed,http://dkischool.org/upload/board/붙임1(입찰보증금_납부이행_지급각서).hwp
47,공지사항,294,붙임2(청렴계약_이행_서약서).hwp,hwp,,,listed,http://dkischool.org/upload/board/붙임2(청렴계약_이행_서약서).hwp
47,공지사항,296,대련한국학교행정실행정직원채용공고.hwp,hwp,,,listed,http://dkischool.org/upload/board/대련한국학교행정실행정직원채용공고.hwp
47,공지사항,297,대련한국국제학교일용직영양사모집공고.hwp,hwp,,,listed,http://dkischool.org/upload/board/대련한국국제학교일용직영양사모집공고.hwp
47,공지사항,298,2017학년도겨울방학중등방과후교육활동결산정보공시_1.jpg,jpg,,,listed,http://dkischool.org/upload/board/2017학년도겨울방학중등방과후교육활동결산정보공시_1.jpg
47,공지사항,299,2017학년도졸업앨범최종정산보고.pdf,pdf,,,listed,http://dkischool.org/upload/board/2017학년도졸업앨범최종정산보고.pdf
47,공지사항,300,대련한국국제학교행정실장초빙공고.hwp,hwp,,,listed,http://dkischool.org/upload/board/대련한국국제학교행정실장초빙공고.hwp
47,공지사항,301,대련한글학교18-012018학년도한글학교모집공고.hwp,hwp,,,listed,http://dkischool.org/upload/board/대련한글학교18-012018학년도한글학교모집공고.hwp
47,공지사항,302,학교운영위원회학부모위원선출공고(1).hwp,hwp,,,listed,http://dkischool.org/upload/board/학교운영위원회학부모위원선출공고(1).hwp
47,공지사항,302,운영위원입후보등록신청서.hwp,hwp,,,listed,http://dkischool.org/upload/board/운영위원입후보등록신청서.hwp
47,공지사항,303,2017학년도초등부겨울방학방과후교육활동정산보고.hwp,hwp,,,listed,http://dkischool.org/upload/board/2017학년도초등부겨울방학방과후교육활동정산보고.hwp
47,공지사항,304,대련한국국제학교영양사초빙공고.hwp,hwp,,,listed,http://dkischool.org/upload/board/대련한국국제학교영양사초빙공고.hwp
47,공지사항,305,학교운영위원회안건#4#.hwp,hwp,,,listed,http://dkischool.org/upload/board/학교운영위원회안건#4#.hwp
47,공지사항,305,학교운영위원회안건001_1.jpg,jpg,,,listed,http://dkischool.org/upload/board/학교운영위원회안건001_1.jpg
47,공지사항,305,학교운영위원회안건002_1.jpg,jpg,,,listed,http://dkischool.org/upload/board/학교운영위원회안건002_1.jpg
47,공지사항,305,학교운영위원회안건003_1.jpg,jpg,,,listed,http://dkischool.org/upload/board/학교운영위원회안건003_1.jpg
47,공지사항,305,학교운영위원회안건004_1.jpg,jpg,,,listed,http://dkischool.org/upload/board/학교운영위원회안건004_1.jpg
47,공지사항,305,학교운영위원회안건005_1.jpg,jpg,,,listed,http://dkischool.org/upload/board/학교운영위원회안건005_1.jpg
47,공지사항,305,학교운영위원회안건006_1.jpg,jpg,,,listed,http://dkischool.org/upload/board/학교운영위원회안건006_1.jpg
47,공지사항,305,학교운영위원회안건007_1.jpg,jpg,,,listed,http://dkischool.org/upload/board/학교운영위원회안건007_1.jpg
47,공지사항,305,학교운영위원회안건008_1.jpg,jpg,,,listed,http://dkischool.org/upload/board/학교운영위원회안건008_1.jpg
47,공지사항,305,학교운영위원회안건011_2.jpg,jpg,,,listed,http://dkischool.org/upload/board/학교운영위원회안건011_2.jpg
47,공지사항,305,학교운영위원회안건012_1.jpg,jpg,,,listed,http://dkischool.org/upload/board/학교운영위원회안건012_1.jpg
47,공지사항,305,학교운영위원회안건026_1.jpg,jpg,,,listed,http://dkischool.org/upload/board/학교운영위원회안건026_1.jpg
47,공지사항,305,학교운영위원회안건009_2.jpg,jpg,,,listed,http://dkischool.org/upload/board/학교운영위원회안건009_2.jpg
47,공지사항,305,학교운영위원회안건010_2.jpg,jpg,,,listed,http://dkischool.org/upload/board/학교운영위원회안건010_2.jpg
47,공지사항,306,학부모위원당선자공고#1#.hwp,hwp,,,listed,http://dkischool.org/upload/board/학부모위원당선자공고#1#.hwp
47,공지사항,306,학부모위원당선자공고001_1.jpg,jpg,,,listed,http://dkischool.org/upload/board/학부모위원당선자공고001_1.jpg
47,공지사항,307,2017학년도예산(안)(2).xlsx,xlsx,,,listed,http://dkischool.org/upload/board/2017학년도예산(안)(2).xlsx
47,공지사항,307,2017학년도추경예산(안)(6).xlsx,xlsx,,,listed,http://dkischool.org/upload/board/2017학년도추경예산(안)(6).xlsx
47,공지사항,307,2017학년도2차추경예산(안)(1).xlsx,xlsx,,,listed,http://dkischool.org/upload/board/2017학년도2차추경예산(안)(1).xlsx
47,공지사항,308,2018학년도예산(안)(13).xlsx,xlsx,,,listed,http://dkischool.org/upload/board/2018학년도예산(안)(13).xlsx
47,공지사항,309,급식_정산2018(1).3.20.xlsx,xlsx,,,listed,http://dkischool.org/upload/board/급식_정산2018(1).3.20.xlsx
47,공지사항,310,제37회스승의날포상계획.hwp,hwp,,,listed,http://dkischool.org/upload/board/제37회스승의날포상계획.hwp
47,공지사항,311,대련한국국제학교영양사초빙재공고.hwp,hwp,,,listed,http://dkischool.org/upload/board/대련한국국제학교영양사초빙재공고.hwp
47,공지사항,313,2018대련한국국제학교규정집_3.21.hwp,hwp,,,listed,http://dkischool.org/upload/board/2018대련한국국제학교규정집_3.21.hwp
47,공지사항,314,운동장시설개선입찰공고문.hwp,hwp,,,listed,http://dkischool.org/upload/board/운동장시설개선입찰공고문.hwp
47,공지사항,314,대련한국국제학교_평면도_FINAL-복사.pdf,pdf,,,listed,http://dkischool.org/upload/board/대련한국국제학교_평면도_FINAL-복사.pdf
47,공지사항,314,운동장시설개선입찰공고문.docx,docx,,,listed,http://dkischool.org/upload/board/운동장시설개선입찰공고문.docx
47,공지사항,314,입찰내역서_180507.xlsx,xlsx,,,listed,http://dkischool.org/upload/board/입찰내역서_180507.xlsx
47,공지사항,314,mmexport1525488581256_1.jpg,jpg,,,listed,http://dkischool.org/upload/board/mmexport1525488581256_1.jpg
47,공지사항,314,mmexport1525488593839_1.jpg,jpg,,,listed,http://dkischool.org/upload/board/mmexport1525488593839_1.jpg
47,공지사항,314,mmexport1525488598789_1.jpg,jpg,,,listed,http://dkischool.org/upload/board/mmexport1525488598789_1.jpg
47,공지사항,315,대련한국국제학교영양사초빙재공고5.11.hwp,hwp,,,listed,http://dkischool.org/upload/board/대련한국국제학교영양사초빙재공고5.11.hwp
47,공지사항,315,대련한국국제학교영양사초빙재공고5.11.pdf,pdf,,,listed,http://dkischool.org/upload/board/대련한국국제학교영양사초빙재공고5.11.pdf
47,공지사항,317,대련한국국제학교영양사초빙재공고5.29.docx,docx,,,listed,http://dkischool.org/upload/board/대련한국국제학교영양사초빙재공고5.29.docx
47,공지사항,317,대련한국국제학교영양사초빙재공고5.29.hwp,hwp,,,listed,http://dkischool.org/upload/board/대련한국국제학교영양사초빙재공고5.29.hwp
47,공지사항,318,scan1_4.jpg,jpg,,,listed,http://dkischool.org/upload/board/scan1_4.jpg
47,공지사항,318,scan2_3.jpg,jpg,,,listed,http://dkischool.org/upload/board/scan2_3.jpg
47,공지사항,318,열린음악회_1.jpg,jpg,,,listed,http://dkischool.org/upload/board/열린음악회_1.jpg
47,공지사항,319,2017학년도학교회계세입세출결산(안)공개용.hwp,hwp,,,listed,http://dkischool.org/upload/board/2017학년도학교회계세입세출결산(안)공개용.hwp
47,공지사항,319,2017학년도학교회계세입세출결산(안)공개용.docx,docx,,,listed,http://dkischool.org/upload/board/2017학년도학교회계세입세출결산(안)공개용.docx
47,공지사항,321,2018졸업앨범제작소액수의견적공고(홈페이지)(1).hwp,hwp,,,listed,http://dkischool.org/upload/board/2018졸업앨범제작소액수의견적공고(홈페이지)(1).hwp
47,공지사항,322,2018졸업앨범제작소액수의견적재공고(홈페이지)(1).hwp,hwp,,,listed,http://dkischool.org/upload/board/2018졸업앨범제작소액수의견적재공고(홈페이지)(1).hwp
47,공지사항,323,2018매점입찰공고(게시).hwp,hwp,,,listed,http://dkischool.org/upload/board/2018매점입찰공고(게시).hwp
47,공지사항,325,대련한국국제학교영어시간강사채용공고-중등영어(1).hwp,hwp,,,listed,http://dkischool.org/upload/board/대련한국국제학교영어시간강사채용공고-중등영어(1).hwp
47,공지사항,327,수업계획안홈페이지게시용(1).hwp,hwp,,,listed,http://dkischool.org/upload/board/수업계획안홈페이지게시용(1).hwp
47,공지사항,328,2018매점입찰재공고(게시).hwp,hwp,,,listed,http://dkischool.org/upload/board/2018매점입찰재공고(게시).hwp
47,공지사항,329,대련한국국제학교영양사초빙재공고7(1).19.hwp,hwp,,,listed,http://dkischool.org/upload/board/대련한국국제학교영양사초빙재공고7(1).19.hwp
47,공지사항,330,2018학년도1학기중등방과후교육활동결산정보공시_1_1.jpg,jpg,,,listed,http://dkischool.org/upload/board/2018학년도1학기중등방과후교육활동결산정보공시_1_1.jpg
47,공지사항,330,2018학년도1학기중등방과후교육활동결산정보공시_2_1.jpg,jpg,,,listed,http://dkischool.org/upload/board/2018학년도1학기중등방과후교육활동결산정보공시_2_1.jpg
47,공지사항,331,2018학년도1학기방과후교육활동정산001_1.jpg,jpg,,,listed,http://dkischool.org/upload/board/2018학년도1학기방과후교육활동정산001_1.jpg
47,공지사항,332,미술감상보고서(방학숙제)(1).hwp,hwp,,,listed,http://dkischool.org/upload/board/미술감상보고서(방학숙제)(1).hwp
47,공지사항,333,[붙임]제12회전국중고등학교역사UCC경연대회포스터(2018).pdf,pdf,,,listed,http://dkischool.org/upload/board/[붙임]제12회전국중고등학교역사UCC경연대회포스터(2018).pdf
47,공지사항,334,대련한국국제학교영어시간강사채용재공고-중등영어(2).hwp,hwp,,,listed,http://dkischool.org/upload/board/대련한국국제학교영어시간강사채용재공고-중등영어(2).hwp
47,공지사항,335,2018학년도여름방학중등방과후교육활동결산정보공시.bmp,bmp,,,listed,http://dkischool.org/upload/board/2018학년도여름방학중등방과후교육활동결산정보공시.bmp
47,공지사항,336,소집공고문(6기3회-2018(2).9.10.).hwp,hwp,,,listed,http://dkischool.org/upload/board/소집공고문(6기3회-2018(2).9.10.).hwp
47,공지사항,337,원어민복무규정개정_2018(1).09.10.hwp,hwp,,,listed,http://dkischool.org/upload/board/원어민복무규정개정_2018(1).09.10.hwp
47,공지사항,339,학칙개정내용002.bmp,bmp,,,listed,http://dkischool.org/upload/board/학칙개정내용002.bmp
47,공지사항,340,회의록-6기3회(홈페이지공개용).hwp,hwp,,,listed,http://dkischool.org/upload/board/회의록-6기3회(홈페이지공개용).hwp
47,공지사항,340,2018-3회운영위심의결과.hwp,hwp,,,listed,http://dkischool.org/upload/board/2018-3회운영위심의결과.hwp
47,공지사항,341,2018대련한국국제학교규정집_9(1).10.hwp,hwp,,,listed,http://dkischool.org/upload/board/2018대련한국국제학교규정집_9(1).10.hwp
47,공지사항,342,소집공고문(6기4회-2018(1).10.8.).hwp,hwp,,,listed,http://dkischool.org/upload/board/소집공고문(6기4회-2018(1).10.8.).hwp
47,공지사항,344,(홈페이지)2019학년도대련교원선발공고문.hwp,hwp,,,listed,http://dkischool.org/upload/board/(홈페이지)2019학년도대련교원선발공고문.hwp
47,공지사항,344,(홈페이지)2019학년도대련교원선발공고문.pdf,pdf,,,listed,http://dkischool.org/upload/board/(홈페이지)2019학년도대련교원선발공고문.pdf
47,공지사항,345,6기4회(2018(1).10.8.)심의결과.hwp,hwp,,,listed,http://dkischool.org/upload/board/6기4회(2018(1).10.8.)심의결과.hwp
47,공지사항,345,회의록-6기4회(홈페이지)(1).hwp,hwp,,,listed,http://dkischool.org/upload/board/회의록-6기4회(홈페이지)(1).hwp
47,공지사항,346,DKIS인턴십참가업체모집공고.pdf,pdf,,,listed,http://dkischool.org/upload/board/DKIS인턴십참가업체모집공고.pdf
47,공지사항,346,DKIS인턴십운영계획.pdf,pdf,,,listed,http://dkischool.org/upload/board/DKIS인턴십운영계획.pdf
47,공지사항,346,DKIS인턴십참가(업체)신청서.hwp,hwp,,,listed,http://dkischool.org/upload/board/DKIS인턴십참가(업체)신청서.hwp
47,공지사항,347,2019학년도학교교육계획수립을위한설문조사.hwp,hwp,,,listed,http://dkischool.org/upload/board/2019학년도학교교육계획수립을위한설문조사.hwp
47,공지사항,348,소집공고문(6기5회-2018(1).12.05.).hwp,hwp,,,listed,http://dkischool.org/upload/board/소집공고문(6기5회-2018(1).12.05.).hwp
47,공지사항,349,2019대련한국국제학교초빙교사추가공고_20181130.hwp,hwp,,,listed,http://dkischool.org/upload/board/2019대련한국국제학교초빙교사추가공고_20181130.hwp
47,공지사항,349,2019대련한국국제학교초빙교사추가공고_20181130.pdf,pdf,,,listed,http://dkischool.org/upload/board/2019대련한국국제학교초빙교사추가공고_20181130.pdf
47,공지사항,350,소집공고문(6기5회-2018.12.05.)-안건추가.hwp,hwp,,,listed,http://dkischool.org/upload/board/소집공고문(6기5회-2018.12.05.)-안건추가.hwp
47,공지사항,352,제6기학교운영위원회심의결과#1#.pdf,pdf,,,listed,http://dkischool.org/upload/board/제6기학교운영위원회심의결과#1#.pdf
47,공지사항,352,회의록-6기5회(홈페이지공개)(1).pdf,pdf,,,listed,http://dkischool.org/upload/board/회의록-6기5회(홈페이지공개)(1).pdf
47,공지사항,353,소집공고(6기6회-2018.12.27.).hwp,hwp,,,listed,http://dkischool.org/upload/board/소집공고(6기6회-2018.12.27.).hwp
47,공지사항,355,2019학년도1학기전(편)입고사및학부모안내.hwp,hwp,,,listed,http://dkischool.org/upload/board/2019학년도1학기전(편)입고사및학부모안내.hwp
47,공지사항,355,2019학년도1학기전(편)입고사및학부모안내.pdf,pdf,,,listed,http://dkischool.org/upload/board/2019학년도1학기전(편)입고사및학부모안내.pdf
47,공지사항,356,2018학년도졸업앨범최종정산보고.pdf,pdf,,,listed,http://dkischool.org/upload/board/2018학년도졸업앨범최종정산보고.pdf
47,공지사항,357,2019학교교육계획수립을위한설문결과보고.hwp,hwp,,,listed,http://dkischool.org/upload/board/2019학교교육계획수립을위한설문결과보고.hwp
47,공지사항,359,제6기6회학교운영위원회심의결과#1#.pdf,pdf,,,listed,http://dkischool.org/upload/board/제6기6회학교운영위원회심의결과#1#.pdf
47,공지사항,359,회의록-6기6회(홈페이지공개용)(1).pdf,pdf,,,listed,http://dkischool.org/upload/board/회의록-6기6회(홈페이지공개용)(1).pdf
47,공지사항,360,2018대련한국국제학교규정집_2019.1.4.hwp,hwp,,,listed,http://dkischool.org/upload/board/2018대련한국국제학교규정집_2019.1.4.hwp
47,공지사항,362,7학년-10학년교재샘플.hwp,hwp,,,listed,http://dkischool.org/upload/board/7학년-10학년교재샘플.hwp
47,공지사항,364,2019학년도예산서(2019.1.29).xlsx,xlsx,,,listed,http://dkischool.org/upload/board/2019학년도예산서(2019.1.29).xlsx
47,공지사항,365,2018학년도추경예산서(2019.1.29).xlsx,xlsx,,,listed,http://dkischool.org/upload/board/2018학년도추경예산서(2019.1.29).xlsx
47,공지사항,366,2018학년도여름및겨울텝스집중과정교육활동결산002_1.jpg,jpg,,,listed,http://dkischool.org/upload/board/2018학년도여름및겨울텝스집중과정교육활동결산002_1.jpg
47,공지사항,367,2018학년도여름방학중등방과후교육활동결산정보공시수정안001.bmp,bmp,,,listed,http://dkischool.org/upload/board/2018학년도여름방학중등방과후교육활동결산정보공시수정안001.bmp
47,공지사항,367,2018학년도여름방학중등방과후교육활동결산정보공시수정안002.bmp,bmp,,,listed,http://dkischool.org/upload/board/2018학년도여름방학중등방과후교육활동결산정보공시수정안002.bmp
47,공지사항,368,2018학년도겨울방학중등방과후교육활동정산보고001.bmp,bmp,,,listed,http://dkischool.org/upload/board/2018학년도겨울방학중등방과후교육활동정산보고001.bmp
47,공지사항,369,2018학년도겨울방학방과후교육활동정산보고001_1.jpg,jpg,,,listed,http://dkischool.org/upload/board/2018학년도겨울방학방과후교육활동정산보고001_1.jpg
47,공지사항,370,공고문(2019(1).3.5)-수정.pdf,pdf,,,listed,http://dkischool.org/upload/board/공고문(2019(1).3.5)-수정.pdf
47,공지사항,371,제6기7회학교운영위원회심의결과#1#.hwp,hwp,,,listed,http://dkischool.org/upload/board/제6기7회학교운영위원회심의결과#1#.hwp
47,공지사항,371,회의록-6기7회(홈페이지).pdf,pdf,,,listed,http://dkischool.org/upload/board/회의록-6기7회(홈페이지).pdf
47,공지사항,371,제6기7회학교운영위원회심의결과.pdf,pdf,,,listed,http://dkischool.org/upload/board/제6기7회학교운영위원회심의결과.pdf
47,공지사항,372,20190313_103744_0001_1.jpg,jpg,,,listed,http://dkischool.org/upload/board/20190313_103744_0001_1.jpg
47,공지사항,373,"교육과정(중,고)(1)(1).pdf",pdf,,,listed,"http://dkischool.org/upload/board/교육과정(중,고)(1)(1).pdf"
47,공지사항,374,초중등학사일정(1).pdf,pdf,,,listed,http://dkischool.org/upload/board/초중등학사일정(1).pdf
47,공지사항,382,수상계획001_1.jpg,jpg,,,listed,http://dkischool.org/upload/board/수상계획001_1.jpg
47,공지사항,382,수상계획002_1.jpg,jpg,,,listed,http://dkischool.org/upload/board/수상계획002_1.jpg
47,공지사항,382,수상계획003_1.jpg,jpg,,,listed,http://dkischool.org/upload/board/수상계획003_1.jpg
47,공지사항,383,제6기8회학교운영위원회심의결과#1#.hwp,hwp,,,listed,http://dkischool.org/upload/board/제6기8회학교운영위원회심의결과#1#.hwp
47,공지사항,383,회의록.pdf,pdf,,,listed,http://dkischool.org/upload/board/회의록.pdf
47,공지사항,384,2019대련한국국제학교도서관신청도서목록.xlsx,xlsx,,,listed,http://dkischool.org/upload/board/2019대련한국국제학교도서관신청도서목록.xlsx
47,공지사항,385,2018학년도대련한국국제학교회계결산(최종).hwp,hwp,,,listed,http://dkischool.org/upload/board/2018학년도대련한국국제학교회계결산(최종).hwp
47,공지사항,385,2018학년도대련한국국제학교회계결산(최종).pdf,pdf,,,listed,http://dkischool.org/upload/board/2018학년도대련한국국제학교회계결산(최종).pdf
47,공지사항,386,2019.05.01도서목록-홈페이지.xls,xls,,,listed,http://dkischool.org/upload/board/2019.05.01도서목록-홈페이지.xls
47,공지사항,387,테마학습정산보고001_1.jpg,jpg,,,listed,http://dkischool.org/upload/board/테마학습정산보고001_1.jpg
47,공지사항,388,2019행정실장초빙공고안내.hwp,hwp,,,listed,http://dkischool.org/upload/board/2019행정실장초빙공고안내.hwp
47,공지사항,388,2019행정실장초빙공고안내.pdf,pdf,,,listed,http://dkischool.org/upload/board/2019행정실장초빙공고안내.pdf
47,공지사항,389,2019졸업앨범제작수의계약공고_2019.6.4.hwp,hwp,,,listed,http://dkischool.org/upload/board/2019졸업앨범제작수의계약공고_2019.6.4.hwp
47,공지사항,389,2019졸업앨범제작수의계약공고_2019.6.4.pdf,pdf,,,listed,http://dkischool.org/upload/board/2019졸업앨범제작수의계약공고_2019.6.4.pdf
47,공지사항,390,초등영어시간강사채용수정공고.hwp,hwp,,,listed,http://dkischool.org/upload/board/초등영어시간강사채용수정공고.hwp
47,공지사항,390,초등영어시간강사채용수정공고.pdf,pdf,,,listed,http://dkischool.org/upload/board/초등영어시간강사채용수정공고.pdf
47,공지사항,391,2019졸업앨범제작을위한수의계약재공고.hwp,hwp,,,listed,http://dkischool.org/upload/board/2019졸업앨범제작을위한수의계약재공고.hwp
47,공지사항,391,2019졸업앨범제작을위한수의계약재공고.pdf,pdf,,,listed,http://dkischool.org/upload/board/2019졸업앨범제작을위한수의계약재공고.pdf
47,공지사항,392,2019.06.10도서총목록.xls,xls,,,listed,http://dkischool.org/upload/board/2019.06.10도서총목록.xls
47,공지사항,393,공고문(2019.6.18).pdf,pdf,,,listed,http://dkischool.org/upload/board/공고문(2019.6.18).pdf
47,공지사항,394,2019초등기간제영어교사선발계획및공고.pdf,pdf,,,listed,http://dkischool.org/upload/board/2019초등기간제영어교사선발계획및공고.pdf
47,공지사항,394,2019초등기간제영어교사선발계획및공고.hwp,hwp,,,listed,http://dkischool.org/upload/board/2019초등기간제영어교사선발계획및공고.hwp
47,공지사항,395,2019학년도1학기방과후수업정산보고1_1.jpg,jpg,,,listed,http://dkischool.org/upload/board/2019학년도1학기방과후수업정산보고1_1.jpg
47,공지사항,398,2019학년도2학기전(편)입고사안내.hwp,hwp,,,listed,http://dkischool.org/upload/board/2019학년도2학기전(편)입고사안내.hwp
47,공지사항,398,2019학년도2학기전(편)입고사안내.pdf,pdf,,,listed,http://dkischool.org/upload/board/2019학년도2학기전(편)입고사안내.pdf
47,공지사항,399,제6기9회학교운영위원회회의록.pdf,pdf,,,listed,http://dkischool.org/upload/board/제6기9회학교운영위원회회의록.pdf
47,공지사항,400,대한민국인재상선발공고.pdf,pdf,,,listed,http://dkischool.org/upload/board/대한민국인재상선발공고.pdf
47,공지사항,401,1학기방과후정산보고(2).pdf,pdf,,,listed,http://dkischool.org/upload/board/1학기방과후정산보고(2).pdf
47,공지사항,402,여름방학방과후정산보고_3.jpg,jpg,,,listed,http://dkischool.org/upload/board/여름방학방과후정산보고_3.jpg
47,공지사항,404,10회회의록(홈페이지)(1).hwp,hwp,,,listed,http://dkischool.org/upload/board/10회회의록(홈페이지)(1).hwp
47,공지사항,405,2019학년도대련한국국제학교테마학습소액수의견적제출공고(1).hwp,hwp,,,listed,http://dkischool.org/upload/board/2019학년도대련한국국제학교테마학습소액수의견적제출공고(1).hwp
47,공지사항,405,"8,10학년테마학습일정표(1).hwp",hwp,,,listed,"http://dkischool.org/upload/board/8,10학년테마학습일정표(1).hwp"
47,공지사항,406,파견교사공고문.hwp,hwp,,,listed,http://dkischool.org/upload/board/파견교사공고문.hwp
47,공지사항,407,2019학년도대련한국국제학교테마학습소액수의견적제출공고(2).hwp,hwp,,,listed,http://dkischool.org/upload/board/2019학년도대련한국국제학교테마학습소액수의견적제출공고(2).hwp
47,공지사항,408,2019학년도대련한국국제학교테마학습소액수의견적제출재공고.hwp,hwp,,,listed,http://dkischool.org/upload/board/2019학년도대련한국국제학교테마학습소액수의견적제출재공고.hwp
47,공지사항,408,"8,10학년테마학습일정표(2).hwp",hwp,,,listed,"http://dkischool.org/upload/board/8,10학년테마학습일정표(2).hwp"
47,공지사항,410,(고등)검인정신간본목록.xlsx,xlsx,,,listed,http://dkischool.org/upload/board/(고등)검인정신간본목록.xlsx
47,공지사항,410,(중등)검인정신간본목록.xlsx,xlsx,,,listed,http://dkischool.org/upload/board/(중등)검인정신간본목록.xlsx
47,공지사항,411,2020학년도대련한국국제학교초등초빙교원선발공고문.hwp,hwp,,,listed,http://dkischool.org/upload/board/2020학년도대련한국국제학교초등초빙교원선발공고문.hwp
47,공지사항,412,11회회의록(홈페이지)(1).hwp,hwp,,,listed,http://dkischool.org/upload/board/11회회의록(홈페이지)(1).hwp
47,공지사항,413,2019나비제포스터-1_1.jpg,jpg,,,listed,http://dkischool.org/upload/board/2019나비제포스터-1_1.jpg
47,공지사항,414,나비제뒷면(내빈용)_1.jpg,jpg,,,listed,http://dkischool.org/upload/board/나비제뒷면(내빈용)_1.jpg
47,공지사항,414,나비제앞면(내빈용)_1.jpg,jpg,,,listed,http://dkischool.org/upload/board/나비제앞면(내빈용)_1.jpg
47,공지사항,415,2020학년도대련한국국제학교초등초빙교원선발추가모집공고문.hwp,hwp,,,listed,http://dkischool.org/upload/board/2020학년도대련한국국제학교초등초빙교원선발추가모집공고문.hwp
47,공지사항,416,저소득층방과후교육활동지원신청서.hwp,hwp,,,listed,http://dkischool.org/upload/board/저소득층방과후교육활동지원신청서.hwp
47,공지사항,417,대련한국학교보건직원채용공고문.hwp,hwp,,,listed,http://dkischool.org/upload/board/대련한국학교보건직원채용공고문.hwp
47,공지사항,419,개인정보수집이용동의서.hwp,hwp,,,listed,http://dkischool.org/upload/board/개인정보수집이용동의서.hwp
47,공지사항,419,학부모회임원입후보자등록서(1).hwp,hwp,,,listed,http://dkischool.org/upload/board/학부모회임원입후보자등록서(1).hwp
47,공지사항,420,noname01_1.jpg,jpg,,,listed,http://dkischool.org/upload/board/noname01_1.jpg
47,공지사항,421,2020년3월대련한국국제학교파견교사추가모집공고.hwp,hwp,,,listed,http://dkischool.org/upload/board/2020년3월대련한국국제학교파견교사추가모집공고.hwp
47,공지사항,422,대련한국학교보건직원채용재공고문.hwp,hwp,,,listed,http://dkischool.org/upload/board/대련한국학교보건직원채용재공고문.hwp
47,공지사항,423,대련한국학교보건직원채용재공고문(1).hwp,hwp,,,listed,http://dkischool.org/upload/board/대련한국학교보건직원채용재공고문(1).hwp
47,공지사항,424,2학기방과후교육활동강좌별정산내역.pdf,pdf,,,listed,http://dkischool.org/upload/board/2학기방과후교육활동강좌별정산내역.pdf
47,공지사항,425,2019학년도중등여름방학방과후교육활동정산보고.pdf,pdf,,,listed,http://dkischool.org/upload/board/2019학년도중등여름방학방과후교육활동정산보고.pdf
47,공지사항,426,2019학년도중등2학기방과후교육활동정산보고.pdf,pdf,,,listed,http://dkischool.org/upload/board/2019학년도중등2학기방과후교육활동정산보고.pdf
47,공지사항,427,2019학년도졸업앨범최종정산보고.pdf,pdf,,,listed,http://dkischool.org/upload/board/2019학년도졸업앨범최종정산보고.pdf
47,공지사항,430,새파일2020-01-2211.32.52_1_1.jpg,jpg,,,listed,http://dkischool.org/upload/board/새파일2020-01-2211.32.52_1_1.jpg
47,공지사항,431,200120_신종코로나바이러스_감염증_관계차관회의보도자료(1)(3).hwp,hwp,,,listed,http://dkischool.org/upload/board/200120_신종코로나바이러스_감염증_관계차관회의보도자료(1)(3).hwp
47,공지사항,431,[1.20.보도참고자료]_신종_코로나바이러스감염증_국내_첫_확진자_발생(3).hwp,hwp,,,listed,http://dkischool.org/upload/board/[1.20.보도참고자료]_신종_코로나바이러스감염증_국내_첫_확진자_발생(3).hwp
47,공지사항,431,감염병예방홍보자료(1).pdf,pdf,,,listed,http://dkischool.org/upload/board/감염병예방홍보자료(1).pdf
47,공지사항,431,200120_신종코로나바이러스_감염증_관계차관회의보도자료(1)(3)001_1.jpg,jpg,,,listed,http://dkischool.org/upload/board/200120_신종코로나바이러스_감염증_관계차관회의보도자료(1)(3)001_1.jpg
47,공지사항,431,200120_신종코로나바이러스_감염증_관계차관회의보도자료(1)(3)002_1.jpg,jpg,,,listed,http://dkischool.org/upload/board/200120_신종코로나바이러스_감염증_관계차관회의보도자료(1)(3)002_1.jpg
47,공지사항,431,200120_신종코로나바이러스_감염증_관계차관회의보도자료(1)(3)003_1.jpg,jpg,,,listed,http://dkischool.org/upload/board/200120_신종코로나바이러스_감염증_관계차관회의보도자료(1)(3)003_1.jpg
47,공지사항,431,[1.20.보도참고자료]_신종_코로나바이러스감염증_국내_첫_확진자_발생(3)001_1.jpg,jpg,,,listed,http://dkischool.org/upload/board/[1.20.보도참고자료]_신종_코로나바이러스감염증_국내_첫_확진자_발생(3)001_1.jpg
47,공지사항,431,[1.20.보도참고자료]_신종_코로나바이러스감염증_국내_첫_확진자_발생(3)002_1.jpg,jpg,,,listed,http://dkischool.org/upload/board/[1.20.보도참고자료]_신종_코로나바이러스감염증_국내_첫_확진자_발생(3)002_1.jpg
47,공지사항,431,[1.20.보도참고자료]_신종_코로나바이러스감염증_국내_첫_확진자_발생(3)003_1.jpg,jpg,,,listed,http://dkischool.org/upload/board/[1.20.보도참고자료]_신종_코로나바이러스감염증_국내_첫_확진자_발생(3)003_1.jpg
47,공지사항,431,[1.20.보도참고자료]_신종_코로나바이러스감염증_국내_첫_확진자_발생(3)004_1.jpg,jpg,,,listed,http://dkischool.org/upload/board/[1.20.보도참고자료]_신종_코로나바이러스감염증_국내_첫_확진자_발생(3)004_1.jpg
47,공지사항,431,[1.20.보도참고자료]_신종_코로나바이러스감염증_국내_첫_확진자_발생(3)005_1.jpg,jpg,,,listed,http://dkischool.org/upload/board/[1.20.보도참고자료]_신종_코로나바이러스감염증_국내_첫_확진자_발생(3)005_1.jpg
47,공지사항,431,[1.20.보도참고자료]_신종_코로나바이러스감염증_국내_첫_확진자_발생(3)006_1.jpg,jpg,,,listed,http://dkischool.org/upload/board/[1.20.보도참고자료]_신종_코로나바이러스감염증_국내_첫_확진자_발생(3)006_1.jpg
47,공지사항,431,[1.20.보도참고자료]_신종_코로나바이러스감염증_국내_첫_확진자_발생(3)007_1.jpg,jpg,,,listed,http://dkischool.org/upload/board/[1.20.보도참고자료]_신종_코로나바이러스감염증_국내_첫_확진자_발생(3)007_1.jpg
47,공지사항,431,[1.20.보도참고자료]_신종_코로나바이러스감염증_국내_첫_확진자_발생(3)008_1.jpg,jpg,,,listed,http://dkischool.org/upload/board/[1.20.보도참고자료]_신종_코로나바이러스감염증_국내_첫_확진자_발생(3)008_1.jpg
47,공지사항,431,[1.20.보도참고자료]_신종_코로나바이러스감염증_국내_첫_확진자_발생(3)009_1.jpg,jpg,,,listed,http://dkischool.org/upload/board/[1.20.보도참고자료]_신종_코로나바이러스감염증_국내_첫_확진자_발생(3)009_1.jpg
47,공지사항,431,[1.20.보도참고자료]_신종_코로나바이러스감염증_국내_첫_확진자_발생(3)010_1.jpg,jpg,,,listed,http://dkischool.org/upload/board/[1.20.보도참고자료]_신종_코로나바이러스감염증_국내_첫_확진자_발생(3)010_1.jpg
47,공지사항,431,[1.20.보도참고자료]_신종_코로나바이러스감염증_국내_첫_확진자_발생(3)011_1.jpg,jpg,,,listed,http://dkischool.org/upload/board/[1.20.보도참고자료]_신종_코로나바이러스감염증_국내_첫_확진자_발생(3)011_1.jpg
47,공지사항,432,공지001_1.jpg,jpg,,,listed,http://dkischool.org/upload/board/공지001_1.jpg
47,공지사항,432,공지002_1.jpg,jpg,,,listed,http://dkischool.org/upload/board/공지002_1.jpg
47,공지사항,432,공지003_1.jpg,jpg,,,listed,http://dkischool.org/upload/board/공지003_1.jpg
47,공지사항,432,공지004_1.jpg,jpg,,,listed,http://dkischool.org/upload/board/공지004_1.jpg
47,공지사항,433,병원리스트.jpg,jpg,,,listed,http://dkischool.org/upload/board/병원리스트.jpg
47,공지사항,436,[1.28.보도참고자료]지역사회확산방지위해총력대응.pdf_page_01_3.jpg,jpg,,,listed,http://dkischool.org/upload/board/[1.28.보도참고자료]지역사회확산방지위해총력대응.pdf_page_01_3.jpg
47,공지사항,436,[1.28.보도참고자료]지역사회확산방지위해총력대응.pdf_page_02_2.jpg,jpg,,,listed,http://dkischool.org/upload/board/[1.28.보도참고자료]지역사회확산방지위해총력대응.pdf_page_02_2.jpg
47,공지사항,436,[1.28.보도참고자료]지역사회확산방지위해총력대응.pdf_page_03_2.jpg,jpg,,,listed,http://dkischool.org/upload/board/[1.28.보도참고자료]지역사회확산방지위해총력대응.pdf_page_03_2.jpg
47,공지사항,436,[1.28.보도참고자료]지역사회확산방지위해총력대응.pdf_page_04_2.jpg,jpg,,,listed,http://dkischool.org/upload/board/[1.28.보도참고자료]지역사회확산방지위해총력대응.pdf_page_04_2.jpg
47,공지사항,436,[1.28.보도참고자료]지역사회확산방지위해총력대응.pdf_page_05_2.jpg,jpg,,,listed,http://dkischool.org/upload/board/[1.28.보도참고자료]지역사회확산방지위해총력대응.pdf_page_05_2.jpg
47,공지사항,436,[1.28.보도참고자료]지역사회확산방지위해총력대응.pdf_page_06_2.jpg,jpg,,,listed,http://dkischool.org/upload/board/[1.28.보도참고자료]지역사회확산방지위해총력대응.pdf_page_06_2.jpg
47,공지사항,436,[1.28.보도참고자료]지역사회확산방지위해총력대응.pdf_page_07_2.jpg,jpg,,,listed,http://dkischool.org/upload/board/[1.28.보도참고자료]지역사회확산방지위해총력대응.pdf_page_07_2.jpg
47,공지사항,436,[1.28.보도참고자료]지역사회확산방지위해총력대응.pdf_page_08_1.jpg,jpg,,,listed,http://dkischool.org/upload/board/[1.28.보도참고자료]지역사회확산방지위해총력대응.pdf_page_08_1.jpg
47,공지사항,436,[1.28.보도참고자료]지역사회확산방지위해총력대응.pdf_page_09_2.jpg,jpg,,,listed,http://dkischool.org/upload/board/[1.28.보도참고자료]지역사회확산방지위해총력대응.pdf_page_09_2.jpg
47,공지사항,437,200128_신종코로나...pdf,pdf,,,listed,http://dkischool.org/upload/board/200128_신종코로나...pdf
47,공지사항,437,200128_신종코로나...pdf_page_1_1.jpg,jpg,,,listed,http://dkischool.org/upload/board/200128_신종코로나...pdf_page_1_1.jpg
47,공지사항,437,200128_신종코로나...pdf_page_2_1.jpg,jpg,,,listed,http://dkischool.org/upload/board/200128_신종코로나...pdf_page_2_1.jpg
47,공지사항,437,200128_신종코로나...pdf_page_3_1.jpg,jpg,,,listed,http://dkischool.org/upload/board/200128_신종코로나...pdf_page_3_1.jpg
47,공지사항,437,200128_신종코로나...pdf_page_4_1.jpg,jpg,,,listed,http://dkischool.org/upload/board/200128_신종코로나...pdf_page_4_1.jpg
47,공지사항,437,200128_신종코로나...pdf_page_5_1.jpg,jpg,,,listed,http://dkischool.org/upload/board/200128_신종코로나...pdf_page_5_1.jpg
47,공지사항,437,200128_신종코로나...pdf_page_6_1.jpg,jpg,,,listed,http://dkischool.org/upload/board/200128_신종코로나...pdf_page_6_1.jpg
47,공지사항,441,[2.3.보도참고자료]신종코로나바이러스감염증대응지침일부변경.pdf_page_01_1.jpg,jpg,,,listed,http://dkischool.org/upload/board/[2.3.보도참고자료]신종코로나바이러스감염증대응지침일부변경.pdf_page_01_1.jpg
47,공지사항,441,[2.3.보도참고자료]신종코로나바이러스감염증대응지침일부변경.pdf_page_02_1.jpg,jpg,,,listed,http://dkischool.org/upload/board/[2.3.보도참고자료]신종코로나바이러스감염증대응지침일부변경.pdf_page_02_1.jpg
47,공지사항,441,[2.3.보도참고자료]신종코로나바이러스감염증대응지침일부변경.pdf_page_03_1.jpg,jpg,,,listed,http://dkischool.org/upload/board/[2.3.보도참고자료]신종코로나바이러스감염증대응지침일부변경.pdf_page_03_1.jpg
47,공지사항,441,[2.3.보도참고자료]신종코로나바이러스감염증대응지침일부변경.pdf_page_04_1.jpg,jpg,,,listed,http://dkischool.org/upload/board/[2.3.보도참고자료]신종코로나바이러스감염증대응지침일부변경.pdf_page_04_1.jpg
47,공지사항,441,[2.3.보도참고자료]신종코로나바이러스감염증대응지침일부변경.pdf_page_05_1.jpg,jpg,,,listed,http://dkischool.org/upload/board/[2.3.보도참고자료]신종코로나바이러스감염증대응지침일부변경.pdf_page_05_1.jpg
47,공지사항,441,[2.3.보도참고자료]신종코로나바이러스감염증대응지침일부변경.pdf_page_06_1.jpg,jpg,,,listed,http://dkischool.org/upload/board/[2.3.보도참고자료]신종코로나바이러스감염증대응지침일부변경.pdf_page_06_1.jpg
47,공지사항,441,[2.3.보도참고자료]신종코로나바이러스감염증대응지침일부변경.pdf_page_07_1.jpg,jpg,,,listed,http://dkischool.org/upload/board/[2.3.보도참고자료]신종코로나바이러스감염증대응지침일부변경.pdf_page_07_1.jpg
47,공지사항,441,[2.3.보도참고자료]신종코로나바이러스감염증대응지침일부변경.pdf_page_08_1.jpg,jpg,,,listed,http://dkischool.org/upload/board/[2.3.보도참고자료]신종코로나바이러스감염증대응지침일부변경.pdf_page_08_1.jpg
47,공지사항,441,[2.3.보도참고자료]신종코로나바이러스감염증대응지침일부변경.pdf_page_09_1.jpg,jpg,,,listed,http://dkischool.org/upload/board/[2.3.보도참고자료]신종코로나바이러스감염증대응지침일부변경.pdf_page_09_1.jpg
47,공지사항,441,[2.3.보도참고자료]신종코로나바이러스감염증대응지침일부변경.pdf_page_10_1.jpg,jpg,,,listed,http://dkischool.org/upload/board/[2.3.보도참고자료]신종코로나바이러스감염증대응지침일부변경.pdf_page_10_1.jpg
47,공지사항,441,[2.3.보도참고자료]신종코로나바이러스감염증대응지침일부변경.pdf_page_11_1.jpg,jpg,,,listed,http://dkischool.org/upload/board/[2.3.보도참고자료]신종코로나바이러스감염증대응지침일부변경.pdf_page_11_1.jpg
47,공지사항,441,[2.3.보도참고자료]신종코로나바이러스감염증대응지침일부변경.pdf_page_12_1.jpg,jpg,,,listed,http://dkischool.org/upload/board/[2.3.보도참고자료]신종코로나바이러스감염증대응지침일부변경.pdf_page_12_1.jpg
47,공지사항,441,[2.3.보도참고자료]신종코로나바이러스감염증대응지침일부변경.pdf_page_13_1.jpg,jpg,,,listed,http://dkischool.org/upload/board/[2.3.보도참고자료]신종코로나바이러스감염증대응지침일부변경.pdf_page_13_1.jpg
47,공지사항,441,[2.3.보도참고자료]신종코로나바이러스감염증대응지침일부변경.pdf,pdf,,,listed,http://dkischool.org/upload/board/[2.3.보도참고자료]신종코로나바이러스감염증대응지침일부변경.pdf
47,공지사항,442,홈페이지(다롄시정부제4호령).hwp,hwp,,,listed,http://dkischool.org/upload/board/홈페이지(다롄시정부제4호령).hwp
47,공지사항,442,홈페이지(다롄시정부제4호령)_중문본.hwp,hwp,,,listed,http://dkischool.org/upload/board/홈페이지(다롄시정부제4호령)_중문본.hwp
47,공지사항,443,(보도자료)보건복지부.pdf,pdf,,,listed,http://dkischool.org/upload/board/(보도자료)보건복지부.pdf
47,공지사항,443,(보도자료)_신종코로나바이러스_관련_입국제한_조치.hwp,hwp,,,listed,http://dkischool.org/upload/board/(보도자료)_신종코로나바이러스_관련_입국제한_조치.hwp
47,공지사항,443,특별검역QA.hwp,hwp,,,listed,http://dkischool.org/upload/board/특별검역QA.hwp
47,공지사항,443,특별검역신고서(배포용).hwp,hwp,,,listed,http://dkischool.org/upload/board/특별검역신고서(배포용).hwp
47,공지사항,448,다롄시방역지휘부令(제5호)번역문.pdf,pdf,,,listed,http://dkischool.org/upload/board/다롄시방역지휘부令(제5호)번역문.pdf
47,공지사항,448,기업조업재개방역가이드(다롄시외판).pdf,pdf,,,listed,http://dkischool.org/upload/board/기업조업재개방역가이드(다롄시외판).pdf
47,공지사항,449,언론기사(외국인진료병원).hwp,hwp,,,listed,http://dkischool.org/upload/board/언론기사(외국인진료병원).hwp
47,공지사항,450,1_10.jpg,jpg,,,listed,http://dkischool.org/upload/board/1_10.jpg
47,공지사항,450,2_4.jpg,jpg,,,listed,http://dkischool.org/upload/board/2_4.jpg
47,공지사항,450,3_5.jpg,jpg,,,listed,http://dkischool.org/upload/board/3_5.jpg
47,공지사항,450,4_4.jpg,jpg,,,listed,http://dkischool.org/upload/board/4_4.jpg
47,공지사항,451,[붙임]검역감염병오염지역안내문_국문_200212.pdf,pdf,,,listed,http://dkischool.org/upload/board/[붙임]검역감염병오염지역안내문_국문_200212.pdf
47,공지사항,452,대련한국국제학교통신2020.02.10.pdf_page_1_2.jpg,jpg,,,listed,http://dkischool.org/upload/board/대련한국국제학교통신2020.02.10.pdf_page_1_2.jpg
47,공지사항,457,200226-코로나19바이러스대책관련대련시교육국통지문서.hwp,hwp,,,listed,http://dkischool.org/upload/board/200226-코로나19바이러스대책관련대련시교육국통지문서.hwp
47,공지사항,457,200226-코로나19바이러스대책관련회의내용.hwp,hwp,,,listed,http://dkischool.org/upload/board/200226-코로나19바이러스대책관련회의내용.hwp
47,공지사항,463,학교운영위원회및위원선출안내문.hwp,hwp,,,listed,http://dkischool.org/upload/board/학교운영위원회및위원선출안내문.hwp
47,공지사항,464,붙임12020학년도중등1학기전체시간(2).hwp,hwp,,,listed,http://dkischool.org/upload/board/붙임12020학년도중등1학기전체시간(2).hwp
47,공지사항,464,붙임32020학년도1학기중등학급별시간표(2).hwp,hwp,,,listed,http://dkischool.org/upload/board/붙임32020학년도1학기중등학급별시간표(2).hwp
47,공지사항,465,학부모위원입후보등록서.hwp,hwp,,,listed,http://dkischool.org/upload/board/학부모위원입후보등록서.hwp
47,공지사항,465,개인정보수집이용동의.hwp,hwp,,,listed,http://dkischool.org/upload/board/개인정보수집이용동의.hwp
47,공지사항,465,학부모위원선출공고문.hwp,hwp,,,listed,http://dkischool.org/upload/board/학부모위원선출공고문.hwp
47,공지사항,466,대련한국학교원격수업계획(안).hwp,hwp,,,listed,http://dkischool.org/upload/board/대련한국학교원격수업계획(안).hwp
47,공지사항,466,중등별첨1.EBS온라인클래스학생용설명서.pdf,pdf,,,listed,http://dkischool.org/upload/board/중등별첨1.EBS온라인클래스학생용설명서.pdf
47,공지사항,466,중등별첨3.과목별원격수업계획서.zip,zip,,,listed,http://dkischool.org/upload/board/중등별첨3.과목별원격수업계획서.zip
47,공지사항,466,중등별첨2(1).대련한국국제학교온라인수업오티자료.pptx,pptx,,,listed,http://dkischool.org/upload/board/중등별첨2(1).대련한국국제학교온라인수업오티자료.pptx
47,공지사항,467,대련한국학교원격수업계획(안)(1).hwp,hwp,,,listed,http://dkischool.org/upload/board/대련한국학교원격수업계획(안)(1).hwp
47,공지사항,467,초등별첨2.유치원원격수업계획서.hwp,hwp,,,listed,http://dkischool.org/upload/board/초등별첨2.유치원원격수업계획서.hwp
47,공지사항,467,초등별첨3.초등영어원격수업계획서.hwp,hwp,,,listed,http://dkischool.org/upload/board/초등별첨3.초등영어원격수업계획서.hwp
47,공지사항,467,초등별첨4.초등원격수업계획서.hwp,hwp,,,listed,http://dkischool.org/upload/board/초등별첨4.초등원격수업계획서.hwp
47,공지사항,467,초등별첨5.초등중국어원격수업계획서.docx,docx,,,listed,http://dkischool.org/upload/board/초등별첨5.초등중국어원격수업계획서.docx
47,공지사항,468,교원위원선출공고문.hwp,hwp,,,listed,http://dkischool.org/upload/board/교원위원선출공고문.hwp
47,공지사항,468,교원위원입후보등록서.hwp,hwp,,,listed,http://dkischool.org/upload/board/교원위원입후보등록서.hwp
47,공지사항,469,2019학년도1차추경예산서.xlsx,xlsx,,,listed,http://dkischool.org/upload/board/2019학년도1차추경예산서.xlsx
47,공지사항,470,2020학년도본예산서.xlsx,xlsx,,,listed,http://dkischool.org/upload/board/2020학년도본예산서.xlsx
47,공지사항,471,다롄국제공항의코로나19방역절차최신소식.pdf,pdf,,,listed,http://dkischool.org/upload/board/다롄국제공항의코로나19방역절차최신소식.pdf
47,공지사항,471,ぬ????な?????￣＼どぎ?て＼?＼す?ばひ?と?ぁぐ?せぱ〓?ぁけ.pdf,pdf,,,listed,http://dkischool.org/upload/board/ぬ????な?????￣＼どぎ?て＼?＼す?ばひ?と?ぁぐ?せぱ〓?ぁけ.pdf
47,공지사항,472,학부모위원선거결과당선자공고.hwp,hwp,,,listed,http://dkischool.org/upload/board/학부모위원선거결과당선자공고.hwp
47,공지사항,473,교원위원선거결과당선자공고.hwp,hwp,,,listed,http://dkischool.org/upload/board/교원위원선거결과당선자공고.hwp
47,공지사항,474,겨울방학정산_1.jpg,jpg,,,listed,http://dkischool.org/upload/board/겨울방학정산_1.jpg
47,공지사항,476,지역위원당선자공고.hwp,hwp,,,listed,http://dkischool.org/upload/board/지역위원당선자공고.hwp
47,공지사항,477,초등영어(유치부)시간강사채용공고(1).hwp,hwp,,,listed,http://dkischool.org/upload/board/초등영어(유치부)시간강사채용공고(1).hwp
47,공지사항,478,대련한국국제학교법정기부금2019명세.pdf,pdf,,,listed,http://dkischool.org/upload/board/대련한국국제학교법정기부금2019명세.pdf
47,공지사항,479,2019학년도대련한국국제학교회계결산서.hwp,hwp,,,listed,http://dkischool.org/upload/board/2019학년도대련한국국제학교회계결산서.hwp
47,공지사항,480,2020학년도학생봉사활동운영계획(홈페이지게시용).pdf,pdf,,,listed,http://dkischool.org/upload/board/2020학년도학생봉사활동운영계획(홈페이지게시용).pdf
47,공지사항,481,2020졸업앨범제작소액수의견적공고.hwp,hwp,,,listed,http://dkischool.org/upload/board/2020졸업앨범제작소액수의견적공고.hwp
47,공지사항,482,2020졸업앨범제작소액수의견적재공고.hwp,hwp,,,listed,http://dkischool.org/upload/board/2020졸업앨범제작소액수의견적재공고.hwp
47,공지사항,483,중등미술시간강사채용공고.hwp,hwp,,,listed,http://dkischool.org/upload/board/중등미술시간강사채용공고.hwp
47,공지사항,485,붙임-2020매점입찰공고.hwp,hwp,,,listed,http://dkischool.org/upload/board/붙임-2020매점입찰공고.hwp
47,공지사항,486,중등영어시간강사채용공고.hwp,hwp,,,listed,http://dkischool.org/upload/board/중등영어시간강사채용공고.hwp
47,공지사항,487,붙임-2020매점입찰재공고.hwp,hwp,,,listed,http://dkischool.org/upload/board/붙임-2020매점입찰재공고.hwp
47,공지사항,490,image1001.bmp,bmp,,,listed,http://dkischool.org/upload/board/image1001.bmp
47,공지사항,490,image001(3).bmp,bmp,,,listed,http://dkischool.org/upload/board/image001(3).bmp
47,공지사항,490,image002(2).bmp,bmp,,,listed,http://dkischool.org/upload/board/image002(2).bmp
47,공지사항,490,image003.bmp,bmp,,,listed,http://dkischool.org/upload/board/image003.bmp
47,공지사항,490,image004.bmp,bmp,,,listed,http://dkischool.org/upload/board/image004.bmp
47,공지사항,490,image005.bmp,bmp,,,listed,http://dkischool.org/upload/board/image005.bmp
47,공지사항,490,image006.bmp,bmp,,,listed,http://dkischool.org/upload/board/image006.bmp
47,공지사항,491,방과후학교여름방학정산_1.jpg,jpg,,,listed,http://dkischool.org/upload/board/방과후학교여름방학정산_1.jpg
47,공지사항,492,2020학년도2학기교과별평가계획(중학교)001_1.jpg,jpg,,,listed,http://dkischool.org/upload/board/2020학년도2학기교과별평가계획(중학교)001_1.jpg
47,공지사항,492,2020학년도2학기교과별평가계획(중학교)002_1.jpg,jpg,,,listed,http://dkischool.org/upload/board/2020학년도2학기교과별평가계획(중학교)002_1.jpg
47,공지사항,492,2020학년도2학기교과별평가계획(고등학교)001_2.jpg,jpg,,,listed,http://dkischool.org/upload/board/2020학년도2학기교과별평가계획(고등학교)001_2.jpg
47,공지사항,492,2020학년도2학기교과별평가계획(고등학교)002_1.jpg,jpg,,,listed,http://dkischool.org/upload/board/2020학년도2학기교과별평가계획(고등학교)002_1.jpg
47,공지사항,493,2020학년도여름방학중등방과후학교수업료및강사비정산보고.pdf,pdf,,,listed,http://dkischool.org/upload/board/2020학년도여름방학중등방과후학교수업료및강사비정산보고.pdf
47,공지사항,494,2021학년도대련한국국제학교교사채용공고문.hwp,hwp,,,listed,http://dkischool.org/upload/board/2021학년도대련한국국제학교교사채용공고문.hwp
47,공지사항,495,2021학년도대련한국국제학교초빙교원선발추가모집공고문.hwp,hwp,,,listed,http://dkischool.org/upload/board/2021학년도대련한국국제학교초빙교원선발추가모집공고문.hwp
47,공지사항,496,2021학년도대련한국국제학교초빙교원선발추가모집공고문(2).hwp,hwp,,,listed,http://dkischool.org/upload/board/2021학년도대련한국국제학교초빙교원선발추가모집공고문(2).hwp
47,공지사항,497,2020학년도2학기2차지필평가시험범위(중)001_1.jpg,jpg,,,listed,http://dkischool.org/upload/board/2020학년도2학기2차지필평가시험범위(중)001_1.jpg
47,공지사항,497,2020학년도2학기2차지필평가시험범위(고)001_2.jpg,jpg,,,listed,http://dkischool.org/upload/board/2020학년도2학기2차지필평가시험범위(고)001_2.jpg
47,공지사항,497,2020학년도2학기2차지필평가시험범위(고)002_1.jpg,jpg,,,listed,http://dkischool.org/upload/board/2020학년도2학기2차지필평가시험범위(고)002_1.jpg
47,공지사항,498,InvitationforEnglishTeacherinDKIS.docx,docx,,,listed,http://dkischool.org/upload/board/InvitationforEnglishTeacherinDKIS.docx
47,공지사항,499,2021학년도대련한국국제학교초빙교원선발추가모집공고문(3).hwp,hwp,,,listed,http://dkischool.org/upload/board/2021학년도대련한국국제학교초빙교원선발추가모집공고문(3).hwp
47,공지사항,500,2021학년도대련한국국제학교초빙교원선발추가모집공고문(4).hwp,hwp,,,listed,http://dkischool.org/upload/board/2021학년도대련한국국제학교초빙교원선발추가모집공고문(4).hwp
47,공지사항,501,전편입안내(홈페이지).hwp,hwp,,,listed,http://dkischool.org/upload/board/전편입안내(홈페이지).hwp
47,공지사항,502,2020학년도2학기방과후수업정산보고.pdf,pdf,,,listed,http://dkischool.org/upload/board/2020학년도2학기방과후수업정산보고.pdf
47,공지사항,503,중등영어시간강사채용공고(1).hwp,hwp,,,listed,http://dkischool.org/upload/board/중등영어시간강사채용공고(1).hwp
47,공지사항,505,2020학년도1차추경예산서.xlsx,xlsx,,,listed,http://dkischool.org/upload/board/2020학년도1차추경예산서.xlsx
47,공지사항,506,2021학년도본예산서.xlsx,xlsx,,,listed,http://dkischool.org/upload/board/2021학년도본예산서.xlsx
47,공지사항,507,대련한국국제학교음악당환경개선입찰공고문.hwp,hwp,,,listed,http://dkischool.org/upload/board/대련한국국제학교음악당환경개선입찰공고문.hwp
47,공지사항,508,(부)담임편성및일과표(1).hwp,hwp,,,listed,http://dkischool.org/upload/board/(부)담임편성및일과표(1).hwp
47,공지사항,508,(부)담임편성및일과표(1).pdf,pdf,,,listed,http://dkischool.org/upload/board/(부)담임편성및일과표(1).pdf
47,공지사항,509,학교차량매각입찰공고(2).docx,docx,,,listed,http://dkischool.org/upload/board/학교차량매각입찰공고(2).docx
47,공지사항,510,2021학년도학사일정(3.5.현재).pdf,pdf,,,listed,http://dkischool.org/upload/board/2021학년도학사일정(3.5.현재).pdf
47,공지사항,510,2021학년도학사일정(3.5.현재).hwp,hwp,,,listed,http://dkischool.org/upload/board/2021학년도학사일정(3.5.현재).hwp
47,공지사항,511,학부모위원입후보등록서(1).hwp,hwp,,,listed,http://dkischool.org/upload/board/학부모위원입후보등록서(1).hwp
47,공지사항,511,개인정보수집이용동의(1).hwp,hwp,,,listed,http://dkischool.org/upload/board/개인정보수집이용동의(1).hwp
47,공지사항,511,학부모위원선출공고문(1).hwp,hwp,,,listed,http://dkischool.org/upload/board/학부모위원선출공고문(1).hwp
47,공지사항,512,2021학년도학생봉사활동운영계획.pdf,pdf,,,listed,http://dkischool.org/upload/board/2021학년도학생봉사활동운영계획.pdf
47,공지사항,513,급식임시직원채용공고(1).hwp,hwp,,,listed,http://dkischool.org/upload/board/급식임시직원채용공고(1).hwp
47,공지사항,514,2020학년도대련한국국제학교회계결산(홈피).pdf,pdf,,,listed,http://dkischool.org/upload/board/2020학년도대련한국국제학교회계결산(홈피).pdf
47,공지사항,515,연간기부금모금액및활용실적명세서(2020).pdf,pdf,,,listed,http://dkischool.org/upload/board/연간기부금모금액및활용실적명세서(2020).pdf
47,공지사항,516,2021졸업앨범제작소액수의견적공고.hwp,hwp,,,listed,http://dkischool.org/upload/board/2021졸업앨범제작소액수의견적공고.hwp
47,공지사항,517,2021졸업앨범제작소액수의견적재공고-복사.pdf,pdf,,,listed,http://dkischool.org/upload/board/2021졸업앨범제작소액수의견적재공고-복사.pdf
47,공지사항,518,시설 임시직원 채용 공고 (1).pdf,pdf,,,listed,http://dkischool.org/upload/board/시설 임시직원 채용 공고 (1).pdf
47,공지사항,519,2021학년도대련한국국제학교초빙교원선발모집공고문.hwp,hwp,,,listed,http://dkischool.org/upload/board/2021학년도대련한국국제학교초빙교원선발모집공고문.hwp
47,공지사항,520,시설 임시직원 채용 재공고.pdf,pdf,,,listed,http://dkischool.org/upload/board/시설 임시직원 채용 재공고.pdf
47,공지사항,521,2021학년도 대련한국국제학교 초빙 교원 선발 모집 재공고문.hwp,hwp,,,listed,http://dkischool.org/upload/board/2021학년도 대련한국국제학교 초빙 교원 선발 모집 재공고문.hwp
47,공지사항,523,2021학년도2학기초중등전(편)입학고사세부계획(안)-홈페이지게시용(2).pdf,pdf,,,listed,http://dkischool.org/upload/board/2021학년도2학기초중등전(편)입학고사세부계획(안)-홈페이지게시용(2).pdf
47,공지사항,525,공사기술입찰에대한한국요구.doc,doc,,,listed,http://dkischool.org/upload/board/공사기술입찰에대한한국요구.doc
47,공지사항,525,"대련한국국제학교1,2층인테리어견적서.xls",xls,,,listed,"http://dkischool.org/upload/board/대련한국국제학교1,2층인테리어견적서.xls"
47,공지사항,525,대련한국국제학교도선관견적서.xls,xls,,,listed,http://dkischool.org/upload/board/대련한국국제학교도선관견적서.xls
47,공지사항,525,대련한국국제학교방수견적서.xlsx,xlsx,,,listed,http://dkischool.org/upload/board/대련한국국제학교방수견적서.xlsx
47,공지사항,525,붙임1입찰참가신청서.docx,docx,,,listed,http://dkischool.org/upload/board/붙임1입찰참가신청서.docx
47,공지사항,525,붙임2제안서.docx,docx,,,listed,http://dkischool.org/upload/board/붙임2제안서.docx
47,공지사항,525,전기기술입찰한국요구.doc,doc,,,listed,http://dkischool.org/upload/board/전기기술입찰한국요구.doc
47,공지사항,525,전기견적.zip,zip,,,listed,http://dkischool.org/upload/board/전기견적.zip
47,공지사항,525,대련한국국제학교내부인테리어공사등입찰공고문(1).hwp,hwp,,,listed,http://dkischool.org/upload/board/대련한국국제학교내부인테리어공사등입찰공고문(1).hwp
47,공지사항,525,대련한국국제학교내부인테리어공사등입찰공고문(1).pdf,pdf,,,listed,http://dkischool.org/upload/board/대련한국국제학교내부인테리어공사등입찰공고문(1).pdf
47,공지사항,526,유치원신체활동(무용)시간강사채용공고.hwp,hwp,,,listed,http://dkischool.org/upload/board/유치원신체활동(무용)시간강사채용공고.hwp
47,공지사항,527,2021학년도학사일정(9.10.현재).pdf,pdf,,,listed,http://dkischool.org/upload/board/2021학년도학사일정(9.10.현재).pdf
47,공지사항,528,2022대련한국국제학교행정실장초빙공고안내.hwp,hwp,,,listed,http://dkischool.org/upload/board/2022대련한국국제학교행정실장초빙공고안내.hwp
47,공지사항,528,2022대련한국국제학교행정실장초빙공고안내.pdf,pdf,,,listed,http://dkischool.org/upload/board/2022대련한국국제학교행정실장초빙공고안내.pdf
47,공지사항,529,윤시현.jpeg,jpeg,,,listed,http://dkischool.org/upload/board/윤시현.jpeg
47,공지사항,529,우민선.jpeg,jpeg,,,listed,http://dkischool.org/upload/board/우민선.jpeg
47,공지사항,529,김희현.pdf,pdf,,,listed,http://dkischool.org/upload/board/김희현.pdf
47,공지사항,529,엄다운.pdf,pdf,,,listed,http://dkischool.org/upload/board/엄다운.pdf
47,공지사항,531,유치원 시간제 보조 강사(원) 채용 공고.hwp,hwp,,,listed,http://dkischool.org/upload/board/유치원 시간제 보조 강사(원) 채용 공고.hwp
47,공지사항,532,2022학년도 대련한국국제학교 교사 초빙 공고문.pdf,pdf,,,listed,http://dkischool.org/upload/board/2022학년도 대련한국국제학교 교사 초빙 공고문.pdf
47,공지사항,532,2022학년도 대련한국국제학교 교사 초빙 공고문.hwp,hwp,,,listed,http://dkischool.org/upload/board/2022학년도 대련한국국제학교 교사 초빙 공고문.hwp
47,공지사항,533,유치원시간제보조강사(원)채용공고.hwp,hwp,,,listed,http://dkischool.org/upload/board/유치원시간제보조강사(원)채용공고.hwp
47,공지사항,536,2022학년도_대련한국국제학교_초빙_교원추가공고문.pdf,pdf,,,listed,http://dkischool.org/upload/board/2022학년도_대련한국국제학교_초빙_교원추가공고문.pdf
47,공지사항,536,2022학년도_대련한국국제학교_초빙_교원추가공고문.hwp,hwp,,,listed,http://dkischool.org/upload/board/2022학년도_대련한국국제학교_초빙_교원추가공고문.hwp
47,공지사항,538,2022학년도_대련한국국제학교_초빙_교원추가공고문(1).hwp,hwp,,,listed,http://dkischool.org/upload/board/2022학년도_대련한국국제학교_초빙_교원추가공고문(1).hwp
47,공지사항,538,2022학년도_대련한국국제학교_초빙_교원추가공고문(1).pdf,pdf,,,listed,http://dkischool.org/upload/board/2022학년도_대련한국국제학교_초빙_교원추가공고문(1).pdf
47,공지사항,539,2022학년도_대련한국국제학교_교사_초빙_공고문.pdf,pdf,,,listed,http://dkischool.org/upload/board/2022학년도_대련한국국제학교_교사_초빙_공고문.pdf
47,공지사항,539,2022학년도_대련한국국제학교_교사_초빙_공고문.hwp,hwp,,,listed,http://dkischool.org/upload/board/2022학년도_대련한국국제학교_교사_초빙_공고문.hwp
47,공지사항,540,학부모회임원선출공고.hwp,hwp,,,listed,http://dkischool.org/upload/board/학부모회임원선출공고.hwp
47,공지사항,540,학부모회임원선출공고.pdf,pdf,,,listed,http://dkischool.org/upload/board/학부모회임원선출공고.pdf
47,공지사항,541,2022학년도_대련한국국제학교_초빙_교원 추가 공고문―2.hwp,hwp,,,listed,http://dkischool.org/upload/board/2022학년도_대련한국국제학교_초빙_교원 추가 공고문―2.hwp
47,공지사항,541,2022학년도_대련한국국제학교_초빙_교원 추가 공고문―2.pdf,pdf,,,listed,http://dkischool.org/upload/board/2022학년도_대련한국국제학교_초빙_교원 추가 공고문―2.pdf
47,공지사항,542,2022학년도대련한국국제학교초빙교원추가공고문.pdf,pdf,,,listed,http://dkischool.org/upload/board/2022학년도대련한국국제학교초빙교원추가공고문.pdf
47,공지사항,542,2022학년도대련한국국제학교초빙교원추가공고문.hwp,hwp,,,listed,http://dkischool.org/upload/board/2022학년도대련한국국제학교초빙교원추가공고문.hwp
47,공지사항,543,2022학년도대련한국국제학교초빙교원추가공고문(1).hwp,hwp,,,listed,http://dkischool.org/upload/board/2022학년도대련한국국제학교초빙교원추가공고문(1).hwp
47,공지사항,543,2022학년도대련한국국제학교초빙교원추가공고문(1).pdf,pdf,,,listed,http://dkischool.org/upload/board/2022학년도대련한국국제학교초빙교원추가공고문(1).pdf
47,공지사항,544,2021학년도1차추경예산서.xlsx,xlsx,,,listed,http://dkischool.org/upload/board/2021학년도1차추경예산서.xlsx
47,공지사항,545,[학교홍보자료]2021학년도대련한국국제학교최종.pdf,pdf,,,listed,http://dkischool.org/upload/board/[학교홍보자료]2021학년도대련한국국제학교최종.pdf
47,공지사항,546,2022학년도대련한국국제학교초빙교원추가공고문(2).hwp,hwp,,,listed,http://dkischool.org/upload/board/2022학년도대련한국국제학교초빙교원추가공고문(2).hwp
47,공지사항,546,2022학년도대련한국국제학교초빙교원추가공고문(2).pdf,pdf,,,listed,http://dkischool.org/upload/board/2022학년도대련한국국제학교초빙교원추가공고문(2).pdf
47,공지사항,547,붙임22022학년도1학기초중등전(편)입고사행계획(안)(홈페이지게시용).pdf,pdf,,,listed,http://dkischool.org/upload/board/붙임22022학년도1학기초중등전(편)입고사행계획(안)(홈페이지게시용).pdf
47,공지사항,548,2022학년도대련한국국제학교초빙교원추가공고문(5).hwp,hwp,,,listed,http://dkischool.org/upload/board/2022학년도대련한국국제학교초빙교원추가공고문(5).hwp
47,공지사항,548,2022학년도대련한국국제학교초빙교원추가공고문(5).pdf,pdf,,,listed,http://dkischool.org/upload/board/2022학년도대련한국국제학교초빙교원추가공고문(5).pdf
47,공지사항,550,급식실환경개선공사공고문1부(최종).hwp,hwp,,,listed,http://dkischool.org/upload/board/급식실환경개선공사공고문1부(최종).hwp
47,공지사항,550,급식실환경개선공사공고문1부(최종)-(1).pdf,pdf,,,listed,http://dkischool.org/upload/board/급식실환경개선공사공고문1부(최종)-(1).pdf
47,공지사항,550,급식실환경개선공사내역서1부(1).xlsx,xlsx,,,listed,http://dkischool.org/upload/board/급식실환경개선공사내역서1부(1).xlsx
47,공지사항,550,급식실환경개선공사도면1부_1.jpg,jpg,,,listed,http://dkischool.org/upload/board/급식실환경개선공사도면1부_1.jpg
47,공지사항,551,2022학년도영어교재목록NEW.pdf,pdf,,,listed,http://dkischool.org/upload/board/2022학년도영어교재목록NEW.pdf
47,공지사항,552,2022학년도학교회계본예산서(1).xlsx,xlsx,,,listed,http://dkischool.org/upload/board/2022학년도학교회계본예산서(1).xlsx
47,공지사항,553,2022학년도(부)담임편성및일과표(1)001_1.jpg,jpg,,,listed,http://dkischool.org/upload/board/2022학년도(부)담임편성및일과표(1)001_1.jpg
47,공지사항,554,2022학년도중고등부개인구입중국어교재목록.pdf,pdf,,,listed,http://dkischool.org/upload/board/2022학년도중고등부개인구입중국어교재목록.pdf
47,공지사항,555,학부모붙임개인정보수집이용동의.hwp,hwp,,,listed,http://dkischool.org/upload/board/학부모붙임개인정보수집이용동의.hwp
47,공지사항,555,학부모위원선출공고문(2).hwp,hwp,,,listed,http://dkischool.org/upload/board/학부모위원선출공고문(2).hwp
47,공지사항,555,학부모위원입후보등록서(2).hwp,hwp,,,listed,http://dkischool.org/upload/board/학부모위원입후보등록서(2).hwp
47,공지사항,556,교원위원선출공고문(1).hwp,hwp,,,listed,http://dkischool.org/upload/board/교원위원선출공고문(1).hwp
47,공지사항,556,교원위원입후보등록서(1).hwp,hwp,,,listed,http://dkischool.org/upload/board/교원위원입후보등록서(1).hwp
47,공지사항,559,제8기교원위원당선자공고(1)(1).hwp,hwp,,,listed,http://dkischool.org/upload/board/제8기교원위원당선자공고(1)(1).hwp
47,공지사항,560,제8기학부모위원당선자공고(2).hwp,hwp,,,listed,http://dkischool.org/upload/board/제8기학부모위원당선자공고(2).hwp
47,공지사항,561,지역위원당선자공고1부(1).hwp,hwp,,,listed,http://dkischool.org/upload/board/지역위원당선자공고1부(1).hwp
47,공지사항,562,2022년졸업앨범제작공고문1부(2).hwp,hwp,,,listed,http://dkischool.org/upload/board/2022년졸업앨범제작공고문1부(2).hwp
47,공지사항,562,2022년졸업앨범제작공고문1부(2).pdf,pdf,,,listed,http://dkischool.org/upload/board/2022년졸업앨범제작공고문1부(2).pdf
47,공지사항,563,공고제2022-72022년졸업앨범제작재공고1부.hwp,hwp,,,listed,http://dkischool.org/upload/board/공고제2022-72022년졸업앨범제작재공고1부.hwp
47,공지사항,563,공고제2022-72022년졸업앨범제작재공고1부.pdf,pdf,,,listed,http://dkischool.org/upload/board/공고제2022-72022년졸업앨범제작재공고1부.pdf
47,공지사항,564,(홈피용)2021학년도학교회계및발전기금결산공개(홈피)-.pdf,pdf,,,listed,http://dkischool.org/upload/board/(홈피용)2021학년도학교회계및발전기금결산공개(홈피)-.pdf
47,공지사항,565,2021년연간기부금모금액및활용실적명세서공개.pdf,pdf,,,listed,http://dkischool.org/upload/board/2021년연간기부금모금액및활용실적명세서공개.pdf
47,공지사항,566,2022학년도2학기초빙교원선발모집공고문(중등수학).hwp,hwp,,,listed,http://dkischool.org/upload/board/2022학년도2학기초빙교원선발모집공고문(중등수학).hwp
47,공지사항,567,가통-대련초중등22-11호단오절연휴이동제한안내.pdf,pdf,,,listed,http://dkischool.org/upload/board/가통-대련초중등22-11호단오절연휴이동제한안내.pdf
47,공지사항,568,가통-대련초중등22-12호학교시설안전진단중통행금지안내.pdf,pdf,,,listed,http://dkischool.org/upload/board/가통-대련초중등22-12호학교시설안전진단중통행금지안내.pdf
47,공지사항,569,2022학년도2학기초빙교원선발모집공고문(2차).hwp,hwp,,,listed,http://dkischool.org/upload/board/2022학년도2학기초빙교원선발모집공고문(2차).hwp
47,공지사항,570,18세이상비자신청및연장안내문.xlsx,xlsx,,,listed,http://dkischool.org/upload/board/18세이상비자신청및연장안내문.xlsx
47,공지사항,570,18세이상비자신청표.doc,doc,,,listed,http://dkischool.org/upload/board/18세이상비자신청표.doc
47,공지사항,572,2023학년도대련한국국제학교교원초빙공고(탑재용).hwp,hwp,,,listed,http://dkischool.org/upload/board/2023학년도대련한국국제학교교원초빙공고(탑재용).hwp
47,공지사항,572,2023학년도대련한국국제학교교원초빙공고(탑재용).pdf,pdf,,,listed,http://dkischool.org/upload/board/2023학년도대련한국국제학교교원초빙공고(탑재용).pdf
47,공지사항,573,(수정)2023학년도대련한국국제학교교원초빙공고.hwp,hwp,,,listed,http://dkischool.org/upload/board/(수정)2023학년도대련한국국제학교교원초빙공고.hwp
47,공지사항,574,대련한국학교_중국어_원어민_교사_채용_공고(중문)(4).hwp,hwp,,,listed,http://dkischool.org/upload/board/대련한국학교_중국어_원어민_교사_채용_공고(중문)(4).hwp
47,공지사항,574,대련한국학교_중국어_원어민_교사_채용_공고(중문)(1).pdf,pdf,,,listed,http://dkischool.org/upload/board/대련한국학교_중국어_원어민_교사_채용_공고(중문)(1).pdf
47,공지사항,575,2023학년도대련한국국제학교교원초빙공고(추가).hwp,hwp,,,listed,http://dkischool.org/upload/board/2023학년도대련한국국제학교교원초빙공고(추가).hwp
47,공지사항,575,대련한국학교_중국어_원어민_교사_채용_공고(중문).pdf,pdf,,,listed,http://dkischool.org/upload/board/대련한국학교_중국어_원어민_교사_채용_공고(중문).pdf
47,공지사항,576,2023학년도대련한국국제학교교원초빙공고(추가2차).hwp,hwp,,,listed,http://dkischool.org/upload/board/2023학년도대련한국국제학교교원초빙공고(추가2차).hwp
47,공지사항,577,2023학년도대련한국국제학교교원초빙공고(추가3차).hwp,hwp,,,listed,http://dkischool.org/upload/board/2023학년도대련한국국제학교교원초빙공고(추가3차).hwp
47,공지사항,578,2023학년도대련한국국제학교교원초빙공고(추가4차).hwp,hwp,,,listed,http://dkischool.org/upload/board/2023학년도대련한국국제학교교원초빙공고(추가4차).hwp
47,공지사항,579,2023학년도대련한국국제학교교원초빙공고(추가4차수정).pdf,pdf,,,listed,http://dkischool.org/upload/board/2023학년도대련한국국제학교교원초빙공고(추가4차수정).pdf
47,공지사항,580,2022학년도학교회계제1차추가경정예산서.xlsx,xlsx,,,listed,http://dkischool.org/upload/board/2022학년도학교회계제1차추가경정예산서.xlsx
47,공지사항,581,붙임22023학년도1학기초중등전(편)입고사행계획(안)(홈페이지게시용)001_1.jpg,jpg,,,listed,http://dkischool.org/upload/board/붙임22023학년도1학기초중등전(편)입고사행계획(안)(홈페이지게시용)001_1.jpg
47,공지사항,581,붙입3전(편)입생모집안내홍보포스터_1.jpg,jpg,,,listed,http://dkischool.org/upload/board/붙입3전(편)입생모집안내홍보포스터_1.jpg
47,공지사항,582,2023학년도중등부일반과목교재및외국어부교재안내(홈페이지탑재용).pdf,pdf,,,listed,http://dkischool.org/upload/board/2023학년도중등부일반과목교재및외국어부교재안내(홈페이지탑재용).pdf
47,공지사항,582,2023학년도중국어부교재(참고이미지)_1.jpg,jpg,,,listed,http://dkischool.org/upload/board/2023학년도중국어부교재(참고이미지)_1.jpg
47,공지사항,582,2023학년도영어부교재목록.pdf,pdf,,,listed,http://dkischool.org/upload/board/2023학년도영어부교재목록.pdf
47,공지사항,583,개인정보수입및이용동의서.hwp,hwp,,,listed,http://dkischool.org/upload/board/개인정보수입및이용동의서.hwp
47,공지사항,583,학부모위원입후보등록서(3).hwp,hwp,,,listed,http://dkischool.org/upload/board/학부모위원입후보등록서(3).hwp
47,공지사항,583,학교운영위원회학부모위원보궐선출공고문(2).hwp,hwp,,,listed,http://dkischool.org/upload/board/학교운영위원회학부모위원보궐선출공고문(2).hwp
47,공지사항,584,안내문1부.hwp,hwp,,,listed,http://dkischool.org/upload/board/안내문1부.hwp
47,공지사항,585,대련한국국제학교2023학년도학교회계본예산.xlsx,xlsx,,,listed,http://dkischool.org/upload/board/대련한국국제학교2023학년도학교회계본예산.xlsx
47,공지사항,585,2023학년도대련한국국제학교발전기금회계예산서.pdf,pdf,,,listed,http://dkischool.org/upload/board/2023학년도대련한국국제학교발전기금회계예산서.pdf
47,공지사항,586,당선자공고문.hwp,hwp,,,listed,http://dkischool.org/upload/board/당선자공고문.hwp
47,공지사항,587,2023학년도중학교교육과정(최종).pdf,pdf,,,listed,http://dkischool.org/upload/board/2023학년도중학교교육과정(최종).pdf
47,공지사항,587,2023학년도고등학교교육과정(최종).pdf,pdf,,,listed,http://dkischool.org/upload/board/2023학년도고등학교교육과정(최종).pdf
47,공지사항,589,2023년대련한국국제학교행정실장초빙공고문.hwp,hwp,,,listed,http://dkischool.org/upload/board/2023년대련한국국제학교행정실장초빙공고문.hwp
47,공지사항,589,2023년대련한국국제학교행정실장초빙공고문.pdf,pdf,,,listed,http://dkischool.org/upload/board/2023년대련한국국제학교행정실장초빙공고문.pdf
47,공지사항,590,2023년대련한국국제학교행정실장초빙재공고문.hwp,hwp,,,listed,http://dkischool.org/upload/board/2023년대련한국국제학교행정실장초빙재공고문.hwp
47,공지사항,590,2023년대련한국국제학교행정실장초빙재공고문.pdf,pdf,,,listed,http://dkischool.org/upload/board/2023년대련한국국제학교행정실장초빙재공고문.pdf
47,공지사항,591,2023년대련한국국제학교행정실장초빙3차공고문―1.hwp,hwp,,,listed,http://dkischool.org/upload/board/2023년대련한국국제학교행정실장초빙3차공고문―1.hwp
47,공지사항,591,2023년대련한국국제학교행정실장초빙3차공고문―1.pdf,pdf,,,listed,http://dkischool.org/upload/board/2023년대련한국국제학교행정실장초빙3차공고문―1.pdf
47,공지사항,592,(홈피)2022학년도대련한국국제학교학교회계및발전기금결산서.pdf,pdf,,,listed,http://dkischool.org/upload/board/(홈피)2022학년도대련한국국제학교학교회계및발전기금결산서.pdf
47,공지사항,593,연간기부금모금액및활용실적명세서.pdf,pdf,,,listed,http://dkischool.org/upload/board/연간기부금모금액및활용실적명세서.pdf
47,공지사항,594,(2023년)대련한국국제학교중국어원어민교사채용공고(1).docx,docx,,,listed,http://dkischool.org/upload/board/(2023년)대련한국국제학교중국어원어민교사채용공고(1).docx
47,공지사항,595,2023학년도대련한국국제학교교원초빙공고(탑재용)(1).hwp,hwp,,,listed,http://dkischool.org/upload/board/2023학년도대련한국국제학교교원초빙공고(탑재용)(1).hwp
47,공지사항,596,(2023년)대련한국국제학교중국어원어민교사채용공고(기간제).docx,docx,,,listed,http://dkischool.org/upload/board/(2023년)대련한국국제학교중국어원어민교사채용공고(기간제).docx
47,공지사항,597,2023학년도대련한국국제학교초등원어민채용공고문(영문)(2).hwp,hwp,,,listed,http://dkischool.org/upload/board/2023학년도대련한국국제학교초등원어민채용공고문(영문)(2).hwp
47,공지사항,598,2023학년도대련한국국제학교초등영어교원초빙공고(탑재용).hwp,hwp,,,listed,http://dkischool.org/upload/board/2023학년도대련한국국제학교초등영어교원초빙공고(탑재용).hwp
47,공지사항,599,붙임3.초등영어원어민교사채용재공고.hwp,hwp,,,listed,http://dkischool.org/upload/board/붙임3.초등영어원어민교사채용재공고.hwp
47,공지사항,600,붙임1.초등영어교원초빙재공고(한국인대상).hwp,hwp,,,listed,http://dkischool.org/upload/board/붙임1.초등영어교원초빙재공고(한국인대상).hwp
47,공지사항,600,붙임2.초등영어시간강사채용공고(중국인대상).docx,docx,,,listed,http://dkischool.org/upload/board/붙임2.초등영어시간강사채용공고(중국인대상).docx
47,공지사항,602,(공고문)대련한국국제학교테마여행공고문.pdf,pdf,,,listed,http://dkischool.org/upload/board/(공고문)대련한국국제학교테마여행공고문.pdf
47,공지사항,602,(붙임)2023학년도대련한국국제학교초중등테마학습특수조건.pdf,pdf,,,listed,http://dkischool.org/upload/board/(붙임)2023학년도대련한국국제학교초중등테마학습특수조건.pdf
47,공지사항,602,(공고문)대련한국국제학교테마여행공고문.hwp,hwp,,,listed,http://dkischool.org/upload/board/(공고문)대련한국국제학교테마여행공고문.hwp
47,공지사항,602,(붙임)2023학년도대련한국국제학교초중등테마학습특수조건.hwp,hwp,,,listed,http://dkischool.org/upload/board/(붙임)2023학년도대련한국국제학교초중등테마학습특수조건.hwp
47,공지사항,603,2023학년도1학기방과후학교수입및지출현황.pdf,pdf,,,listed,http://dkischool.org/upload/board/2023학년도1학기방과후학교수입및지출현황.pdf
47,공지사항,604,2023학년도여름방학수입및지출현황.pdf,pdf,,,listed,http://dkischool.org/upload/board/2023학년도여름방학수입및지출현황.pdf
47,공지사항,605,2023학년도유초등1학기방과후강좌수입정산보고.pdf,pdf,,,listed,http://dkischool.org/upload/board/2023학년도유초등1학기방과후강좌수입정산보고.pdf
47,공지사항,606,2023학년도유초등여름방학방과후강좌수입정산보고.pdf,pdf,,,listed,http://dkischool.org/upload/board/2023학년도유초등여름방학방과후강좌수입정산보고.pdf
47,공지사항,607,2024학년도대련한국국제학교교원초빙공고.hwp,hwp,,,listed,http://dkischool.org/upload/board/2024학년도대련한국국제학교교원초빙공고.hwp
47,공지사항,608,2023학년도유초등현장체험학습정산결과.hwp,hwp,,,listed,http://dkischool.org/upload/board/2023학년도유초등현장체험학습정산결과.hwp
47,공지사항,609,2024학년도대련한국국제학교교원초빙공고(추가).hwp,hwp,,,listed,http://dkischool.org/upload/board/2024학년도대련한국국제학교교원초빙공고(추가).hwp
47,공지사항,610,2024학년도대련한국국제학교교원초빙공고(추가2차)(5).hwp,hwp,,,listed,http://dkischool.org/upload/board/2024학년도대련한국국제학교교원초빙공고(추가2차)(5).hwp
47,공지사항,611,2024학년도대련한국국제학교교원초빙공고(추가2차)(6).hwp,hwp,,,listed,http://dkischool.org/upload/board/2024학년도대련한국국제학교교원초빙공고(추가2차)(6).hwp
47,공지사항,612,2024학년도대련한국국제학교교원초빙공고(유치원).hwp,hwp,,,listed,http://dkischool.org/upload/board/2024학년도대련한국국제학교교원초빙공고(유치원).hwp
47,공지사항,613,"2024학년도대련한국국제학교교원초빙공고(유치원,중등국어).hwp",hwp,,,listed,"http://dkischool.org/upload/board/2024학년도대련한국국제학교교원초빙공고(유치원,중등국어).hwp"
47,공지사항,614,2024학년도대련한국국제학교교원초빙공고(초등).hwp,hwp,,,listed,http://dkischool.org/upload/board/2024학년도대련한국국제학교교원초빙공고(초등).hwp
47,공지사항,615,2023학년도초중등테마학습정산및환불내역(2).xlsx,xlsx,,,listed,http://dkischool.org/upload/board/2023학년도초중등테마학습정산및환불내역(2).xlsx
47,공지사항,616,2023학년도안중근컵스카우트정산내역.xlsx,xlsx,,,listed,http://dkischool.org/upload/board/2023학년도안중근컵스카우트정산내역.xlsx
47,공지사항,617,붙임12024학년도1학기신입생및전(편)입생모집요강_1.jpg,jpg,,,listed,http://dkischool.org/upload/board/붙임12024학년도1학기신입생및전(편)입생모집요강_1.jpg
47,공지사항,619,2024학년도대련한국국제학교교원초빙공고(중등영어).hwp,hwp,,,listed,http://dkischool.org/upload/board/2024학년도대련한국국제학교교원초빙공고(중등영어).hwp
47,공지사항,620,01_인력용역입찰공고.pdf,pdf,,,listed,http://dkischool.org/upload/board/01_인력용역입찰공고.pdf
47,공지사항,620,02_인력용역특수조건.pdf,pdf,,,listed,http://dkischool.org/upload/board/02_인력용역특수조건.pdf
47,공지사항,620,03_인력용역입찰제출양식.pdf,pdf,,,listed,http://dkischool.org/upload/board/03_인력용역입찰제출양식.pdf
47,공지사항,621,01_인력용역입찰재공고.docx,docx,,,listed,http://dkischool.org/upload/board/01_인력용역입찰재공고.docx
47,공지사항,621,02_인력용역특수조건.docx,docx,,,listed,http://dkischool.org/upload/board/02_인력용역특수조건.docx
47,공지사항,621,03_인력용역입찰제출양식.docx,docx,,,listed,http://dkischool.org/upload/board/03_인력용역입찰제출양식.docx
47,공지사항,622,2023학년도학교회계추경1회세입예산서.pdf,pdf,,,listed,http://dkischool.org/upload/board/2023학년도학교회계추경1회세입예산서.pdf
47,공지사항,622,2023학년도학교회계추경1회세출예산서.pdf,pdf,,,listed,http://dkischool.org/upload/board/2023학년도학교회계추경1회세출예산서.pdf
47,공지사항,623,2024학년도대련한국국제학교회계세입예산명세서.pdf,pdf,,,listed,http://dkischool.org/upload/board/2024학년도대련한국국제학교회계세입예산명세서.pdf
47,공지사항,623,2024학년도대현한국국제학교회계세출예산예산서.pdf,pdf,,,listed,http://dkischool.org/upload/board/2024학년도대현한국국제학교회계세출예산예산서.pdf
47,공지사항,624,2024학년도입학식안내가정통신문.pdf,pdf,,,listed,http://dkischool.org/upload/board/2024학년도입학식안내가정통신문.pdf
47,공지사항,625,3.학부모위원입후보등록서및개인정보동의서.hwp,hwp,,,listed,http://dkischool.org/upload/board/3.학부모위원입후보등록서및개인정보동의서.hwp
47,공지사항,625,3.학부모위원입후보등록서및개인정보동의서.pdf,pdf,,,listed,http://dkischool.org/upload/board/3.학부모위원입후보등록서및개인정보동의서.pdf
47,공지사항,626,2024학년도대련한국국제학교학사일정및시정표.hwp,hwp,,,listed,http://dkischool.org/upload/board/2024학년도대련한국국제학교학사일정및시정표.hwp
47,공지사항,627,2-2.교원위원입후보자등록서.hwp,hwp,,,listed,http://dkischool.org/upload/board/2-2.교원위원입후보자등록서.hwp
47,공지사항,630,2024학년도KLA(한국어학습지원)강사모집공고.hwp,hwp,,,listed,http://dkischool.org/upload/board/2024학년도KLA(한국어학습지원)강사모집공고.hwp
47,공지사항,631,2024년재외동포어린이한국어그림일기대회공모안내.pdf,pdf,,,listed,http://dkischool.org/upload/board/2024년재외동포어린이한국어그림일기대회공모안내.pdf
47,공지사항,631,붙임1.그림일기양식.pdf,pdf,,,listed,http://dkischool.org/upload/board/붙임1.그림일기양식.pdf
47,공지사항,631,붙임2.작품심사기준.pdf,pdf,,,listed,http://dkischool.org/upload/board/붙임2.작품심사기준.pdf
47,공지사항,632,제102회어린이날기념전국동시쓰기공모전운영계획출품서.hwp,hwp,,,listed,http://dkischool.org/upload/board/제102회어린이날기념전국동시쓰기공모전운영계획출품서.hwp
47,공지사항,634,2023학년도학교회계및발전기금회계결산서공개.pdf,pdf,,,listed,http://dkischool.org/upload/board/2023학년도학교회계및발전기금회계결산서공개.pdf
47,공지사항,635,2024학년도중등테마학습정산내역.xlsx,xlsx,,,listed,http://dkischool.org/upload/board/2024학년도중등테마학습정산내역.xlsx
47,공지사항,636,2024학년도초등테마학습정산내역.xlsx,xlsx,,,listed,http://dkischool.org/upload/board/2024학년도초등테마학습정산내역.xlsx
47,공지사항,638,2023학년도연간기부금모금액및활용실적명세서.pdf,pdf,,,listed,http://dkischool.org/upload/board/2023학년도연간기부금모금액및활용실적명세서.pdf
47,공지사항,639,2024학년도유초등1학기방과후수입정산보고.pdf,pdf,,,listed,http://dkischool.org/upload/board/2024학년도유초등1학기방과후수입정산보고.pdf
47,공지사항,640,2024학년도중등1학기방과후수입정산보고.pdf,pdf,,,listed,http://dkischool.org/upload/board/2024학년도중등1학기방과후수입정산보고.pdf
47,공지사항,641,2025학년도대련한국국제학교교원초빙공고.hwp,hwp,,,listed,http://dkischool.org/upload/board/2025학년도대련한국국제학교교원초빙공고.hwp
47,공지사항,641,2025학년도대련한국국제학교교원초빙공고.pdf,pdf,,,listed,http://dkischool.org/upload/board/2025학년도대련한국국제학교교원초빙공고.pdf
47,공지사항,642,2025초등영어원어민교사채용공고.pdf,pdf,,,listed,http://dkischool.org/upload/board/2025초등영어원어민교사채용공고.pdf
47,공지사항,642,DalianKoreanSchoolresumeform(1).docx,docx,,,listed,http://dkischool.org/upload/board/DalianKoreanSchoolresumeform(1).docx
47,공지사항,643,2025학년도대련한국국제학교교원초빙공고(추가)(1).hwp,hwp,,,listed,http://dkischool.org/upload/board/2025학년도대련한국국제학교교원초빙공고(추가)(1).hwp
47,공지사항,644,2025초등영어원어민교사채용재공고.pdf,pdf,,,listed,http://dkischool.org/upload/board/2025초등영어원어민교사채용재공고.pdf
47,공지사항,644,DalianKoreanSchoolresumeform(2).docx,docx,,,listed,http://dkischool.org/upload/board/DalianKoreanSchoolresumeform(2).docx
47,공지사항,645,2025학년도대련한국국제학교교원초빙추가공고(과학(화학1명))(1).hwp,hwp,,,listed,http://dkischool.org/upload/board/2025학년도대련한국국제학교교원초빙추가공고(과학(화학1명))(1).hwp
47,공지사항,648,01_인력용역입찰공고.docx,docx,,,listed,http://dkischool.org/upload/board/01_인력용역입찰공고.docx
47,공지사항,648,02_인력용역특수조건(1).docx,docx,,,listed,http://dkischool.org/upload/board/02_인력용역특수조건(1).docx
47,공지사항,648,03_인력용역입찰제출양식(1).docx,docx,,,listed,http://dkischool.org/upload/board/03_인력용역입찰제출양식(1).docx
47,공지사항,649,대련한국국제학교교육활동성과(1).pdf,pdf,,,listed,http://dkischool.org/upload/board/대련한국국제학교교육활동성과(1).pdf
47,공지사항,650,01_인력용역입찰(재공고).docx,docx,,,listed,http://dkischool.org/upload/board/01_인력용역입찰(재공고).docx
47,공지사항,650,02_인력용역특수조건(2).docx,docx,,,listed,http://dkischool.org/upload/board/02_인력용역특수조건(2).docx
47,공지사항,650,03_인력용역입찰제출양식(2).docx,docx,,,listed,http://dkischool.org/upload/board/03_인력용역입찰제출양식(2).docx
47,공지사항,651,대련한국국제학교중국어원어민교사채용공고및원서1부(기간제).docx,docx,,,listed,http://dkischool.org/upload/board/대련한국국제학교중국어원어민교사채용공고및원서1부(기간제).docx
47,공지사항,652,2.2025학년도대련한국국제학교중국어원어민교사채용공고및원서(기간제).docx,docx,,,listed,http://dkischool.org/upload/board/2.2025학년도대련한국국제학교중국어원어민교사채용공고및원서(기간제).docx
47,공지사항,653,1.2025학년도대련한국국제학교초등영어원어민교사채용공고(기간제).hwp,hwp,,,listed,http://dkischool.org/upload/board/1.2025학년도대련한국국제학교초등영어원어민교사채용공고(기간제).hwp
47,공지사항,654,2024학년도학교회계추경1회확정.xlsx,xlsx,,,listed,http://dkischool.org/upload/board/2024학년도학교회계추경1회확정.xlsx
47,공지사항,655,2025학년도대련한국국제학교세입세출예산서(확정).xlsx,xlsx,,,listed,http://dkischool.org/upload/board/2025학년도대련한국국제학교세입세출예산서(확정).xlsx
47,공지사항,657,2024학년도2학기유초등방과후학교정산.pdf,pdf,,,listed,http://dkischool.org/upload/board/2024학년도2학기유초등방과후학교정산.pdf
47,공지사항,657,2024학년도유초등겨울방학방과후학교특기적성프로그램정산.pdf,pdf,,,listed,http://dkischool.org/upload/board/2024학년도유초등겨울방학방과후학교특기적성프로그램정산.pdf
47,공지사항,658,2024학년도유초등현장체험학습수입정산보고.xlsx,xlsx,,,listed,http://dkischool.org/upload/board/2024학년도유초등현장체험학습수입정산보고.xlsx
47,공지사항,659,2024학년도예비초등학생학교적응캠프정산및강사료지급.pdf,pdf,,,listed,http://dkischool.org/upload/board/2024학년도예비초등학생학교적응캠프정산및강사료지급.pdf
47,공지사항,660,2-3.학부모위원입후보등록서및개인정보동의서.pdf,pdf,,,listed,http://dkischool.org/upload/board/2-3.학부모위원입후보등록서및개인정보동의서.pdf
47,공지사항,660,"2-2(2).학부모위원선거일정가정통신문(공고,일정포함).pdf",pdf,,,listed,"http://dkischool.org/upload/board/2-2(2).학부모위원선거일정가정통신문(공고,일정포함).pdf"
47,공지사항,661,아시아나항공동북지역운항표.pdf,pdf,,,listed,http://dkischool.org/upload/board/아시아나항공동북지역운항표.pdf
47,공지사항,663,2024학년도중등1-4기방과후수입정산보고.pdf,pdf,,,listed,http://dkischool.org/upload/board/2024학년도중등1-4기방과후수입정산보고.pdf
47,공지사항,664,1(2).18세이상비자신청및연장안내문.xlsx,xlsx,,,listed,http://dkischool.org/upload/board/1(2).18세이상비자신청및연장안내문.xlsx
47,공지사항,664,2.건강검진병원약도.docx,docx,,,listed,http://dkischool.org/upload/board/2.건강검진병원약도.docx
47,공지사항,665,image001_12.jpg,jpg,,,listed,http://dkischool.org/upload/board/image001_12.jpg
47,공지사항,665,붙임1.2025학년도대련한국국제학교초중등테마학습공고문.hwp,hwp,,,listed,http://dkischool.org/upload/board/붙임1.2025학년도대련한국국제학교초중등테마학습공고문.hwp
47,공지사항,665,붙임1.2025학년도대련한국국제학교초중등테마학습공고문.pdf,pdf,,,listed,http://dkischool.org/upload/board/붙임1.2025학년도대련한국국제학교초중등테마학습공고문.pdf
47,공지사항,665,붙임2.2025학년도대련한국국제학교초중등테마학습특수조건.hwp,hwp,,,listed,http://dkischool.org/upload/board/붙임2.2025학년도대련한국국제학교초중등테마학습특수조건.hwp
47,공지사항,665,붙임2.2025학년도대련한국국제학교초중등테마학습특수조건.pdf,pdf,,,listed,http://dkischool.org/upload/board/붙임2.2025학년도대련한국국제학교초중등테마학습특수조건.pdf
47,공지사항,666,붙임1.2025학년도대련한국국제학교초중등테마학습재공고문.hwp,hwp,,,listed,http://dkischool.org/upload/board/붙임1.2025학년도대련한국국제학교초중등테마학습재공고문.hwp
47,공지사항,666,붙임1.2025학년도대련한국국제학교초중등테마학습재공고문.pdf,pdf,,,listed,http://dkischool.org/upload/board/붙임1.2025학년도대련한국국제학교초중등테마학습재공고문.pdf
47,공지사항,666,붙임2(1).2025학년도대련한국국제학교초중등테마학습특수조건.hwp,hwp,,,listed,http://dkischool.org/upload/board/붙임2(1).2025학년도대련한국국제학교초중등테마학습특수조건.hwp
47,공지사항,666,붙임2(1).2025학년도대련한국국제학교초중등테마학습특수조건.pdf,pdf,,,listed,http://dkischool.org/upload/board/붙임2(1).2025학년도대련한국국제학교초중등테마학습특수조건.pdf
47,공지사항,666,image001_13.jpg,jpg,,,listed,http://dkischool.org/upload/board/image001_13.jpg
47,공지사항,667,2024학년도학교회계세입세출내역.pdf,pdf,,,listed,http://dkischool.org/upload/board/2024학년도학교회계세입세출내역.pdf
47,공지사항,667,2024학년도발전기금세입세출내역.pdf,pdf,,,listed,http://dkischool.org/upload/board/2024학년도발전기금세입세출내역.pdf
47,공지사항,668,2025학년도유초등현장체험학습정산결과.pdf,pdf,,,listed,http://dkischool.org/upload/board/2025학년도유초등현장체험학습정산결과.pdf
47,공지사항,669,대련행25-142025학년도2분기학비및교육경비안내_1_1.jpg,jpg,,,listed,http://dkischool.org/upload/board/대련행25-142025학년도2분기학비및교육경비안내_1_1.jpg
47,공지사항,669,대련행25-142025학년도2분기학비및교육경비안내_2_1.jpg,jpg,,,listed,http://dkischool.org/upload/board/대련행25-142025학년도2분기학비및교육경비안내_2_1.jpg
47,공지사항,670,(공고문)대련한국국제학교유치원어린이놀이시설등개선공사등입찰공고문.pdf,pdf,,,listed,http://dkischool.org/upload/board/(공고문)대련한국국제학교유치원어린이놀이시설등개선공사등입찰공고문.pdf
47,공지사항,670,붙임1입찰참가신청서(중국어포함)(1).docx,docx,,,listed,http://dkischool.org/upload/board/붙임1입찰참가신청서(중국어포함)(1).docx
47,공지사항,670,붙임2제안서(중국어포함)(1).docx,docx,,,listed,http://dkischool.org/upload/board/붙임2제안서(중국어포함)(1).docx
47,공지사항,670,붙임3유치원놀이시설등산출내역서(기초가격산정)(중국어포함)(1).xlsx,xlsx,,,listed,http://dkischool.org/upload/board/붙임3유치원놀이시설등산출내역서(기초가격산정)(중국어포함)(1).xlsx
47,공지사항,670,붙임4놀이시설(표준특별)시방서(중국어포함)(1).pdf,pdf,,,listed,http://dkischool.org/upload/board/붙임4놀이시설(표준특별)시방서(중국어포함)(1).pdf
47,공지사항,670,붙임5공사범위및투시도(중국어포함)(1).pdf,pdf,,,listed,http://dkischool.org/upload/board/붙임5공사범위및투시도(중국어포함)(1).pdf
47,공지사항,671,2025학년도중등현장체험학습정산결과.pdf,pdf,,,listed,http://dkischool.org/upload/board/2025학년도중등현장체험학습정산결과.pdf
47,공지사항,672,연간기부금모금액및활용실적명세서(1).pdf,pdf,,,listed,http://dkischool.org/upload/board/연간기부금모금액및활용실적명세서(1).pdf
47,공지사항,673,(공고문)대련한국국제학교유치원어린이놀이시설등개선공사등입찰공고문(1).pdf,pdf,,,listed,http://dkischool.org/upload/board/(공고문)대련한국국제학교유치원어린이놀이시설등개선공사등입찰공고문(1).pdf
47,공지사항,673,붙임1입찰참가신청서(중국어포함)(2).docx,docx,,,listed,http://dkischool.org/upload/board/붙임1입찰참가신청서(중국어포함)(2).docx
47,공지사항,673,붙임2제안서(중국어포함)(2).docx,docx,,,listed,http://dkischool.org/upload/board/붙임2제안서(중국어포함)(2).docx
47,공지사항,673,붙임3유치원놀이시설등산출내역서(기초가격산정)(중국어포함)(2).xlsx,xlsx,,,listed,http://dkischool.org/upload/board/붙임3유치원놀이시설등산출내역서(기초가격산정)(중국어포함)(2).xlsx
47,공지사항,673,붙임4놀이시설(표준특별)시방서(중국어포함)(2).pdf,pdf,,,listed,http://dkischool.org/upload/board/붙임4놀이시설(표준특별)시방서(중국어포함)(2).pdf
47,공지사항,673,붙임5공사범위및투시도(중국어포함)(2).pdf,pdf,,,listed,http://dkischool.org/upload/board/붙임5공사범위및투시도(중국어포함)(2).pdf
47,공지사항,673,붙임6대련한국국제학교입찰도면.pdf,pdf,,,listed,http://dkischool.org/upload/board/붙임6대련한국국제학교입찰도면.pdf
47,공지사항,674,(공고문)대련한국국제학교연결통로(커튼월)누수보수공사입찰공고문.pdf,pdf,,,listed,http://dkischool.org/upload/board/(공고문)대련한국국제학교연결통로(커튼월)누수보수공사입찰공고문.pdf
47,공지사항,674,붙임1.대련한국국제학교연결통로(커튼월)등보수공사시방서.pdf,pdf,,,listed,http://dkischool.org/upload/board/붙임1.대련한국국제학교연결통로(커튼월)등보수공사시방서.pdf
47,공지사항,674,붙임2.대련한국국제학교연결통로(커튼월)누수보수공사산출내역서.xlsx,xlsx,,,listed,http://dkischool.org/upload/board/붙임2.대련한국국제학교연결통로(커튼월)누수보수공사산출내역서.xlsx
47,공지사항,674,붙임3.입찰참가신청서(중국어포함).docx,docx,,,listed,http://dkischool.org/upload/board/붙임3.입찰참가신청서(중국어포함).docx
47,공지사항,674,붙임4.제안서(중국어포함).docx,docx,,,listed,http://dkischool.org/upload/board/붙임4.제안서(중국어포함).docx
47,공지사항,675,2025학년도2학기유초중등전(편)입생모집요강.pdf,pdf,,,listed,http://dkischool.org/upload/board/2025학년도2학기유초중등전(편)입생모집요강.pdf
47,공지사항,677,방과후학교개인위탁프로그램운영제안서.hwp,hwp,,,listed,http://dkischool.org/upload/board/방과후학교개인위탁프로그램운영제안서.hwp
47,공지사항,678,가정통신문_2025학년도2학기학비및교육경비안내_1_1.jpg,jpg,,,listed,http://dkischool.org/upload/board/가정통신문_2025학년도2학기학비및교육경비안내_1_1.jpg
47,공지사항,678,가정통신문_2025학년도2학기학비및교육경비안내_2_1.jpg,jpg,,,listed,http://dkischool.org/upload/board/가정통신문_2025학년도2학기학비및교육경비안내_2_1.jpg
47,공지사항,678,가정통신문_2025학년도2학기학비및교육경비안내_3_1.jpg,jpg,,,listed,http://dkischool.org/upload/board/가정통신문_2025학년도2학기학비및교육경비안내_3_1.jpg
47,공지사항,678,가정통신문_2025학년도2학기학비및교육경비안내_4_1.jpg,jpg,,,listed,http://dkischool.org/upload/board/가정통신문_2025학년도2학기학비및교육경비안내_4_1.jpg
47,공지사항,678,가정통신문_2025학년도2학기학비및교육경비안내.pdf,pdf,,,listed,http://dkischool.org/upload/board/가정통신문_2025학년도2학기학비및교육경비안내.pdf
47,공지사항,679,중등영어시간강사채용공고(2).hwp,hwp,,,listed,http://dkischool.org/upload/board/중등영어시간강사채용공고(2).hwp
47,공지사항,680,2025학년도1학기중등방과후학교정산자료.pdf,pdf,,,listed,http://dkischool.org/upload/board/2025학년도1학기중등방과후학교정산자료.pdf
47,공지사항,681,2026년대련한국국제학교행정실장초빙공고문.hwp,hwp,,,listed,http://dkischool.org/upload/board/2026년대련한국국제학교행정실장초빙공고문.hwp
47,공지사항,681,2026년대련한국국제학교행정실장초빙공고문.pdf,pdf,,,listed,http://dkischool.org/upload/board/2026년대련한국국제학교행정실장초빙공고문.pdf
47,공지사항,682,2025학년도유초등1학기방과후수입정산보고.pdf,pdf,,,listed,http://dkischool.org/upload/board/2025학년도유초등1학기방과후수입정산보고.pdf
47,공지사항,683,2024학년대련한국국제학교교육계획서.pdf,pdf,,,listed,http://dkischool.org/upload/board/2024학년대련한국국제학교교육계획서.pdf
47,공지사항,684,2025학년도대련한국국제학교교육계획서.pdf,pdf,,,listed,http://dkischool.org/upload/board/2025학년도대련한국국제학교교육계획서.pdf
47,공지사항,686,2026초등영어원어민교사채용공고(1차).pdf,pdf,,,listed,http://dkischool.org/upload/board/2026초등영어원어민교사채용공고(1차).pdf
47,공지사항,686,DalianKoreanSchoolresumeform(3).docx,docx,,,listed,http://dkischool.org/upload/board/DalianKoreanSchoolresumeform(3).docx
47,공지사항,687,2026학년도대련한국국제학교교원초빙공고―1.pdf,pdf,,,listed,http://dkischool.org/upload/board/2026학년도대련한국국제학교교원초빙공고―1.pdf
47,공지사항,687,2026학년도대련한국국제학교교원초빙공고―1.hwp,hwp,,,listed,http://dkischool.org/upload/board/2026학년도대련한국국제학교교원초빙공고―1.hwp
47,공지사항,688,2026초등영어원어민교사채용공고(2차).pdf,pdf,,,listed,http://dkischool.org/upload/board/2026초등영어원어민교사채용공고(2차).pdf
47,공지사항,689,2026학년도대련한국국제학교초빙교원공고(추가)(1).hwp,hwp,,,listed,http://dkischool.org/upload/board/2026학년도대련한국국제학교초빙교원공고(추가)(1).hwp
47,공지사항,690,2025학년도대련한국국제학교특수시간강사공고.hwp,hwp,,,listed,http://dkischool.org/upload/board/2025학년도대련한국국제학교특수시간강사공고.hwp
47,공지사항,690,2025학년도대련한국국제학교특수시간강사공고.pdf,pdf,,,listed,http://dkischool.org/upload/board/2025학년도대련한국국제학교특수시간강사공고.pdf
47,공지사항,691,2026학년도대련한국국제학교교원초빙추가공고(중등역사1명)).hwp,hwp,,,listed,http://dkischool.org/upload/board/2026학년도대련한국국제학교교원초빙추가공고(중등역사1명)).hwp
47,공지사항,692,2025학년도대련한국국제학교특수기간제또는시간강사공고(연장).hwp,hwp,,,listed,http://dkischool.org/upload/board/2025학년도대련한국국제학교특수기간제또는시간강사공고(연장).hwp
47,공지사항,693,2026학년도유치원원아모집안내문.pdf,pdf,,,listed,http://dkischool.org/upload/board/2026학년도유치원원아모집안내문.pdf
47,공지사항,693,유치원입학지원서.pdf,pdf,,,listed,http://dkischool.org/upload/board/유치원입학지원서.pdf
47,공지사항,694,2026학년도KLA(한국어학습지원)강사모집공고.hwp,hwp,,,listed,http://dkischool.org/upload/board/2026학년도KLA(한국어학습지원)강사모집공고.hwp
47,공지사항,695,2026학년도대련한국국제학교중국어원어민교사채용공고및원서(기간제).docx,docx,,,listed,http://dkischool.org/upload/board/2026학년도대련한국국제학교중국어원어민교사채용공고및원서(기간제).docx
47,공지사항,696,01_인력용역입찰공고(1).pdf,pdf,,,listed,http://dkischool.org/upload/board/01_인력용역입찰공고(1).pdf
47,공지사항,696,02_인력용역특수조건(1).pdf,pdf,,,listed,http://dkischool.org/upload/board/02_인력용역특수조건(1).pdf
47,공지사항,696,03_인력용역입찰제출양식(1).pdf,pdf,,,listed,http://dkischool.org/upload/board/03_인력용역입찰제출양식(1).pdf
47,공지사항,697,01_인력용역입찰공고(2).pdf,pdf,,,listed,http://dkischool.org/upload/board/01_인력용역입찰공고(2).pdf
47,공지사항,697,01_인력용역입찰공고(1).docx,docx,,,listed,http://dkischool.org/upload/board/01_인력용역입찰공고(1).docx
47,공지사항,697,02_인력용역특수조건(3).docx,docx,,,listed,http://dkischool.org/upload/board/02_인력용역특수조건(3).docx
47,공지사항,697,02_인력용역특수조건(2).pdf,pdf,,,listed,http://dkischool.org/upload/board/02_인력용역특수조건(2).pdf
47,공지사항,697,03_인력용역입찰제출양식(3).docx,docx,,,listed,http://dkischool.org/upload/board/03_인력용역입찰제출양식(3).docx
47,공지사항,697,03_인력용역입찰제출양식(2).pdf,pdf,,,listed,http://dkischool.org/upload/board/03_인력용역입찰제출양식(2).pdf
47,공지사항,699,2601282025학년도학교회계추경1회예산(확정).pdf,pdf,,,listed,http://dkischool.org/upload/board/2601282025학년도학교회계추경1회예산(확정).pdf
47,공지사항,700,2601282026학년도세입세출본예산(확정).pdf,pdf,,,listed,http://dkischool.org/upload/board/2601282026학년도세입세출본예산(확정).pdf
47,공지사항,701,2601282026학년도학교발전기금운용계획(확정)(1).pdf,pdf,,,listed,http://dkischool.org/upload/board/2601282026학년도학교발전기금운용계획(확정)(1).pdf
47,공지사항,702,2026학년도1학기유초중등전(편)입생모집요강(3).pdf,pdf,,,listed,http://dkischool.org/upload/board/2026학년도1학기유초중등전(편)입생모집요강(3).pdf
47,공지사항,704,2602271-2(1).학교운영위원회및위원선출안내가정통신문.pdf,pdf,,,listed,http://dkischool.org/upload/board/2602271-2(1).학교운영위원회및위원선출안내가정통신문.pdf
47,공지사항,705,2603032-2(1).가정통신문(학부모위원선출홍보및공고문입후보자등록개인정보동의).pdf,pdf,,,listed,http://dkischool.org/upload/board/2603032-2(1).가정통신문(학부모위원선출홍보및공고문입후보자등록개인정보동의).pdf
47,공지사항,705,2603032-2(1).가정통신문(학부모위원선출홍보및공고문입후보자등록개인정보동의).hwp,hwp,,,listed,http://dkischool.org/upload/board/2603032-2(1).가정통신문(학부모위원선출홍보및공고문입후보자등록개인정보동의).hwp
47,공지사항,706,방과후학교개인위탁프로그램운영제안서(1).hwp,hwp,,,listed,http://dkischool.org/upload/board/방과후학교개인위탁프로그램운영제안서(1).hwp
47,공지사항,707,2025학년도유초등2학기방과후수입정산보고.pdf,pdf,,,listed,http://dkischool.org/upload/board/2025학년도유초등2학기방과후수입정산보고.pdf
47,공지사항,708,2025학년도2학기및겨울방학정산보고.pdf,pdf,,,listed,http://dkischool.org/upload/board/2025학년도2학기및겨울방학정산보고.pdf
47,공지사항,709,붙임1.2026학년도대련한국국제학교초중등테마학습공고문.docx,docx,,,listed,http://dkischool.org/upload/board/붙임1.2026학년도대련한국국제학교초중등테마학습공고문.docx
47,공지사항,709,붙임1.2026학년도대련한국국제학교초중등테마학습공고문.pdf,pdf,,,listed,http://dkischool.org/upload/board/붙임1.2026학년도대련한국국제학교초중등테마학습공고문.pdf
47,공지사항,709,붙임2.2026학년도대련한국국제학교초중등테마학습특수조건.docx,docx,,,listed,http://dkischool.org/upload/board/붙임2.2026학년도대련한국국제학교초중등테마학습특수조건.docx
47,공지사항,709,공고문001001_1.jpg,jpg,,,listed,http://dkischool.org/upload/board/공고문001001_1.jpg
47,공지사항,709,붙임2.2026학년도대련한국국제학교초중등테마학습특수조건.pdf,pdf,,,listed,http://dkischool.org/upload/board/붙임2.2026학년도대련한국국제학교초중등테마학습특수조건.pdf
47,공지사항,709,2025학년도대련한국국제학교초중등테마학습위탁용역입찰공고(HWP).zip,zip,,,listed,http://dkischool.org/upload/board/2025학년도대련한국국제학교초중등테마학습위탁용역입찰공고(HWP).zip
47,공지사항,711,2026학년도특수학급보조강사제출서류.hwp,hwp,,,listed,http://dkischool.org/upload/board/2026학년도특수학급보조강사제출서류.hwp
47,공지사항,711,2026학년도특수학급프로그램보조강사채용공고(0413).hwp,hwp,,,listed,http://dkischool.org/upload/board/2026학년도특수학급프로그램보조강사채용공고(0413).hwp
47,공지사항,711,RecruitmentforSpecialEducationLearningSupportAssistant.hwp,hwp,,,listed,http://dkischool.org/upload/board/RecruitmentforSpecialEducationLearningSupportAssistant.hwp
47,공지사항,712,25회계결산.pdf,pdf,,,listed,http://dkischool.org/upload/board/25회계결산.pdf
47,공지사항,713,25회계학교발전기금결산(1).pdf,pdf,,,listed,http://dkischool.org/upload/board/25회계학교발전기금결산(1).pdf
47,공지사항,714,25회계3-4분기학교발전기금집행공개.pdf,pdf,,,listed,http://dkischool.org/upload/board/25회계3-4분기학교발전기금집행공개.pdf
47,공지사항,715,2026학년도중등현장체험학습정산결과.pdf,pdf,,,listed,http://dkischool.org/upload/board/2026학년도중등현장체험학습정산결과.pdf
47,공지사항,716,2026학년도초등소규모테마형교육여행정산결과.pdf,pdf,,,listed,http://dkischool.org/upload/board/2026학년도초등소규모테마형교육여행정산결과.pdf
47,공지사항,716,가통26-27호2026학년도초등소규모테마형교육여행정산안내.hwp,hwp,,,listed,http://dkischool.org/upload/board/가통26-27호2026학년도초등소규모테마형교육여행정산안내.hwp
47,공지사항,717,2026학년도중등테마학습통합정산서.xlsx,xlsx,,,listed,http://dkischool.org/upload/board/2026학년도중등테마학습통합정산서.xlsx
47,공지사항,717,가통-대련중등26-39호2026학년도중등소규모테마형교육여행경비정산내역및환불안내―1(1)001_1.jpg,jpg,,,listed,http://dkischool.org/upload/board/가통-대련중등26-39호2026학년도중등소규모테마형교육여행경비정산내역및환불안내―1(1)001_1.jpg
47,공지사항,718,[학교프로파일]2026학년도대련한국국제학교_최종확인(캘린더수정).pdf,pdf,,,listed,http://dkischool.org/upload/board/[학교프로파일]2026학년도대련한국국제학교_최종확인(캘린더수정).pdf
47,공지사항,719,[대련한국국제학교(초)스쿨캘린더]2015-2020학년도(수정).pdf,pdf,,,listed,http://dkischool.org/upload/board/[대련한국국제학교(초)스쿨캘린더]2015-2020학년도(수정).pdf
47,공지사항,719,[대련한국국제학교(중)스쿨캘린더]2021-2023학년도(수정).pdf,pdf,,,listed,http://dkischool.org/upload/board/[대련한국국제학교(중)스쿨캘린더]2021-2023학년도(수정).pdf
47,공지사항,719,[대련한국국제학교(고)스쿨캘린더]2024-2026학년도(1).pdf,pdf,,,listed,http://dkischool.org/upload/board/[대련한국국제학교(고)스쿨캘린더]2024-2026학년도(1).pdf
47,공지사항,719,[대련한극국제학교스쿨캘린더초중고]합본_최종수정.pdf,pdf,,,listed,http://dkischool.org/upload/board/[대련한극국제학교스쿨캘린더초중고]합본_최종수정.pdf
47,공지사항,720,2026학년도1학기중등방과후학교정산내역.pdf,pdf,,,listed,http://dkischool.org/upload/board/2026학년도1학기중등방과후학교정산내역.pdf
47,공지사항,721,260410졸업진급평가규정(초중등).hwp,hwp,,,listed,http://dkischool.org/upload/board/260410졸업진급평가규정(초중등).hwp
47,공지사항,722,"260713초등부생활규정,졸업진급평가,포상규정개정.pdf",pdf,,,listed,"http://dkischool.org/upload/board/260713초등부생활규정,졸업진급평가,포상규정개정.pdf"
47,공지사항,723,2026학년도유초등1학기방과후수입정산보고.pdf,pdf,,,listed,http://dkischool.org/upload/board/2026학년도유초등1학기방과후수입정산보고.pdf
47,공지사항,724,붙임1입찰공고문(1).pdf,pdf,,,listed,http://dkischool.org/upload/board/붙임1입찰공고문(1).pdf
47,공지사항,724,붙임2입찰참가신청서(1).docx,docx,,,listed,http://dkischool.org/upload/board/붙임2입찰참가신청서(1).docx
47,공지사항,724,붙임3제안서(1).docx,docx,,,listed,http://dkischool.org/upload/board/붙임3제안서(1).docx
47,공지사항,724,붙임4물량내역(1).xlsx,xlsx,,,listed,http://dkischool.org/upload/board/붙임4물량내역(1).xlsx
47,공지사항,724,붙임5소화전배치도(1).pdf,pdf,,,listed,http://dkischool.org/upload/board/붙임5소화전배치도(1).pdf
47,공지사항,725,연간기부금모금액및활용실적명세서(2).pdf,pdf,,,listed,http://dkischool.org/upload/board/연간기부금모금액및활용실적명세서(2).pdf
47,공지사항,726,2026학년도중등여름방학방과후학교정산내역.pdf,pdf,,,listed,http://dkischool.org/upload/board/2026학년도중등여름방학방과후학교정산내역.pdf
47,공지사항,727,2026학년도2학기특수학급보조강사채용공고(1).hwp,hwp,,,listed,http://dkischool.org/upload/board/2026학년도2학기특수학급보조강사채용공고(1).hwp
47,공지사항,727,2026학년도2학기특수학급보조강사채용공고(중국어).hwpx,hwpx,,,listed,http://dkischool.org/upload/board/2026학년도2학기특수학급보조강사채용공고(중국어).hwpx
47,공지사항,727,2026학년도2학기특수학급보조강사채용공고(영어).hwpx,hwpx,,,listed,http://dkischool.org/upload/board/2026학년도2학기특수학급보조강사채용공고(영어).hwpx
47,공지사항,727,대련한국국제학교특수학급보조강사제출서류.hwp,hwp,,,listed,http://dkischool.org/upload/board/대련한국국제학교특수학급보조강사제출서류.hwp
47,공지사항,728,2026학년도대련한국국제학교시간제교원(초등특수교사)공고.docx,docx,,,listed,http://dkischool.org/upload/board/2026학년도대련한국국제학교시간제교원(초등특수교사)공고.docx
47,공지사항,728,2026학년도대련한국국제학교시간제교원(초등특수교사)공고.hwp,hwp,,,listed,http://dkischool.org/upload/board/2026학년도대련한국국제학교시간제교원(초등특수교사)공고.hwp
47,공지사항,729,2027학년도대련한국국제학교초빙교원채용공고문.hwp,hwp,,,listed,http://dkischool.org/upload/board/2027학년도대련한국국제학교초빙교원채용공고문.hwp
49,졸업생 대학진학 현황,7,TESAT일정.gif,gif,,,listed,http://dkischool.org/upload/board/TESAT일정.gif
49,졸업생 대학진학 현황,25,topik.pdf,pdf,,,listed,http://dkischool.org/upload/board/topik.pdf
49,졸업생 대학진학 현황,65,2014_건국대_대입전형_기본계획.hwp,hwp,,,listed,http://dkischool.org/upload/board/2014_건국대_대입전형_기본계획.hwp
49,졸업생 대학진학 현황,65,2014_단국대_재외국민과_외국인_기본계획(안).pdf,pdf,,,listed,http://dkischool.org/upload/board/2014_단국대_재외국민과_외국인_기본계획(안).pdf
49,졸업생 대학진학 현황,65,2014_덕성여대_재외국민과_외국인_전형일정.hwp,hwp,,,listed,http://dkischool.org/upload/board/2014_덕성여대_재외국민과_외국인_전형일정.hwp
49,졸업생 대학진학 현황,65,2014_동국대-재외국민특별전형_기본계획(안).hwp,hwp,,,listed,http://dkischool.org/upload/board/2014_동국대-재외국민특별전형_기본계획(안).hwp
49,졸업생 대학진학 현황,65,2014_서강대_입시안내.pdf,pdf,,,listed,http://dkischool.org/upload/board/2014_서강대_입시안내.pdf
49,졸업생 대학진학 현황,65,2014_성균관대_재외국민_특별전형_변경사항.pdf,pdf,,,listed,http://dkischool.org/upload/board/2014_성균관대_재외국민_특별전형_변경사항.pdf
49,졸업생 대학진학 현황,65,2014_아주대_재외국민특별전형_전형일정(안).hwp,hwp,,,listed,http://dkischool.org/upload/board/2014_아주대_재외국민특별전형_전형일정(안).hwp
49,졸업생 대학진학 현황,65,2014_이화여대_재외국민과_외국인_전형_주요사항.hwp,hwp,,,listed,http://dkischool.org/upload/board/2014_이화여대_재외국민과_외국인_전형_주요사항.hwp
49,졸업생 대학진학 현황,65,2014_중앙대_재외국민전형(12년)_전형방법_변경안내.hwp,hwp,,,listed,http://dkischool.org/upload/board/2014_중앙대_재외국민전형(12년)_전형방법_변경안내.hwp
49,졸업생 대학진학 현황,65,2014_충북대_대학입학전형_기본계획(공시).pdf,pdf,,,listed,http://dkischool.org/upload/board/2014_충북대_대학입학전형_기본계획(공시).pdf
49,졸업생 대학진학 현황,65,2014_한동대_전형일정안.pdf,pdf,,,listed,http://dkischool.org/upload/board/2014_한동대_전형일정안.pdf
49,졸업생 대학진학 현황,66,2014_인하대_재외국민_주요사항_안내.hwp,hwp,,,listed,http://dkischool.org/upload/board/2014_인하대_재외국민_주요사항_안내.hwp
49,졸업생 대학진학 현황,66,숭실대_2014_재외국민전형_모집요강.pdf,pdf,,,listed,http://dkischool.org/upload/board/숭실대_2014_재외국민전형_모집요강.pdf
49,졸업생 대학진학 현황,66,고려대_2014학년도_입학전형안내[1].pdf,pdf,,,listed,http://dkischool.org/upload/board/고려대_2014학년도_입학전형안내[1].pdf
49,졸업생 대학진학 현황,67,2014_연세대_재외국민모집요강.pdf,pdf,,,listed,http://dkischool.org/upload/board/2014_연세대_재외국민모집요강.pdf
49,졸업생 대학진학 현황,68,2014_고려대_재외국민모집요강.pdf,pdf,,,listed,http://dkischool.org/upload/board/2014_고려대_재외국민모집요강.pdf
49,졸업생 대학진학 현황,69,2014_건국대_재외국민모집요강.pdf,pdf,,,listed,http://dkischool.org/upload/board/2014_건국대_재외국민모집요강.pdf
49,졸업생 대학진학 현황,70,2014_한국외대_재외국민과외국인전형_모집요강1.hwp,hwp,,,listed,http://dkischool.org/upload/board/2014_한국외대_재외국민과외국인전형_모집요강1.hwp
49,졸업생 대학진학 현황,71,2014_홍익대_재외국민전형_모집요강.pdf,pdf,,,listed,http://dkischool.org/upload/board/2014_홍익대_재외국민전형_모집요강.pdf
49,졸업생 대학진학 현황,73,2014_인천대_재외국민(인)요강(안).hwp,hwp,,,listed,http://dkischool.org/upload/board/2014_인천대_재외국민(인)요강(안).hwp
49,졸업생 대학진학 현황,74,2014_숭실대_재외국민전형_모집요강1.pdf,pdf,,,listed,http://dkischool.org/upload/board/2014_숭실대_재외국민전형_모집요강1.pdf
49,졸업생 대학진학 현황,75,2014_전기_서울대_외국인_특별전형_모집요강.hwp,hwp,,,listed,http://dkischool.org/upload/board/2014_전기_서울대_외국인_특별전형_모집요강.hwp
49,졸업생 대학진학 현황,76,2014학년도_부산대_재외국민_모집요강.hwp,hwp,,,listed,http://dkischool.org/upload/board/2014학년도_부산대_재외국민_모집요강.hwp
49,졸업생 대학진학 현황,77,2014_숙명여대_재외국민전형요강.hwp,hwp,,,listed,http://dkischool.org/upload/board/2014_숙명여대_재외국민전형요강.hwp
49,졸업생 대학진학 현황,78,2014_가천대_재외국민_모집요강(최종).hwp,hwp,,,listed,http://dkischool.org/upload/board/2014_가천대_재외국민_모집요강(최종).hwp
49,졸업생 대학진학 현황,78,2014_동국대_재외국민_특별전형_모집요강.hwp,hwp,,,listed,http://dkischool.org/upload/board/2014_동국대_재외국민_특별전형_모집요강.hwp
49,졸업생 대학진학 현황,78,2014_상명대(서울)_재외국민_모집안내(최종).pdf,pdf,,,listed,http://dkischool.org/upload/board/2014_상명대(서울)_재외국민_모집안내(최종).pdf
49,졸업생 대학진학 현황,78,2014_항공대_재외국민전형_모집요강_안내.hwp,hwp,,,listed,http://dkischool.org/upload/board/2014_항공대_재외국민전형_모집요강_안내.hwp
49,졸업생 대학진학 현황,78,2014_경상대_재외국민_모집요강.hwp,hwp,,,listed,http://dkischool.org/upload/board/2014_경상대_재외국민_모집요강.hwp
49,졸업생 대학진학 현황,79,2014__동덕여대_재외국민과외국인전형모집요강.hwp,hwp,,,listed,http://dkischool.org/upload/board/2014__동덕여대_재외국민과외국인전형모집요강.hwp
49,졸업생 대학진학 현황,80,2014학년도_단국대_재외국민과_외국인_특별전형_신입생_모집요강.hwp,hwp,,,listed,http://dkischool.org/upload/board/2014학년도_단국대_재외국민과_외국인_특별전형_신입생_모집요강.hwp
49,졸업생 대학진학 현황,81,2014_서강대_재외국민전형_모집요강.pdf,pdf,,,listed,http://dkischool.org/upload/board/2014_서강대_재외국민전형_모집요강.pdf
49,졸업생 대학진학 현황,82,2014_경희대_재외국민전형_모집요강.hwp,hwp,,,listed,http://dkischool.org/upload/board/2014_경희대_재외국민전형_모집요강.hwp
49,졸업생 대학진학 현황,82,2014학년도_서울여대_재외국민전형__모집요강.hwp,hwp,,,listed,http://dkischool.org/upload/board/2014학년도_서울여대_재외국민전형__모집요강.hwp
49,졸업생 대학진학 현황,82,2014학년도_충북대_재외국민전형_요강.pdf,pdf,,,listed,http://dkischool.org/upload/board/2014학년도_충북대_재외국민전형_요강.pdf
49,졸업생 대학진학 현황,82,2014학년도_서울과기대_재외국민_모집요강.hwp,hwp,,,listed,http://dkischool.org/upload/board/2014학년도_서울과기대_재외국민_모집요강.hwp
49,졸업생 대학진학 현황,83,2014_한동대_재외국민전형_모집요강.pdf,pdf,,,listed,http://dkischool.org/upload/board/2014_한동대_재외국민전형_모집요강.pdf
49,졸업생 대학진학 현황,138,2014진학현황(최종본)_copy.jpg,jpg,,,listed,http://dkischool.org/upload/board/2014진학현황(최종본)_copy.jpg
49,졸업생 대학진학 현황,206,합격현황001.jpg,jpg,,,listed,http://dkischool.org/upload/board/합격현황001.jpg
49,졸업생 대학진학 현황,208,한양대_2016학년도_주요사항_전_과정_해외이수자.pdf,pdf,,,listed,http://dkischool.org/upload/board/한양대_2016학년도_주요사항_전_과정_해외이수자.pdf
49,졸업생 대학진학 현황,208,한양대_2016학년도_주요사항_중고교_해외이수자.pdf,pdf,,,listed,http://dkischool.org/upload/board/한양대_2016학년도_주요사항_중고교_해외이수자.pdf
49,졸업생 대학진학 현황,209,성균관대_2016학년도_재외국민_특별전형_기본계획.pdf,pdf,,,listed,http://dkischool.org/upload/board/성균관대_2016학년도_재외국민_특별전형_기본계획.pdf
49,졸업생 대학진학 현황,210,2016_건양대_재외국민_및_외국인전형_모집요강(2015.1.30).pdf,pdf,,,listed,http://dkischool.org/upload/board/2016_건양대_재외국민_및_외국인전형_모집요강(2015.1.30).pdf
49,졸업생 대학진학 현황,211,2016_단국대_재외국민_특별전형_기본계획.pdf,pdf,,,listed,http://dkischool.org/upload/board/2016_단국대_재외국민_특별전형_기본계획.pdf
49,졸업생 대학진학 현황,212,2016_한동대_재외국민_특별전형_시행계획.pdf,pdf,,,listed,http://dkischool.org/upload/board/2016_한동대_재외국민_특별전형_시행계획.pdf
49,졸업생 대학진학 현황,213,2016__경희대_재외국민특별전형_주요_변경사항(안).pdf,pdf,,,listed,http://dkischool.org/upload/board/2016__경희대_재외국민특별전형_주요_변경사항(안).pdf
49,졸업생 대학진학 현황,214,2016_한동대_재외국민_특별전형_모집요강.pdf,pdf,,,listed,http://dkischool.org/upload/board/2016_한동대_재외국민_특별전형_모집요강.pdf
49,졸업생 대학진학 현황,215,2016_고대_재외국민모집요강(최종본)0420.pdf,pdf,,,listed,http://dkischool.org/upload/board/2016_고대_재외국민모집요강(최종본)0420.pdf
49,졸업생 대학진학 현황,216,2016학년도_경기대_재외국민_전형_모집요강.pdf,pdf,,,listed,http://dkischool.org/upload/board/2016학년도_경기대_재외국민_전형_모집요강.pdf
49,졸업생 대학진학 현황,216,2016학년도_광운대_재외국민_전형_모집요강.pdf,pdf,,,listed,http://dkischool.org/upload/board/2016학년도_광운대_재외국민_전형_모집요강.pdf
49,졸업생 대학진학 현황,216,2016학년도_국민대_재외국민과_외국인전형_모집요강.pdf,pdf,,,listed,http://dkischool.org/upload/board/2016학년도_국민대_재외국민과_외국인전형_모집요강.pdf
49,졸업생 대학진학 현황,216,2016학년도_동국대_재외국민전형_모집요강.pdf,pdf,,,listed,http://dkischool.org/upload/board/2016학년도_동국대_재외국민전형_모집요강.pdf
49,졸업생 대학진학 현황,216,2016학년도_명지대_재외국민_전형_모집요강.pdf,pdf,,,listed,http://dkischool.org/upload/board/2016학년도_명지대_재외국민_전형_모집요강.pdf
49,졸업생 대학진학 현황,216,2016학년도_서강대_재외국민_전형_모집요강.pdf,pdf,,,listed,http://dkischool.org/upload/board/2016학년도_서강대_재외국민_전형_모집요강.pdf
49,졸업생 대학진학 현황,216,2016학년도_성신여대_재외국민과_외국인전형_모집요강.pdf,pdf,,,listed,http://dkischool.org/upload/board/2016학년도_성신여대_재외국민과_외국인전형_모집요강.pdf
49,졸업생 대학진학 현황,216,2016학년도_세종대_재외국민과_외국인전형_모집요강.pdf,pdf,,,listed,http://dkischool.org/upload/board/2016학년도_세종대_재외국민과_외국인전형_모집요강.pdf
49,졸업생 대학진학 현황,216,2016학년도_숙명여대_재외국민특별전형모집요강.pdf,pdf,,,listed,http://dkischool.org/upload/board/2016학년도_숙명여대_재외국민특별전형모집요강.pdf
49,졸업생 대학진학 현황,216,2016학년도_숭실대_재외국민전형_모집요강.pdf,pdf,,,listed,http://dkischool.org/upload/board/2016학년도_숭실대_재외국민전형_모집요강.pdf
49,졸업생 대학진학 현황,216,2016학년도_인하대_재외국민_전형_모집요강.pdf,pdf,,,listed,http://dkischool.org/upload/board/2016학년도_인하대_재외국민_전형_모집요강.pdf
49,졸업생 대학진학 현황,216,2016학년도_차의과대_재외국민과_외국인전형_모집요강.pdf,pdf,,,listed,http://dkischool.org/upload/board/2016학년도_차의과대_재외국민과_외국인전형_모집요강.pdf
49,졸업생 대학진학 현황,216,2016학년도_충북대_재외국민_전형_모집요강.pdf,pdf,,,listed,http://dkischool.org/upload/board/2016학년도_충북대_재외국민_전형_모집요강.pdf
49,졸업생 대학진학 현황,216,2016학년도_포항공대_모집요강.pdf,pdf,,,listed,http://dkischool.org/upload/board/2016학년도_포항공대_모집요강.pdf
49,졸업생 대학진학 현황,216,2016학년도_항공대_재외국민과_외국인_전형_모집요강.pdf,pdf,,,listed,http://dkischool.org/upload/board/2016학년도_항공대_재외국민과_외국인_전형_모집요강.pdf
49,졸업생 대학진학 현황,217,2016학년도_아주대_재외국민전형_모집요강(중고교).pdf,pdf,,,listed,http://dkischool.org/upload/board/2016학년도_아주대_재외국민전형_모집요강(중고교).pdf
49,졸업생 대학진학 현황,217,2016학년도_아주대_재외국민전형_모집요강(12년).pdf,pdf,,,listed,http://dkischool.org/upload/board/2016학년도_아주대_재외국민전형_모집요강(12년).pdf
49,졸업생 대학진학 현황,217,2016학년도_연세대_재외국민_전형_모집요강.pdf,pdf,,,listed,http://dkischool.org/upload/board/2016학년도_연세대_재외국민_전형_모집요강.pdf
49,졸업생 대학진학 현황,217,2016학년도_인제대_재외국민전형_모집요강.pdf,pdf,,,listed,http://dkischool.org/upload/board/2016학년도_인제대_재외국민전형_모집요강.pdf
49,졸업생 대학진학 현황,217,2016학년도_중앙대_재외국민_전형_모집요강.pdf,pdf,,,listed,http://dkischool.org/upload/board/2016학년도_중앙대_재외국민_전형_모집요강.pdf
49,졸업생 대학진학 현황,217,2016학년도_한양대(서울)_재외국민과_외국인전형_모집요강.pdf,pdf,,,listed,http://dkischool.org/upload/board/2016학년도_한양대(서울)_재외국민과_외국인전형_모집요강.pdf
49,졸업생 대학진학 현황,217,2016학년도_한국해양대_재외국민전형_모집요강.pdf,pdf,,,listed,http://dkischool.org/upload/board/2016학년도_한국해양대_재외국민전형_모집요강.pdf
49,졸업생 대학진학 현황,218,2016학년도_인하대_재외국민_전형_모집요강1.pdf,pdf,,,listed,http://dkischool.org/upload/board/2016학년도_인하대_재외국민_전형_모집요강1.pdf
49,졸업생 대학진학 현황,218,2016학년도_동덕여대_재외국민_전형_모집요강.pdf,pdf,,,listed,http://dkischool.org/upload/board/2016학년도_동덕여대_재외국민_전형_모집요강.pdf
49,졸업생 대학진학 현황,218,2016학년도_단국대_재외국민_전형_모집요강.pdf,pdf,,,listed,http://dkischool.org/upload/board/2016학년도_단국대_재외국민_전형_모집요강.pdf
49,졸업생 대학진학 현황,218,2016학년도_건국대_재외국민_전형_모집요강.pdf,pdf,,,listed,http://dkischool.org/upload/board/2016학년도_건국대_재외국민_전형_모집요강.pdf
49,졸업생 대학진학 현황,218,2016학년도_가톨릭대_재외국민과_외국인전형_모집요강.pdf,pdf,,,listed,http://dkischool.org/upload/board/2016학년도_가톨릭대_재외국민과_외국인전형_모집요강.pdf
49,졸업생 대학진학 현황,218,2016학년도_경상대_재외국민_전형_모집요강.pdf,pdf,,,listed,http://dkischool.org/upload/board/2016학년도_경상대_재외국민_전형_모집요강.pdf
49,졸업생 대학진학 현황,219,2016학년도성균관대전기재외국민특별전형모집요강.hwp,hwp,,,listed,http://dkischool.org/upload/board/2016학년도성균관대전기재외국민특별전형모집요강.hwp
49,졸업생 대학진학 현황,219,2016학년도경북대재외국민과외국인특별전형모집요강.pdf,pdf,,,listed,http://dkischool.org/upload/board/2016학년도경북대재외국민과외국인특별전형모집요강.pdf
49,졸업생 대학진학 현황,219,2016학년도상명대재외국민특별전형모집요강.pdf,pdf,,,listed,http://dkischool.org/upload/board/2016학년도상명대재외국민특별전형모집요강.pdf
49,졸업생 대학진학 현황,219,2016학년도삼육대재외국민과외국인전형모집요강.pdf,pdf,,,listed,http://dkischool.org/upload/board/2016학년도삼육대재외국민과외국인전형모집요강.pdf
49,졸업생 대학진학 현황,220,2016학년도이화여대재외국민전형모집요강.pdf,pdf,,,listed,http://dkischool.org/upload/board/2016학년도이화여대재외국민전형모집요강.pdf
49,졸업생 대학진학 현황,220,2016학년도중앙대재외국민전형모집요강(수정사항).pdf,pdf,,,listed,http://dkischool.org/upload/board/2016학년도중앙대재외국민전형모집요강(수정사항).pdf
49,졸업생 대학진학 현황,220,2016학년도대구가톨릭대재외국민과외국인특별전형모집요강.pdf,pdf,,,listed,http://dkischool.org/upload/board/2016학년도대구가톨릭대재외국민과외국인특별전형모집요강.pdf
49,졸업생 대학진학 현황,220,2016학년도경희대재외국민특별전형모집계획(안).pdf,pdf,,,listed,http://dkischool.org/upload/board/2016학년도경희대재외국민특별전형모집계획(안).pdf
49,졸업생 대학진학 현황,220,2016학년도가톨릭관동대재외국민전형모집요강.pdf,pdf,,,listed,http://dkischool.org/upload/board/2016학년도가톨릭관동대재외국민전형모집요강.pdf
49,졸업생 대학진학 현황,220,2016학년도동국대(경주)재외국민전형모집요강.pdf,pdf,,,listed,http://dkischool.org/upload/board/2016학년도동국대(경주)재외국민전형모집요강.pdf
49,졸업생 대학진학 현황,220,2016학년도연세대(원주)재외국민전형모집요강.pdf,pdf,,,listed,http://dkischool.org/upload/board/2016학년도연세대(원주)재외국민전형모집요강.pdf
49,졸업생 대학진학 현황,220,2016학년도상명대(천안)재외국민특별전형모집요강.pdf,pdf,,,listed,http://dkischool.org/upload/board/2016학년도상명대(천안)재외국민특별전형모집요강.pdf
49,졸업생 대학진학 현황,220,2016학년도한성대재외국민과외국인특별전형모집요강.pdf,pdf,,,listed,http://dkischool.org/upload/board/2016학년도한성대재외국민과외국인특별전형모집요강.pdf
49,졸업생 대학진학 현황,315,2018단국대변경사항_1.jpg,jpg,,,listed,http://dkischool.org/upload/board/2018단국대변경사항_1.jpg
49,졸업생 대학진학 현황,316,2018-2019성균관대변경사항_1.jpg,jpg,,,listed,http://dkischool.org/upload/board/2018-2019성균관대변경사항_1.jpg
49,졸업생 대학진학 현황,317,2018학년도주요대학재외국민전형(전교육과정이수자)일정_1.jpg,jpg,,,listed,http://dkischool.org/upload/board/2018학년도주요대학재외국민전형(전교육과정이수자)일정_1.jpg
49,졸업생 대학진학 현황,318,2018학년도입시캘린더(일자)(1).hwp,hwp,,,listed,http://dkischool.org/upload/board/2018학년도입시캘린더(일자)(1).hwp
49,졸업생 대학진학 현황,363,2021학년도이후지원자격변경예고(중고교과정해외이수자)_1.jpg,jpg,,,listed,http://dkischool.org/upload/board/2021학년도이후지원자격변경예고(중고교과정해외이수자)_1.jpg
49,졸업생 대학진학 현황,398,"캠퍼스투어안내(서울,연세,고려대).hwp",hwp,,,listed,"http://dkischool.org/upload/board/캠퍼스투어안내(서울,연세,고려대).hwp"
49,졸업생 대학진학 현황,399,우리학교진학현황(2024년도).hwpx,hwpx,,,listed,http://dkischool.org/upload/board/우리학교진학현황(2024년도).hwpx
74,한글학교 소식,1,한글학교-안내장-1학기(2012).jpg,jpg,,,listed,http://dkischool.org/upload/board/한글학교-안내장-1학기(2012).jpg
74,한글학교 소식,2,한글학교수업참관(서울대한국어교육지도자과정)011.JPG,jpg,,,listed,http://dkischool.org/upload/board/한글학교수업참관(서울대한국어교육지도자과정)011.JPG
74,한글학교 소식,2,한글학교수업참관(서울대한국어교육지도자과정)021.JPG,jpg,,,listed,http://dkischool.org/upload/board/한글학교수업참관(서울대한국어교육지도자과정)021.JPG
74,한글학교 소식,2,한글학교수업참관(서울대한국어교육지도자과정)DSC_04321.JPG,jpg,,,listed,http://dkischool.org/upload/board/한글학교수업참관(서울대한국어교육지도자과정)DSC_04321.JPG
74,한글학교 소식,4,소식지(12.07.07).hwp,hwp,,,listed,http://dkischool.org/upload/board/소식지(12.07.07).hwp
74,한글학교 소식,5,Korean_speech_(2013.11.9).hwp,hwp,,,listed,http://dkischool.org/upload/board/Korean_speech_(2013.11.9).hwp
74,한글학교 소식,6,교육힐링데이_참가_신청서(가통).hwp,hwp,,,listed,http://dkischool.org/upload/board/교육힐링데이_참가_신청서(가통).hwp
74,한글학교 소식,7,2014_Korean_school_schedule1.hwp,hwp,,,listed,http://dkischool.org/upload/board/2014_Korean_school_schedule1.hwp
74,한글학교 소식,8,2학기_한글학교_안내.hwp,hwp,,,listed,http://dkischool.org/upload/board/2학기_한글학교_안내.hwp
74,한글학교 소식,8,2학기_한글학교_안내001.gif,gif,,,listed,http://dkischool.org/upload/board/2학기_한글학교_안내001.gif
74,한글학교 소식,9,2014_한글학교_2학기_운영계획_안내문001.gif,gif,,,listed,http://dkischool.org/upload/board/2014_한글학교_2학기_운영계획_안내문001.gif
74,한글학교 소식,9,2014_한글학교_2학기_운영계획_안내문002.gif,gif,,,listed,http://dkischool.org/upload/board/2014_한글학교_2학기_운영계획_안내문002.gif
74,한글학교 소식,10,15-0307-한글학교_운영_안내문(배부)001.gif,gif,,,listed,http://dkischool.org/upload/board/15-0307-한글학교_운영_안내문(배부)001.gif
74,한글학교 소식,10,15-0307-한글학교_운영_안내문(배부)002.gif,gif,,,listed,http://dkischool.org/upload/board/15-0307-한글학교_운영_안내문(배부)002.gif
74,한글학교 소식,11,gva000001e40001.jpg,jpg,,,listed,http://dkischool.org/upload/board/gva000001e40001.jpg
74,한글학교 소식,11,gva000001e40002.jpg,jpg,,,listed,http://dkischool.org/upload/board/gva000001e40002.jpg
74,한글학교 소식,12,대련한글17-01호001_1.jpg,jpg,,,listed,http://dkischool.org/upload/board/대련한글17-01호001_1.jpg
74,한글학교 소식,13,대련한글17-02호001_1.jpg,jpg,,,listed,http://dkischool.org/upload/board/대련한글17-02호001_1.jpg
74,한글학교 소식,14,gva0000099c0001.jpg,jpg,,,listed,http://dkischool.org/upload/board/gva0000099c0001.jpg
74,한글학교 소식,14,gva0000099c0002.jpg,jpg,,,listed,http://dkischool.org/upload/board/gva0000099c0002.jpg
74,한글학교 소식,15,대련한글학교18-012018학년도한글학교운영계획-중국어.hwp,hwp,,,listed,http://dkischool.org/upload/board/대련한글학교18-012018학년도한글학교운영계획-중국어.hwp
74,한글학교 소식,15,2018학년도한글학교운영안내.hwp,hwp,,,listed,http://dkischool.org/upload/board/2018학년도한글학교운영안내.hwp
74,한글학교 소식,16,대련한글학교18-012018학년도한글학교모집공고(1).hwp,hwp,,,listed,http://dkischool.org/upload/board/대련한글학교18-012018학년도한글학교모집공고(1).hwp
74,한글학교 소식,16,2018한글학교운영안내(중국어).hwp,hwp,,,listed,http://dkischool.org/upload/board/2018한글학교운영안내(중국어).hwp
74,한글학교 소식,16,입(재)학원서(중국어).hwp,hwp,,,listed,http://dkischool.org/upload/board/입(재)학원서(중국어).hwp
74,한글학교 소식,16,2018학년도한글학교운영안내(1).hwp,hwp,,,listed,http://dkischool.org/upload/board/2018학년도한글학교운영안내(1).hwp
74,한글학교 소식,17,2018학년도2학기한글학교운영안내.hwp,hwp,,,listed,http://dkischool.org/upload/board/2018학년도2학기한글학교운영안내.hwp
79,도서실 공지사항,3,학부모명예사서_명단.xls,xls,,,listed,http://dkischool.org/upload/board/학부모명예사서_명단.xls
79,도서실 공지사항,4,학생명예사서_팀별조직및_주의사항.xls,xls,,,listed,http://dkischool.org/upload/board/학생명예사서_팀별조직및_주의사항.xls
79,도서실 공지사항,5,영어(RGW)도서목록.xls,xls,,,listed,http://dkischool.org/upload/board/영어(RGW)도서목록.xls
79,도서실 공지사항,6,중국어도서목록(최종).xls,xls,,,listed,http://dkischool.org/upload/board/중국어도서목록(최종).xls
79,도서실 공지사항,7,영어5.JPG,jpg,,,listed,http://dkischool.org/upload/board/영어5.JPG
79,도서실 공지사항,9,성교육.xls,xls,,,listed,http://dkischool.org/upload/board/성교육.xls
79,도서실 공지사항,10,한국십진분류법2.doc,doc,,,listed,http://dkischool.org/upload/board/한국십진분류법2.doc
79,도서실 공지사항,11,제12-20호_여름방학_책과함께_떠나는_독서여행.hwp,hwp,,,listed,http://dkischool.org/upload/board/제12-20호_여름방학_책과함께_떠나는_독서여행.hwp
79,도서실 공지사항,12,제12_-_76호_여름방학책과함께떠나는독서여행_계획안.hwp,hwp,,,listed,http://dkischool.org/upload/board/제12_-_76호_여름방학책과함께떠나는독서여행_계획안.hwp
79,도서실 공지사항,14,책과함께_떠나는_독서여행_가정통신문.hwp,hwp,,,listed,http://dkischool.org/upload/board/책과함께_떠나는_독서여행_가정통신문.hwp
79,도서실 공지사항,19,크기변환_IMG_20120807_084654.jpg,jpg,,,listed,http://dkischool.org/upload/board/크기변환_IMG_20120807_084654.jpg
79,도서실 공지사항,19,크기변환_IMG_20120807_135933.jpg,jpg,,,listed,http://dkischool.org/upload/board/크기변환_IMG_20120807_135933.jpg
79,도서실 공지사항,19,크기변환_IMG_20120807_135958.jpg,jpg,,,listed,http://dkischool.org/upload/board/크기변환_IMG_20120807_135958.jpg
79,도서실 공지사항,19,크기변환_IMG_20120807_140013.jpg,jpg,,,listed,http://dkischool.org/upload/board/크기변환_IMG_20120807_140013.jpg
79,도서실 공지사항,19,크기변환_IMG_20120807_153102.jpg,jpg,,,listed,http://dkischool.org/upload/board/크기변환_IMG_20120807_153102.jpg
79,도서실 공지사항,20,크기변환_IMG_20120807_160109.jpg,jpg,,,listed,http://dkischool.org/upload/board/크기변환_IMG_20120807_160109.jpg
79,도서실 공지사항,20,크기변환_IMG_20120808_085141.jpg,jpg,,,listed,http://dkischool.org/upload/board/크기변환_IMG_20120808_085141.jpg
79,도서실 공지사항,20,크기변환_IMG_20120808_085158.jpg,jpg,,,listed,http://dkischool.org/upload/board/크기변환_IMG_20120808_085158.jpg
79,도서실 공지사항,20,크기변환_IMG_20120808_143355.jpg,jpg,,,listed,http://dkischool.org/upload/board/크기변환_IMG_20120808_143355.jpg
79,도서실 공지사항,21,크기변환_IMG_20120808_143403.jpg,jpg,,,listed,http://dkischool.org/upload/board/크기변환_IMG_20120808_143403.jpg
79,도서실 공지사항,21,크기변환_IMG_20120808_143417.jpg,jpg,,,listed,http://dkischool.org/upload/board/크기변환_IMG_20120808_143417.jpg
79,도서실 공지사항,21,크기변환_IMG_20120808_152044.jpg,jpg,,,listed,http://dkischool.org/upload/board/크기변환_IMG_20120808_152044.jpg
79,도서실 공지사항,21,크기변환_IMG_20120808_160104.jpg,jpg,,,listed,http://dkischool.org/upload/board/크기변환_IMG_20120808_160104.jpg
79,도서실 공지사항,21,크기변환_IMG_20120808_160407.jpg,jpg,,,listed,http://dkischool.org/upload/board/크기변환_IMG_20120808_160407.jpg
79,도서실 공지사항,22,크기변환_IMG_20120808_161732.jpg,jpg,,,listed,http://dkischool.org/upload/board/크기변환_IMG_20120808_161732.jpg
79,도서실 공지사항,22,크기변환_IMG_20120809_102630.jpg,jpg,,,listed,http://dkischool.org/upload/board/크기변환_IMG_20120809_102630.jpg
79,도서실 공지사항,22,크기변환_IMG_20120809_133758.jpg,jpg,,,listed,http://dkischool.org/upload/board/크기변환_IMG_20120809_133758.jpg
79,도서실 공지사항,22,크기변환_IMG_20120809_151008.jpg,jpg,,,listed,http://dkischool.org/upload/board/크기변환_IMG_20120809_151008.jpg
79,도서실 공지사항,22,크기변환_IMG_20120809_153225.jpg,jpg,,,listed,http://dkischool.org/upload/board/크기변환_IMG_20120809_153225.jpg
79,도서실 공지사항,22,크기변환_IMG_20120809_153447.jpg,jpg,,,listed,http://dkischool.org/upload/board/크기변환_IMG_20120809_153447.jpg
79,도서실 공지사항,23,크기변환_IMG_20120809_160643.jpg,jpg,,,listed,http://dkischool.org/upload/board/크기변환_IMG_20120809_160643.jpg
79,도서실 공지사항,23,크기변환_IMG_20120809_161222.jpg,jpg,,,listed,http://dkischool.org/upload/board/크기변환_IMG_20120809_161222.jpg
79,도서실 공지사항,23,크기변환_IMG_20120810_152136.jpg,jpg,,,listed,http://dkischool.org/upload/board/크기변환_IMG_20120810_152136.jpg
79,도서실 공지사항,23,크기변환_IMG_20120810_153210.jpg,jpg,,,listed,http://dkischool.org/upload/board/크기변환_IMG_20120810_153210.jpg
79,도서실 공지사항,23,크기변환_IMG_20120810_154450.jpg,jpg,,,listed,http://dkischool.org/upload/board/크기변환_IMG_20120810_154450.jpg
79,도서실 공지사항,23,크기변환_IMG_20120810_154610.jpg,jpg,,,listed,http://dkischool.org/upload/board/크기변환_IMG_20120810_154610.jpg
79,도서실 공지사항,23,크기변환_IMG_20120810_154718.jpg,jpg,,,listed,http://dkischool.org/upload/board/크기변환_IMG_20120810_154718.jpg
79,도서실 공지사항,26,1학년_추천도서_목록.hwp,hwp,,,listed,http://dkischool.org/upload/board/1학년_추천도서_목록.hwp
79,도서실 공지사항,26,2학년_추천도서목록1.hwp,hwp,,,listed,http://dkischool.org/upload/board/2학년_추천도서목록1.hwp
79,도서실 공지사항,26,3학년_추천도서_목록.hwp,hwp,,,listed,http://dkischool.org/upload/board/3학년_추천도서_목록.hwp
79,도서실 공지사항,26,4학년_추천도서목록.hwp,hwp,,,listed,http://dkischool.org/upload/board/4학년_추천도서목록.hwp
79,도서실 공지사항,26,5학년_추천도서목록9.hwp,hwp,,,listed,http://dkischool.org/upload/board/5학년_추천도서목록9.hwp
79,도서실 공지사항,26,6학년_추천도서목록.hwp,hwp,,,listed,http://dkischool.org/upload/board/6학년_추천도서목록.hwp
79,도서실 공지사항,27,2012년중등추천도서.xls,xls,,,listed,http://dkischool.org/upload/board/2012년중등추천도서.xls
79,도서실 공지사항,28,기증도서목록.xls,xls,,,listed,http://dkischool.org/upload/board/기증도서목록.xls
79,도서실 공지사항,29,고운_모습으로_살고_싶습니다.doc,doc,,,listed,http://dkischool.org/upload/board/고운_모습으로_살고_싶습니다.doc
79,도서실 공지사항,32,2012_학년도_겨울방학중_독서_캠프계획.hwp,hwp,,,listed,http://dkischool.org/upload/board/2012_학년도_겨울방학중_독서_캠프계획.hwp
79,도서실 공지사항,33,2012년겨울방학도서관개방시간.hwp,hwp,,,listed,http://dkischool.org/upload/board/2012년겨울방학도서관개방시간.hwp
79,도서실 공지사항,35,2013년_초등_골든벨도서_리스트.xlsx,xlsx,,,listed,http://dkischool.org/upload/board/2013년_초등_골든벨도서_리스트.xlsx
79,도서실 공지사항,38,중학생_권장도서(2013).xls,xls,,,listed,http://dkischool.org/upload/board/중학생_권장도서(2013).xls
79,도서실 공지사항,42,"교과서수록도서목록1,2학기.xls",xls,,,listed,"http://dkischool.org/upload/board/교과서수록도서목록1,2학기.xls"
79,도서실 공지사항,44,속담을_몸으로_말해봐.hwp,hwp,,,listed,http://dkischool.org/upload/board/속담을_몸으로_말해봐.hwp
79,도서실 공지사항,44,속담_100개.hwp,hwp,,,listed,http://dkischool.org/upload/board/속담_100개.hwp
79,도서실 공지사항,47,추천도서(2014년_겨울방학).hwp,hwp,,,listed,http://dkischool.org/upload/board/추천도서(2014년_겨울방학).hwp
79,도서실 공지사항,61,새로들어온자료-CD.xls,xls,,,listed,http://dkischool.org/upload/board/새로들어온자료-CD.xls
79,도서실 공지사항,61,"새로들어온책-아동,유아183권(0828).xls",xls,,,listed,"http://dkischool.org/upload/board/새로들어온책-아동,유아183권(0828).xls"
79,도서실 공지사항,61,"새로들어온책-청소년,일반139권(0828).xls",xls,,,listed,"http://dkischool.org/upload/board/새로들어온책-청소년,일반139권(0828).xls"
79,도서실 공지사항,61,정기간행물.hwp,hwp,,,listed,http://dkischool.org/upload/board/정기간행물.hwp
79,도서실 공지사항,63,인천중앙도서관.xls,xls,,,listed,http://dkischool.org/upload/board/인천중앙도서관.xls
79,도서실 공지사항,64,2001년이전유아동557권.xls,xls,,,listed,http://dkischool.org/upload/board/2001년이전유아동557권.xls
79,도서실 공지사항,64,2001년이전청소년124권.xls,xls,,,listed,http://dkischool.org/upload/board/2001년이전청소년124권.xls
79,도서실 공지사항,69,2025부산시민도서관기증도서목록(1).xlsx,xlsx,,,listed,http://dkischool.org/upload/board/2025부산시민도서관기증도서목록(1).xlsx
79,도서실 공지사항,71,2025년9월신간도서목록.xlsx,xlsx,,,listed,http://dkischool.org/upload/board/2025년9월신간도서목록.xlsx
79,도서실 공지사항,72,2026하계방학중도서관이용안내.pdf,pdf,,,listed,http://dkischool.org/upload/board/2026하계방학중도서관이용안내.pdf
79,도서실 공지사항,72,2026하계방학중도서관이용안내_1.jpg,jpg,,,listed,http://dkischool.org/upload/board/2026하계방학중도서관이용안내_1.jpg
81,도서신청 및 기타,1,꽃그늘아래서책을읽다_1.jpg,jpg,,,listed,http://dkischool.org/upload/board/꽃그늘아래서책을읽다_1.jpg
81,도서신청 및 기타,2,읽을수록더읽고싶어진다_1.jpg,jpg,,,listed,http://dkischool.org/upload/board/읽을수록더읽고싶어진다_1.jpg
81,도서신청 및 기타,3,지식의바다!.jpg,jpg,,,listed,http://dkischool.org/upload/board/지식의바다!.jpg
81,도서신청 및 기타,5,변환_다항께읽어요_1.jpg,jpg,,,listed,http://dkischool.org/upload/board/변환_다항께읽어요_1.jpg
81,도서신청 및 기타,6,변환_그냥읽기만해요_2.jpg,jpg,,,listed,http://dkischool.org/upload/board/변환_그냥읽기만해요_2.jpg
81,도서신청 및 기타,7,변환_좋아하는책을읽어요_2.jpg,jpg,,,listed,http://dkischool.org/upload/board/변환_좋아하는책을읽어요_2.jpg
81,도서신청 및 기타,8,IMG_0998_resize_1.jpg,jpg,,,listed,http://dkischool.org/upload/board/IMG_0998_resize_1.jpg
81,도서신청 및 기타,9,IMG_0994_resize_1.jpg,jpg,,,listed,http://dkischool.org/upload/board/IMG_0994_resize_1.jpg
81,도서신청 및 기타,10,IMG_1005_resize_1.jpg,jpg,,,listed,http://dkischool.org/upload/board/IMG_1005_resize_1.jpg
81,도서신청 및 기타,11,IMG_1001_resize_1.jpg,jpg,,,listed,http://dkischool.org/upload/board/IMG_1001_resize_1.jpg
81,도서신청 및 기타,12,IMG_1100_resize_2.jpg,jpg,,,listed,http://dkischool.org/upload/board/IMG_1100_resize_2.jpg
81,도서신청 및 기타,13,IMG_1045_resize_1.jpg,jpg,,,listed,http://dkischool.org/upload/board/IMG_1045_resize_1.jpg
81,도서신청 및 기타,14,IMG_1009_resize_1.jpg,jpg,,,listed,http://dkischool.org/upload/board/IMG_1009_resize_1.jpg
81,도서신청 및 기타,15,IMG_1013_resize_1.jpg,jpg,,,listed,http://dkischool.org/upload/board/IMG_1013_resize_1.jpg
81,도서신청 및 기타,16,pt2017_05_22_20_07_1500_2.jpg,jpg,,,listed,http://dkischool.org/upload/board/pt2017_05_22_20_07_1500_2.jpg
81,도서신청 및 기타,17,WeChatImage_20170523151544_1.jpg,jpg,,,listed,http://dkischool.org/upload/board/WeChatImage_20170523151544_1.jpg
81,도서신청 및 기타,18,WeChatImage_20170523151553_1.jpg,jpg,,,listed,http://dkischool.org/upload/board/WeChatImage_20170523151553_1.jpg
81,도서신청 및 기타,19,WeChatImage_20170523151601_1.jpg,jpg,,,listed,http://dkischool.org/upload/board/WeChatImage_20170523151601_1.jpg
81,도서신청 및 기타,20,20170508_183534_1.jpg,jpg,,,listed,http://dkischool.org/upload/board/20170508_183534_1.jpg
81,도서신청 및 기타,21,오명신명숙_1.jpg,jpg,,,listed,http://dkischool.org/upload/board/오명신명숙_1.jpg
81,도서신청 및 기타,22,20170530_171339_1.jpg,jpg,,,listed,http://dkischool.org/upload/board/20170530_171339_1.jpg
81,도서신청 및 기타,22,20170530_171355_1.jpg,jpg,,,listed,http://dkischool.org/upload/board/20170530_171355_1.jpg
81,도서신청 및 기타,23,reDSC_4481_1.jpg,jpg,,,listed,http://dkischool.org/upload/board/reDSC_4481_1.jpg
81,도서신청 및 기타,24,re강성진_1.jpg,jpg,,,listed,http://dkischool.org/upload/board/re강성진_1.jpg
81,도서신청 및 기타,25,re고건우_1.jpg,jpg,,,listed,http://dkischool.org/upload/board/re고건우_1.jpg
81,도서신청 및 기타,26,re김연희강성진_1.jpg,jpg,,,listed,http://dkischool.org/upload/board/re김연희강성진_1.jpg
81,도서신청 및 기타,27,re김태린_1.jpg,jpg,,,listed,http://dkischool.org/upload/board/re김태린_1.jpg
81,도서신청 및 기타,28,re박동인_1.jpg,jpg,,,listed,http://dkischool.org/upload/board/re박동인_1.jpg
81,도서신청 및 기타,29,re박시우_1.jpg,jpg,,,listed,http://dkischool.org/upload/board/re박시우_1.jpg
81,도서신청 및 기타,30,re봉민서2_1.jpg,jpg,,,listed,http://dkischool.org/upload/board/re봉민서2_1.jpg
81,도서신청 및 기타,31,re오명신_1.jpg,jpg,,,listed,http://dkischool.org/upload/board/re오명신_1.jpg
81,도서신청 및 기타,32,re이주영_1.jpg,jpg,,,listed,http://dkischool.org/upload/board/re이주영_1.jpg
81,도서신청 및 기타,33,re임병재_1.jpg,jpg,,,listed,http://dkischool.org/upload/board/re임병재_1.jpg
81,도서신청 및 기타,34,re장지훈_1.jpg,jpg,,,listed,http://dkischool.org/upload/board/re장지훈_1.jpg
81,도서신청 및 기타,35,re한지은_1.jpg,jpg,,,listed,http://dkischool.org/upload/board/re한지은_1.jpg
94,교육계획서,2,현장체험활동계획신청서-보고서1.hwp,hwp,,,listed,http://dkischool.org/upload/board/현장체험활동계획신청서-보고서1.hwp
94,교육계획서,4,운영보고서_최종.pdf,pdf,,,listed,http://dkischool.org/upload/board/운영보고서_최종.pdf
94,교육계획서,10,2019학년도대련한국국제학교교육계획서.pdf,pdf,,,listed,http://dkischool.org/upload/board/2019학년도대련한국국제학교교육계획서.pdf
94,교육계획서,11,2020학년도대련한국국제학교교육계획서(20200527)011.pdf,pdf,,,listed,http://dkischool.org/upload/board/2020학년도대련한국국제학교교육계획서(20200527)011.pdf
94,교육계획서,12,2021학년도대련한국국제학교교육계획서(업로드용).pdf,pdf,,,listed,http://dkischool.org/upload/board/2021학년도대련한국국제학교교육계획서(업로드용).pdf
94,교육계획서,13,2022학년도대련한국국제학교교육계획서.pdf,pdf,,,listed,http://dkischool.org/upload/board/2022학년도대련한국국제학교교육계획서.pdf
94,교육계획서,14,2023학년도대련힌국국제학교교육계획서.pdf,pdf,,,listed,http://dkischool.org/upload/board/2023학년도대련힌국국제학교교육계획서.pdf
96,학교규정집,1,학칙.pdf,pdf,,,listed,http://dkischool.org/upload/board/학칙.pdf
96,학교규정집,2,학교시설_및_부대물품_이용_규칙.pdf,pdf,,,listed,http://dkischool.org/upload/board/학교시설_및_부대물품_이용_규칙.pdf
96,학교규정집,3,학교운영위원회_규정.pdf,pdf,,,listed,http://dkischool.org/upload/board/학교운영위원회_규정.pdf
96,학교규정집,4,신입학_및_편입학_규정.pdf,pdf,,,listed,http://dkischool.org/upload/board/신입학_및_편입학_규정.pdf
96,학교규정집,5,졸업진급사정규정.pdf,pdf,,,listed,http://dkischool.org/upload/board/졸업진급사정규정.pdf
96,학교규정집,6,학업성적관리_규정.pdf,pdf,,,listed,http://dkischool.org/upload/board/학업성적관리_규정.pdf
96,학교규정집,7,중등부_학급_정부회장_임명.pdf,pdf,,,listed,http://dkischool.org/upload/board/중등부_학급_정부회장_임명.pdf
96,학교규정집,8,중등부학생회규정.pdf,pdf,,,listed,http://dkischool.org/upload/board/중등부학생회규정.pdf
96,학교규정집,9,초등부전교어린이회칙.pdf,pdf,,,listed,http://dkischool.org/upload/board/초등부전교어린이회칙.pdf
96,학교규정집,10,중등부_생활규정.pdf,pdf,,,listed,http://dkischool.org/upload/board/중등부_생활규정.pdf
96,학교규정집,11,중등부_선도규정.pdf,pdf,,,listed,http://dkischool.org/upload/board/중등부_선도규정.pdf
96,학교규정집,12,초등부_생활규정.pdf,pdf,,,listed,http://dkischool.org/upload/board/초등부_생활규정.pdf
96,학교규정집,13,학교폭력에_관한_처리_규정.pdf,pdf,,,listed,http://dkischool.org/upload/board/학교폭력에_관한_처리_규정.pdf
96,학교규정집,14,학생_용의_복장_규정1.pdf,pdf,,,listed,http://dkischool.org/upload/board/학생_용의_복장_규정1.pdf
96,학교규정집,15,학생포상규정(초중등).pdf,pdf,,,listed,http://dkischool.org/upload/board/학생포상규정(초중등).pdf
96,학교규정집,17,입학금_및_수업료_징수환불_규정.pdf,pdf,,,listed,http://dkischool.org/upload/board/입학금_및_수업료_징수환불_규정.pdf
96,학교규정집,18,제증명_발급_수수료_징수_규정.pdf,pdf,,,listed,http://dkischool.org/upload/board/제증명_발급_수수료_징수_규정.pdf
96,학교규정집,19,이사회_정관_개정(14.1).hwp,hwp,,,listed,http://dkischool.org/upload/board/이사회_정관_개정(14.1).hwp
96,학교규정집,20,입학금_및_수업료_규정_개정(2014년).hwp,hwp,,,listed,http://dkischool.org/upload/board/입학금_및_수업료_규정_개정(2014년).hwp
96,학교규정집,21,대련-학교시설_이용규칙(121.hwp,hwp,,,listed,http://dkischool.org/upload/board/대련-학교시설_이용규칙(121.hwp
96,학교규정집,22,(규정)학교폭력에관한처리규정-개정(20140625).hwp,hwp,,,listed,http://dkischool.org/upload/board/(규정)학교폭력에관한처리규정-개정(20140625).hwp
96,학교규정집,23,중등부_생활_규정_및_용의복장_규정.hwp,hwp,,,listed,http://dkischool.org/upload/board/중등부_생활_규정_및_용의복장_규정.hwp
96,학교규정집,24,중등부_선도_규정.hwp,hwp,,,listed,http://dkischool.org/upload/board/중등부_선도_규정.hwp
96,학교규정집,25,2018대련한국국제학교규정집.hwp,hwp,,,listed,http://dkischool.org/upload/board/2018대련한국국제학교규정집.hwp
96,학교규정집,26,중등생활규정.hwp,hwp,,,listed,http://dkischool.org/upload/board/중등생활규정.hwp
96,학교규정집,26,중등선도규정.hwp,hwp,,,listed,http://dkischool.org/upload/board/중등선도규정.hwp
96,학교규정집,27,원어민복무규정개정_2018(2).09.10.hwp,hwp,,,listed,http://dkischool.org/upload/board/원어민복무규정개정_2018(2).09.10.hwp
96,학교규정집,28,개정학칙(2018.09.13)001.bmp,bmp,,,listed,http://dkischool.org/upload/board/개정학칙(2018.09.13)001.bmp
96,학교규정집,28,개정학칙(2018.09.13)002.bmp,bmp,,,listed,http://dkischool.org/upload/board/개정학칙(2018.09.13)002.bmp
96,학교규정집,28,개정학칙(2018.09.13)003.bmp,bmp,,,listed,http://dkischool.org/upload/board/개정학칙(2018.09.13)003.bmp
96,학교규정집,28,개정학칙(2018.09.13)004.bmp,bmp,,,listed,http://dkischool.org/upload/board/개정학칙(2018.09.13)004.bmp
96,학교규정집,28,개정학칙(2018.09.13)005.bmp,bmp,,,listed,http://dkischool.org/upload/board/개정학칙(2018.09.13)005.bmp
96,학교규정집,28,개정학칙(2018.09.13)006.bmp,bmp,,,listed,http://dkischool.org/upload/board/개정학칙(2018.09.13)006.bmp
